run,split,seed_index,connection,household,settlement_chf
fair_leg,validation,0,0,tenant,-14.142488479614258
fair_leg,validation,0,1,tenant,-14.498015403747559
fair_leg,validation,0,2,tenant,-15.257240295410156
fair_leg,validation,0,3,tenant,-11.886449813842773
fair_leg,validation,0,4,tenant,-14.080035209655762
fair_leg,validation,0,5,tenant,-14.37942886352539
fair_leg,validation,0,6,pv_only,-0.42701876163482666
fair_leg,validation,0,7,pv_battery,27.12466049194336
fair_leg,validation,0,8,pv_battery,40.22810363769531
fair_leg,validation,0,9,pv_battery,48.95081329345703
fair_leg,validation,0,10,pv_only,-7.6439433097839355
fair_leg,validation,0,11,pv_battery,44.27345275878906
fair_leg,validation,0,12,large_flex,-20.361536026000977
fair_leg,validation,0,13,large_flex,38.831668853759766
fair_leg,validation,0,14,large_flex,40.85259246826172
fair_leg,validation,0,15,pv_battery,33.27674865722656
fair_leg,validation,0,16,pv_battery,47.363433837890625
fair_leg,validation,0,17,large_flex,9.32461929321289
fair_leg,validation,1,0,tenant,-13.915787696838379
fair_leg,validation,1,1,tenant,-15.562396049499512
fair_leg,validation,1,2,tenant,-13.732006072998047
fair_leg,validation,1,3,tenant,-14.843624114990234
fair_leg,validation,1,4,tenant,-14.395733833312988
fair_leg,validation,1,5,tenant,-12.628546714782715
fair_leg,validation,1,6,pv_only,36.29503631591797
fair_leg,validation,1,7,pv_battery,6.582920074462891
fair_leg,validation,1,8,pv_battery,7.810283660888672
fair_leg,validation,1,9,pv_battery,16.427093505859375
fair_leg,validation,1,10,pv_only,15.879602432250977
fair_leg,validation,1,11,pv_battery,56.25209045410156
fair_leg,validation,1,12,large_flex,-21.5903377532959
fair_leg,validation,1,13,large_flex,32.299598693847656
fair_leg,validation,1,14,large_flex,50.99781036376953
fair_leg,validation,1,15,pv_battery,39.14556884765625
fair_leg,validation,1,16,pv_battery,-1.2477891445159912
fair_leg,validation,1,17,large_flex,53.648773193359375
fair_leg,validation,2,0,tenant,-13.320418357849121
fair_leg,validation,2,1,tenant,-14.510509490966797
fair_leg,validation,2,2,tenant,-14.46400260925293
fair_leg,validation,2,3,tenant,-15.198542594909668
fair_leg,validation,2,4,tenant,-13.71603775024414
fair_leg,validation,2,5,tenant,-14.557985305786133
fair_leg,validation,2,6,pv_only,10.83641529083252
fair_leg,validation,2,7,pv_battery,36.97282409667969
fair_leg,validation,2,8,pv_battery,39.992958068847656
fair_leg,validation,2,9,pv_battery,49.95439147949219
fair_leg,validation,2,10,pv_only,41.463958740234375
fair_leg,validation,2,11,pv_battery,1.2664555311203003
fair_leg,validation,2,12,large_flex,46.47046661376953
fair_leg,validation,2,13,large_flex,47.06441116333008
fair_leg,validation,2,14,large_flex,32.79606246948242
fair_leg,validation,2,15,pv_battery,52.34211349487305
fair_leg,validation,2,16,pv_battery,22.372547149658203
fair_leg,validation,2,17,large_flex,18.079599380493164
fair_leg,validation,3,0,tenant,-13.18414306640625
fair_leg,validation,3,1,tenant,-12.154464721679688
fair_leg,validation,3,2,tenant,-15.192878723144531
fair_leg,validation,3,3,tenant,-14.957902908325195
fair_leg,validation,3,4,tenant,-14.911029815673828
fair_leg,validation,3,5,tenant,-14.758279800415039
fair_leg,validation,3,6,pv_only,10.38094711303711
fair_leg,validation,3,7,pv_battery,59.65156555175781
fair_leg,validation,3,8,pv_battery,50.466026306152344
fair_leg,validation,3,9,pv_battery,55.463478088378906
fair_leg,validation,3,10,pv_only,30.832223892211914
fair_leg,validation,3,11,pv_battery,35.869285583496094
fair_leg,validation,3,12,large_flex,36.932525634765625
fair_leg,validation,3,13,large_flex,54.637969970703125
fair_leg,validation,3,14,large_flex,4.537549018859863
fair_leg,validation,3,15,pv_battery,56.508522033691406
fair_leg,validation,3,16,pv_battery,6.021183967590332
fair_leg,validation,3,17,large_flex,-0.4246702194213867
fair_leg,validation,4,0,tenant,-14.851258277893066
fair_leg,validation,4,1,tenant,-13.49183464050293
fair_leg,validation,4,2,tenant,-15.142931938171387
fair_leg,validation,4,3,tenant,-13.96247673034668
fair_leg,validation,4,4,tenant,-14.477272033691406
fair_leg,validation,4,5,tenant,-13.87173843383789
fair_leg,validation,4,6,pv_only,5.866170406341553
fair_leg,validation,4,7,pv_battery,28.57707405090332
fair_leg,validation,4,8,pv_battery,47.250877380371094
fair_leg,validation,4,9,pv_battery,38.54743957519531
fair_leg,validation,4,10,pv_only,35.549652099609375
fair_leg,validation,4,11,pv_battery,8.68371868133545
fair_leg,validation,4,12,large_flex,60.00409698486328
fair_leg,validation,4,13,large_flex,7.502187728881836
fair_leg,validation,4,14,large_flex,25.549930572509766
fair_leg,validation,4,15,pv_battery,56.79823684692383
fair_leg,validation,4,16,pv_battery,39.163780212402344
fair_leg,validation,4,17,large_flex,47.053802490234375
fair_leg,validation,5,0,tenant,-13.662338256835938
fair_leg,validation,5,1,tenant,-14.26252555847168
fair_leg,validation,5,2,tenant,-14.772125244140625
fair_leg,validation,5,3,tenant,-11.741202354431152
fair_leg,validation,5,4,tenant,-14.457818031311035
fair_leg,validation,5,5,tenant,-14.39208698272705
fair_leg,validation,5,6,pv_only,24.59178352355957
fair_leg,validation,5,7,pv_battery,56.88173294067383
fair_leg,validation,5,8,pv_battery,23.427452087402344
fair_leg,validation,5,9,pv_battery,12.415855407714844
fair_leg,validation,5,10,pv_only,38.71412658691406
fair_leg,validation,5,11,pv_battery,13.883807182312012
fair_leg,validation,5,12,large_flex,37.98698425292969
fair_leg,validation,5,13,large_flex,40.9410400390625
fair_leg,validation,5,14,large_flex,7.614447116851807
fair_leg,validation,5,15,pv_battery,24.384193420410156
fair_leg,validation,5,16,pv_battery,59.990142822265625
fair_leg,validation,5,17,large_flex,50.38691711425781
fair_leg,validation,6,0,tenant,-14.451448440551758
fair_leg,validation,6,1,tenant,-14.130009651184082
fair_leg,validation,6,2,tenant,-13.224257469177246
fair_leg,validation,6,3,tenant,-14.126720428466797
fair_leg,validation,6,4,tenant,-13.563596725463867
fair_leg,validation,6,5,tenant,-13.713150024414062
fair_leg,validation,6,6,pv_only,-1.9705381393432617
fair_leg,validation,6,7,pv_battery,43.325340270996094
fair_leg,validation,6,8,pv_battery,37.89403533935547
fair_leg,validation,6,9,pv_battery,53.66650390625
fair_leg,validation,6,10,pv_only,19.844181060791016
fair_leg,validation,6,11,pv_battery,45.73350524902344
fair_leg,validation,6,12,large_flex,53.851341247558594
fair_leg,validation,6,13,large_flex,37.77117156982422
fair_leg,validation,6,14,large_flex,69.71150207519531
fair_leg,validation,6,15,pv_battery,53.81438064575195
fair_leg,validation,6,16,pv_battery,63.955726623535156
fair_leg,validation,6,17,large_flex,50.06874465942383
fair_leg,validation,7,0,tenant,-13.148189544677734
fair_leg,validation,7,1,tenant,-15.002120971679688
fair_leg,validation,7,2,tenant,-12.61210823059082
fair_leg,validation,7,3,tenant,-12.488616943359375
fair_leg,validation,7,4,tenant,-15.4027738571167
fair_leg,validation,7,5,tenant,-13.81828498840332
fair_leg,validation,7,6,pv_only,-2.0691275596618652
fair_leg,validation,7,7,pv_battery,-4.133074760437012
fair_leg,validation,7,8,pv_battery,48.90842819213867
fair_leg,validation,7,9,pv_battery,68.0145263671875
fair_leg,validation,7,10,pv_only,8.132102966308594
fair_leg,validation,7,11,pv_battery,28.115589141845703
fair_leg,validation,7,12,large_flex,27.50092887878418
fair_leg,validation,7,13,large_flex,-0.8465442657470703
fair_leg,validation,7,14,large_flex,64.38491821289062
fair_leg,validation,7,15,pv_battery,55.40626907348633
fair_leg,validation,7,16,pv_battery,53.1003532409668
fair_leg,validation,7,17,large_flex,-2.481853485107422
export_30kw_0.05,validation,0,0,tenant,-11.895967483520508
export_30kw_0.05,validation,0,1,tenant,-12.251434326171875
export_30kw_0.05,validation,0,2,tenant,-13.010387420654297
export_30kw_0.05,validation,0,3,tenant,-9.639840126037598
export_30kw_0.05,validation,0,4,tenant,-11.833178520202637
export_30kw_0.05,validation,0,5,tenant,-12.132758140563965
export_30kw_0.05,validation,0,6,pv_only,0.7004626989364624
export_30kw_0.05,validation,0,7,pv_battery,25.866779327392578
export_30kw_0.05,validation,0,8,pv_battery,38.07950210571289
export_30kw_0.05,validation,0,9,pv_battery,45.865806579589844
export_30kw_0.05,validation,0,10,pv_only,-5.869442939758301
export_30kw_0.05,validation,0,11,pv_battery,41.41692352294922
export_30kw_0.05,validation,0,12,large_flex,-17.682327270507812
export_30kw_0.05,validation,0,13,large_flex,36.75066375732422
export_30kw_0.05,validation,0,14,large_flex,37.95204162597656
export_30kw_0.05,validation,0,15,pv_battery,31.980667114257812
export_30kw_0.05,validation,0,16,pv_battery,44.38487243652344
export_30kw_0.05,validation,0,17,large_flex,10.086265563964844
export_30kw_0.05,validation,1,0,tenant,-11.790063858032227
export_30kw_0.05,validation,1,1,tenant,-13.436494827270508
export_30kw_0.05,validation,1,2,tenant,-11.606086730957031
export_30kw_0.05,validation,1,3,tenant,-12.71766471862793
export_30kw_0.05,validation,1,4,tenant,-12.269943237304688
export_30kw_0.05,validation,1,5,tenant,-10.502735137939453
export_30kw_0.05,validation,1,6,pv_only,33.89949035644531
export_30kw_0.05,validation,1,7,pv_battery,7.8274245262146
export_30kw_0.05,validation,1,8,pv_battery,8.235210418701172
export_30kw_0.05,validation,1,9,pv_battery,16.93752098083496
export_30kw_0.05,validation,1,10,pv_only,15.415356636047363
export_30kw_0.05,validation,1,11,pv_battery,52.2767448425293
export_30kw_0.05,validation,1,12,large_flex,-19.283615112304688
export_30kw_0.05,validation,1,13,large_flex,30.136547088623047
export_30kw_0.05,validation,1,14,large_flex,46.65133285522461
export_30kw_0.05,validation,1,15,pv_battery,36.68903350830078
export_30kw_0.05,validation,1,16,pv_battery,0.8353842496871948
export_30kw_0.05,validation,1,17,large_flex,49.536624908447266
export_30kw_0.05,validation,2,0,tenant,-8.218246459960938
export_30kw_0.05,validation,2,1,tenant,-9.407673835754395
export_30kw_0.05,validation,2,2,tenant,-9.361064910888672
export_30kw_0.05,validation,2,3,tenant,-10.095807075500488
export_30kw_0.05,validation,2,4,tenant,-8.613330841064453
export_30kw_0.05,validation,2,5,tenant,-9.455324172973633
export_30kw_0.05,validation,2,6,pv_only,11.761736869812012
export_30kw_0.05,validation,2,7,pv_battery,34.174476623535156
export_30kw_0.05,validation,2,8,pv_battery,37.012939453125
export_30kw_0.05,validation,2,9,pv_battery,44.76179504394531
export_30kw_0.05,validation,2,10,pv_only,36.791526794433594
export_30kw_0.05,validation,2,11,pv_battery,5.505815505981445
export_30kw_0.05,validation,2,12,large_flex,39.75303649902344
export_30kw_0.05,validation,2,13,large_flex,41.49584197998047
export_30kw_0.05,validation,2,14,large_flex,30.137409210205078
export_30kw_0.05,validation,2,15,pv_battery,46.8066291809082
export_30kw_0.05,validation,2,16,pv_battery,22.49648094177246
export_30kw_0.05,validation,2,17,large_flex,18.56713104248047
export_30kw_0.05,validation,3,0,tenant,-7.661369323730469
export_30kw_0.05,validation,3,1,tenant,-6.631399154663086
export_30kw_0.05,validation,3,2,tenant,-9.669853210449219
export_30kw_0.05,validation,3,3,tenant,-9.434794425964355
export_30kw_0.05,validation,3,4,tenant,-9.387682914733887
export_30kw_0.05,validation,3,5,tenant,-9.235040664672852
export_30kw_0.05,validation,3,6,pv_only,11.493274688720703
export_30kw_0.05,validation,3,7,pv_battery,52.169315338134766
export_30kw_0.05,validation,3,8,pv_battery,45.00591278076172
export_30kw_0.05,validation,3,9,pv_battery,48.47341537475586
export_30kw_0.05,validation,3,10,pv_only,27.94740867614746
export_30kw_0.05,validation,3,11,pv_battery,32.840904235839844
export_30kw_0.05,validation,3,12,large_flex,33.2841682434082
export_30kw_0.05,validation,3,13,large_flex,46.61044692993164
export_30kw_0.05,validation,3,14,large_flex,7.743804931640625
export_30kw_0.05,validation,3,15,pv_battery,49.12544250488281
export_30kw_0.05,validation,3,16,pv_battery,9.590470314025879
export_30kw_0.05,validation,3,17,large_flex,2.016723155975342
export_30kw_0.05,validation,4,0,tenant,-9.582695007324219
export_30kw_0.05,validation,4,1,tenant,-8.223555564880371
export_30kw_0.05,validation,4,2,tenant,-9.874584197998047
export_30kw_0.05,validation,4,3,tenant,-8.6941499710083
export_30kw_0.05,validation,4,4,tenant,-9.208690643310547
export_30kw_0.05,validation,4,5,tenant,-8.603460311889648
export_30kw_0.05,validation,4,6,pv_only,7.565587997436523
export_30kw_0.05,validation,4,7,pv_battery,27.726158142089844
export_30kw_0.05,validation,4,8,pv_battery,41.738685607910156
export_30kw_0.05,validation,4,9,pv_battery,36.254981994628906
export_30kw_0.05,validation,4,10,pv_only,31.571929931640625
export_30kw_0.05,validation,4,11,pv_battery,11.783285140991211
export_30kw_0.05,validation,4,12,large_flex,50.92832946777344
export_30kw_0.05,validation,4,13,large_flex,9.818962097167969
export_30kw_0.05,validation,4,14,large_flex,25.1090145111084
export_30kw_0.05,validation,4,15,pv_battery,49.60352325439453
export_30kw_0.05,validation,4,16,pv_battery,35.778053283691406
export_30kw_0.05,validation,4,17,large_flex,40.929931640625
export_30kw_0.05,validation,5,0,tenant,-9.076528549194336
export_30kw_0.05,validation,5,1,tenant,-9.676471710205078
export_30kw_0.05,validation,5,2,tenant,-10.186445236206055
export_30kw_0.05,validation,5,3,tenant,-7.155374526977539
export_30kw_0.05,validation,5,4,tenant,-9.871866226196289
export_30kw_0.05,validation,5,5,tenant,-9.806279182434082
export_30kw_0.05,validation,5,6,pv_only,22.545482635498047
export_30kw_0.05,validation,5,7,pv_battery,50.347869873046875
export_30kw_0.05,validation,5,8,pv_battery,23.41120147705078
export_30kw_0.05,validation,5,9,pv_battery,14.474308967590332
export_30kw_0.05,validation,5,10,pv_only,34.31659698486328
export_30kw_0.05,validation,5,11,pv_battery,15.497942924499512
export_30kw_0.05,validation,5,12,large_flex,33.18879699707031
export_30kw_0.05,validation,5,13,large_flex,36.71749496459961
export_30kw_0.05,validation,5,14,large_flex,10.557218551635742
export_30kw_0.05,validation,5,15,pv_battery,23.01529884338379
export_30kw_0.05,validation,5,16,pv_battery,53.03237533569336
export_30kw_0.05,validation,5,17,large_flex,45.513275146484375
export_30kw_0.05,validation,6,0,tenant,-5.440001010894775
export_30kw_0.05,validation,6,1,tenant,-5.118288516998291
export_30kw_0.05,validation,6,2,tenant,-4.212794303894043
export_30kw_0.05,validation,6,3,tenant,-5.115289211273193
export_30kw_0.05,validation,6,4,tenant,-4.552084922790527
export_30kw_0.05,validation,6,5,tenant,-4.701902866363525
export_30kw_0.05,validation,6,6,pv_only,4.363188743591309
export_30kw_0.05,validation,6,7,pv_battery,39.43660354614258
export_30kw_0.05,validation,6,8,pv_battery,35.78467559814453
export_30kw_0.05,validation,6,9,pv_battery,46.928375244140625
export_30kw_0.05,validation,6,10,pv_only,20.478172302246094
export_30kw_0.05,validation,6,11,pv_battery,41.32864761352539
export_30kw_0.05,validation,6,12,large_flex,46.66473388671875
export_30kw_0.05,validation,6,13,large_flex,34.37148666381836
export_30kw_0.05,validation,6,14,large_flex,57.444217681884766
export_30kw_0.05,validation,6,15,pv_battery,46.95655059814453
export_30kw_0.05,validation,6,16,pv_battery,54.26780319213867
export_30kw_0.05,validation,6,17,large_flex,43.76393508911133
export_30kw_0.05,validation,7,0,tenant,-9.4900541305542
export_30kw_0.05,validation,7,1,tenant,-11.343916893005371
export_30kw_0.05,validation,7,2,tenant,-8.954042434692383
export_30kw_0.05,validation,7,3,tenant,-8.830755233764648
export_30kw_0.05,validation,7,4,tenant,-11.74468994140625
export_30kw_0.05,validation,7,5,tenant,-10.160040855407715
export_30kw_0.05,validation,7,6,pv_only,0.2063007950782776
export_30kw_0.05,validation,7,7,pv_battery,-1.0518734455108643
export_30kw_0.05,validation,7,8,pv_battery,44.64512252807617
export_30kw_0.05,validation,7,9,pv_battery,60.86304473876953
export_30kw_0.05,validation,7,10,pv_only,8.841142654418945
export_30kw_0.05,validation,7,11,pv_battery,26.238788604736328
export_30kw_0.05,validation,7,12,large_flex,24.678592681884766
export_30kw_0.05,validation,7,13,large_flex,1.4623093605041504
export_30kw_0.05,validation,7,14,large_flex,56.36467361450195
export_30kw_0.05,validation,7,15,pv_battery,49.769874572753906
export_30kw_0.05,validation,7,16,pv_battery,47.40580368041992
export_30kw_0.05,validation,7,17,large_flex,1.3344831466674805
export_30kw_0.15,validation,0,0,tenant,-7.762463092803955
export_30kw_0.15,validation,0,1,tenant,-8.117958068847656
export_30kw_0.15,validation,0,2,tenant,-8.876842498779297
export_30kw_0.15,validation,0,3,tenant,-5.50636100769043
export_30kw_0.15,validation,0,4,tenant,-7.699760913848877
export_30kw_0.15,validation,0,5,tenant,-7.999152660369873
export_30kw_0.15,validation,0,6,pv_only,2.674100160598755
export_30kw_0.15,validation,0,7,pv_battery,23.652587890625
export_30kw_0.15,validation,0,8,pv_battery,33.83584976196289
export_30kw_0.15,validation,0,9,pv_battery,39.83628463745117
export_30kw_0.15,validation,0,10,pv_only,-2.667985439300537
export_30kw_0.15,validation,0,11,pv_battery,35.78639221191406
export_30kw_0.15,validation,0,12,large_flex,-13.5200777053833
export_30kw_0.15,validation,0,13,large_flex,32.48453140258789
export_30kw_0.15,validation,0,14,large_flex,33.12032699584961
export_30kw_0.15,validation,0,15,pv_battery,29.13793182373047
export_30kw_0.15,validation,0,16,pv_battery,38.2370719909668
export_30kw_0.15,validation,0,17,large_flex,12.301291465759277
export_30kw_0.15,validation,1,0,tenant,-7.84230375289917
export_30kw_0.15,validation,1,1,tenant,-9.48872184753418
export_30kw_0.15,validation,1,2,tenant,-7.658298969268799
export_30kw_0.15,validation,1,3,tenant,-8.769903182983398
export_30kw_0.15,validation,1,4,tenant,-8.32217025756836
export_30kw_0.15,validation,1,5,tenant,-6.554964065551758
export_30kw_0.15,validation,1,6,pv_only,29.267669677734375
export_30kw_0.15,validation,1,7,pv_battery,10.0814208984375
export_30kw_0.15,validation,1,8,pv_battery,9.252944946289062
export_30kw_0.15,validation,1,9,pv_battery,18.003677368164062
export_30kw_0.15,validation,1,10,pv_only,14.503934860229492
export_30kw_0.15,validation,1,11,pv_battery,44.84169006347656
export_30kw_0.15,validation,1,12,large_flex,-15.450385093688965
export_30kw_0.15,validation,1,13,large_flex,26.925094604492188
export_30kw_0.15,validation,1,14,large_flex,39.08088684082031
export_30kw_0.15,validation,1,15,pv_battery,32.019554138183594
export_30kw_0.15,validation,1,16,pv_battery,4.202647686004639
export_30kw_0.15,validation,1,17,large_flex,42.15024948120117
export_30kw_0.15,validation,2,0,tenant,2.07004714012146
export_30kw_0.15,validation,2,1,tenant,0.8806197643280029
export_30kw_0.15,validation,2,2,tenant,0.9272281527519226
export_30kw_0.15,validation,2,3,tenant,0.19248640537261963
export_30kw_0.15,validation,2,4,tenant,1.674961805343628
export_30kw_0.15,validation,2,5,tenant,0.8329687714576721
export_30kw_0.15,validation,2,6,pv_only,13.598535537719727
export_30kw_0.15,validation,2,7,pv_battery,28.637264251708984
export_30kw_0.15,validation,2,8,pv_battery,29.849491119384766
export_30kw_0.15,validation,2,9,pv_battery,34.23524856567383
export_30kw_0.15,validation,2,10,pv_only,26.96462631225586
export_30kw_0.15,validation,2,11,pv_battery,14.241872787475586
export_30kw_0.15,validation,2,12,large_flex,29.81218147277832
export_30kw_0.15,validation,2,13,large_flex,29.89175796508789
export_30kw_0.15,validation,2,14,large_flex,23.642934799194336
export_30kw_0.15,validation,2,15,pv_battery,35.23167419433594
export_30kw_0.15,validation,2,16,pv_battery,22.419282913208008
export_30kw_0.15,validation,2,17,large_flex,18.773462295532227
export_30kw_0.15,validation,3,0,tenant,3.2297611236572266
export_30kw_0.15,validation,3,1,tenant,4.259731769561768
export_30kw_0.15,validation,3,2,tenant,1.2212767601013184
export_30kw_0.15,validation,3,3,tenant,1.4563360214233398
export_30kw_0.15,validation,3,4,tenant,1.50344717502594
export_30kw_0.15,validation,3,5,tenant,1.6560888290405273
export_30kw_0.15,validation,3,6,pv_only,13.685452461242676
export_30kw_0.15,validation,3,7,pv_battery,36.77460479736328
export_30kw_0.15,validation,3,8,pv_battery,34.080787658691406
export_30kw_0.15,validation,3,9,pv_battery,34.502220153808594
export_30kw_0.15,validation,3,10,pv_only,22.090970993041992
export_30kw_0.15,validation,3,11,pv_battery,27.032550811767578
export_30kw_0.15,validation,3,12,large_flex,27.524578094482422
export_30kw_0.15,validation,3,13,large_flex,32.17735290527344
export_30kw_0.15,validation,3,14,large_flex,14.207664489746094
export_30kw_0.15,validation,3,15,pv_battery,34.83545684814453
export_30kw_0.15,validation,3,16,pv_battery,16.414443969726562
export_30kw_0.15,validation,3,17,large_flex,7.1372761726379395
export_30kw_0.15,validation,4,0,tenant,0.7192895412445068
export_30kw_0.15,validation,4,1,tenant,2.078306198120117
export_30kw_0.15,validation,4,2,tenant,0.42729753255844116
export_30kw_0.15,validation,4,3,tenant,1.6077100038528442
export_30kw_0.15,validation,4,4,tenant,1.0932044982910156
export_30kw_0.15,validation,4,5,tenant,1.6983283758163452
export_30kw_0.15,validation,4,6,pv_only,10.693853378295898
export_30kw_0.15,validation,4,7,pv_battery,25.823671340942383
export_30kw_0.15,validation,4,8,pv_battery,31.019699096679688
export_30kw_0.15,validation,4,9,pv_battery,31.669401168823242
export_30kw_0.15,validation,4,10,pv_only,23.820419311523438
export_30kw_0.15,validation,4,11,pv_battery,18.14719009399414
export_30kw_0.15,validation,4,12,large_flex,33.702369689941406
export_30kw_0.15,validation,4,13,large_flex,13.590191841125488
export_30kw_0.15,validation,4,14,large_flex,23.316181182861328
export_30kw_0.15,validation,4,15,pv_battery,35.56249237060547
export_30kw_0.15,validation,4,16,pv_battery,28.783117294311523
export_30kw_0.15,validation,4,17,large_flex,29.468292236328125
export_30kw_0.15,validation,5,0,tenant,0.11007142066955566
export_30kw_0.15,validation,5,1,tenant,-0.489871621131897
export_30kw_0.15,validation,5,2,tenant,-0.9998447895050049
export_30kw_0.15,validation,5,3,tenant,2.0312254428863525
export_30kw_0.15,validation,5,4,tenant,-0.6852667331695557
export_30kw_0.15,validation,5,5,tenant,-0.6196794509887695
export_30kw_0.15,validation,5,6,pv_only,18.505369186401367
export_30kw_0.15,validation,5,7,pv_battery,36.73276138305664
export_30kw_0.15,validation,5,8,pv_battery,23.196887969970703
export_30kw_0.15,validation,5,9,pv_battery,18.096763610839844
export_30kw_0.15,validation,5,10,pv_only,25.512603759765625
export_30kw_0.15,validation,5,11,pv_battery,18.250804901123047
export_30kw_0.15,validation,5,12,large_flex,25.406784057617188
export_30kw_0.15,validation,5,13,large_flex,28.24302101135254
export_30kw_0.15,validation,5,14,large_flex,16.11212158203125
export_30kw_0.15,validation,5,15,pv_battery,21.349021911621094
export_30kw_0.15,validation,5,16,pv_battery,39.339805603027344
export_30kw_0.15,validation,5,17,large_flex,35.04344177246094
export_30kw_0.15,validation,6,0,tenant,12.452898979187012
export_30kw_0.15,validation,6,1,tenant,12.774612426757812
export_30kw_0.15,validation,6,2,tenant,13.680105209350586
export_30kw_0.15,validation,6,3,tenant,12.777609825134277
export_30kw_0.15,validation,6,4,tenant,13.340813636779785
export_30kw_0.15,validation,6,5,tenant,13.190996170043945
export_30kw_0.15,validation,6,6,pv_only,16.85658836364746
export_30kw_0.15,validation,6,7,pv_battery,31.39019775390625
export_30kw_0.15,validation,6,8,pv_battery,31.521175384521484
export_30kw_0.15,validation,6,9,pv_battery,33.661224365234375
export_30kw_0.15,validation,6,10,pv_only,21.600627899169922
export_30kw_0.15,validation,6,11,pv_battery,32.72343063354492
export_30kw_0.15,validation,6,12,large_flex,32.192527770996094
export_30kw_0.15,validation,6,13,large_flex,28.124958038330078
export_30kw_0.15,validation,6,14,large_flex,34.065948486328125
export_30kw_0.15,validation,6,15,pv_battery,33.305572509765625
export_30kw_0.15,validation,6,16,pv_battery,35.1546516418457
export_30kw_0.15,validation,6,17,large_flex,31.82601547241211
export_30kw_0.15,validation,7,0,tenant,-2.638655185699463
export_30kw_0.15,validation,7,1,tenant,-4.492428779602051
export_30kw_0.15,validation,7,2,tenant,-2.10255765914917
export_30kw_0.15,validation,7,3,tenant,-1.9794361591339111
export_30kw_0.15,validation,7,4,tenant,-4.893278121948242
export_30kw_0.15,validation,7,5,tenant,-3.3086018562316895
export_30kw_0.15,validation,7,6,pv_only,4.497676372528076
export_30kw_0.15,validation,7,7,pv_battery,4.869476318359375
export_30kw_0.15,validation,7,8,pv_battery,36.840614318847656
export_30kw_0.15,validation,7,9,pv_battery,48.46821975708008
export_30kw_0.15,validation,7,10,pv_only,10.058015823364258
export_30kw_0.15,validation,7,11,pv_battery,23.06551170349121
export_30kw_0.15,validation,7,12,large_flex,19.12150001525879
export_30kw_0.15,validation,7,13,large_flex,5.992783546447754
export_30kw_0.15,validation,7,14,large_flex,43.76948547363281
export_30kw_0.15,validation,7,15,pv_battery,39.17804718017578
export_30kw_0.15,validation,7,16,pv_battery,37.12705993652344
export_30kw_0.15,validation,7,17,large_flex,6.00942325592041
export_30kw_0.3,validation,0,0,tenant,-13.31399154663086
export_30kw_0.3,validation,0,1,tenant,-13.669486045837402
export_30kw_0.3,validation,0,2,tenant,-14.42837142944336
export_30kw_0.3,validation,0,3,tenant,-11.057889938354492
export_30kw_0.3,validation,0,4,tenant,-13.251289367675781
export_30kw_0.3,validation,0,5,tenant,-13.550681114196777
export_30kw_0.3,validation,0,6,pv_only,-0.34117817878723145
export_30kw_0.3,validation,0,7,pv_battery,23.6798038482666
export_30kw_0.3,validation,0,8,pv_battery,33.188106536865234
export_30kw_0.3,validation,0,9,pv_battery,35.869285583496094
export_30kw_0.3,validation,0,10,pv_only,-7.197736740112305
export_30kw_0.3,validation,0,11,pv_battery,33.3979377746582
export_30kw_0.3,validation,0,12,large_flex,-18.539682388305664
export_30kw_0.3,validation,0,13,large_flex,26.68699073791504
export_30kw_0.3,validation,0,14,large_flex,30.009883880615234
export_30kw_0.3,validation,0,15,pv_battery,29.643342971801758
export_30kw_0.3,validation,0,16,pv_battery,33.675662994384766
export_30kw_0.3,validation,0,17,large_flex,9.258502006530762
export_30kw_0.3,validation,1,0,tenant,-13.671518325805664
export_30kw_0.3,validation,1,1,tenant,-15.317934036254883
export_30kw_0.3,validation,1,2,tenant,-13.487513542175293
export_30kw_0.3,validation,1,3,tenant,-14.599117279052734
export_30kw_0.3,validation,1,4,tenant,-14.151384353637695
export_30kw_0.3,validation,1,5,tenant,-12.384178161621094
export_30kw_0.3,validation,1,6,pv_only,26.128938674926758
export_30kw_0.3,validation,1,7,pv_battery,6.761775970458984
export_30kw_0.3,validation,1,8,pv_battery,7.150441646575928
export_30kw_0.3,validation,1,9,pv_battery,15.484972953796387
export_30kw_0.3,validation,1,10,pv_only,12.598440170288086
export_30kw_0.3,validation,1,11,pv_battery,37.545928955078125
export_30kw_0.3,validation,1,12,large_flex,-20.822174072265625
export_30kw_0.3,validation,1,13,large_flex,24.3992862701416
export_30kw_0.3,validation,1,14,large_flex,33.688941955566406
export_30kw_0.3,validation,1,15,pv_battery,31.155532836914062
export_30kw_0.3,validation,1,16,pv_battery,-0.5854881405830383
export_30kw_0.3,validation,1,17,large_flex,35.572940826416016
export_30kw_0.3,validation,2,0,tenant,-8.742680549621582
export_30kw_0.3,validation,2,1,tenant,-9.932107925415039
export_30kw_0.3,validation,2,2,tenant,-9.885499954223633
export_30kw_0.3,validation,2,3,tenant,-10.620241165161133
export_30kw_0.3,validation,2,4,tenant,-9.137765884399414
export_30kw_0.3,validation,2,5,tenant,-9.979759216308594
export_30kw_0.3,validation,2,6,pv_only,7.234725475311279
export_30kw_0.3,validation,2,7,pv_battery,28.237163543701172
export_30kw_0.3,validation,2,8,pv_battery,30.169973373413086
export_30kw_0.3,validation,2,9,pv_battery,32.67620086669922
export_30kw_0.3,validation,2,10,pv_only,24.15872573852539
export_30kw_0.3,validation,2,11,pv_battery,4.559370994567871
export_30kw_0.3,validation,2,12,large_flex,28.261390686035156
export_30kw_0.3,validation,2,13,large_flex,30.993589401245117
export_30kw_0.3,validation,2,14,large_flex,19.037229537963867
export_30kw_0.3,validation,2,15,pv_battery,32.88438034057617
export_30kw_0.3,validation,2,16,pv_battery,17.30893325805664
export_30kw_0.3,validation,2,17,large_flex,14.652965545654297
export_30kw_0.3,validation,3,0,tenant,-9.143646240234375
export_30kw_0.3,validation,3,1,tenant,-8.113676071166992
export_30kw_0.3,validation,3,2,tenant,-11.152131080627441
export_30kw_0.3,validation,3,3,tenant,-10.917072296142578
export_30kw_0.3,validation,3,4,tenant,-10.86996078491211
export_30kw_0.3,validation,3,5,tenant,-10.71731948852539
export_30kw_0.3,validation,3,6,pv_only,9.225544929504395
export_30kw_0.3,validation,3,7,pv_battery,35.19102478027344
export_30kw_0.3,validation,3,8,pv_battery,32.293609619140625
export_30kw_0.3,validation,3,9,pv_battery,33.871185302734375
export_30kw_0.3,validation,3,10,pv_only,21.25448226928711
export_30kw_0.3,validation,3,11,pv_battery,26.53925895690918
export_30kw_0.3,validation,3,12,large_flex,27.391185760498047
export_30kw_0.3,validation,3,13,large_flex,33.11371994018555
export_30kw_0.3,validation,3,14,large_flex,5.507631778717041
export_30kw_0.3,validation,3,15,pv_battery,34.31955337524414
export_30kw_0.3,validation,3,16,pv_battery,6.818060874938965
export_30kw_0.3,validation,3,17,large_flex,-1.9360036849975586
export_30kw_0.3,validation,4,0,tenant,-10.439504623413086
export_30kw_0.3,validation,4,1,tenant,-9.080488204956055
export_30kw_0.3,validation,4,2,tenant,-10.731496810913086
export_30kw_0.3,validation,4,3,tenant,-9.5510835647583
export_30kw_0.3,validation,4,4,tenant,-10.065589904785156
export_30kw_0.3,validation,4,5,tenant,-9.460466384887695
export_30kw_0.3,validation,4,6,pv_only,5.46693754196167
export_30kw_0.3,validation,4,7,pv_battery,21.80211639404297
export_30kw_0.3,validation,4,8,pv_battery,29.778709411621094
export_30kw_0.3,validation,4,9,pv_battery,24.665014266967773
export_30kw_0.3,validation,4,10,pv_only,23.13285255432129
export_30kw_0.3,validation,4,11,pv_battery,9.895243644714355
export_30kw_0.3,validation,4,12,large_flex,32.26653289794922
export_30kw_0.3,validation,4,13,large_flex,5.535419940948486
export_30kw_0.3,validation,4,14,large_flex,20.71868133544922
export_30kw_0.3,validation,4,15,pv_battery,32.539066314697266
export_30kw_0.3,validation,4,16,pv_battery,28.73927879333496
export_30kw_0.3,validation,4,17,large_flex,29.292207717895508
export_30kw_0.3,validation,5,0,tenant,-9.602178573608398
export_30kw_0.3,validation,5,1,tenant,-10.20212173461914
export_30kw_0.3,validation,5,2,tenant,-10.712095260620117
export_30kw_0.3,validation,5,3,tenant,-7.681024551391602
export_30kw_0.3,validation,5,4,tenant,-10.397517204284668
export_30kw_0.3,validation,5,5,tenant,-10.331929206848145
export_30kw_0.3,validation,5,6,pv_only,18.59816551208496
export_30kw_0.3,validation,5,7,pv_battery,33.97219467163086
export_30kw_0.3,validation,5,8,pv_battery,21.357681274414062
export_30kw_0.3,validation,5,9,pv_battery,13.026408195495605
export_30kw_0.3,validation,5,10,pv_only,22.888877868652344
export_30kw_0.3,validation,5,11,pv_battery,12.86721420288086
export_30kw_0.3,validation,5,12,large_flex,24.891515731811523
export_30kw_0.3,validation,5,13,large_flex,28.274633407592773
export_30kw_0.3,validation,5,14,large_flex,9.098140716552734
export_30kw_0.3,validation,5,15,pv_battery,17.85166358947754
export_30kw_0.3,validation,5,16,pv_battery,34.88622283935547
export_30kw_0.3,validation,5,17,large_flex,30.16649627685547
export_30kw_0.3,validation,6,0,tenant,-2.8087973594665527
export_30kw_0.3,validation,6,1,tenant,-2.4870848655700684
export_30kw_0.3,validation,6,2,tenant,-1.5815907716751099
export_30kw_0.3,validation,6,3,tenant,-2.48408579826355
export_30kw_0.3,validation,6,4,tenant,-1.920882225036621
export_30kw_0.3,validation,6,5,tenant,-2.070699691772461
export_30kw_0.3,validation,6,6,pv_only,3.9069085121154785
export_30kw_0.3,validation,6,7,pv_battery,26.224185943603516
export_30kw_0.3,validation,6,8,pv_battery,24.67724609375
export_30kw_0.3,validation,6,9,pv_battery,27.9437255859375
export_30kw_0.3,validation,6,10,pv_only,13.572687149047852
export_30kw_0.3,validation,6,11,pv_battery,27.19717788696289
export_30kw_0.3,validation,6,12,large_flex,26.281368255615234
export_30kw_0.3,validation,6,13,large_flex,20.560758590698242
export_30kw_0.3,validation,6,14,large_flex,29.838211059570312
export_30kw_0.3,validation,6,15,pv_battery,27.65951919555664
export_30kw_0.3,validation,6,16,pv_battery,30.14470672607422
export_30kw_0.3,validation,6,17,large_flex,26.063011169433594
export_30kw_0.3,validation,7,0,tenant,-12.643573760986328
export_30kw_0.3,validation,7,1,tenant,-14.497346878051758
export_30kw_0.3,validation,7,2,tenant,-12.107475280761719
export_30kw_0.3,validation,7,3,tenant,-11.984354019165039
export_30kw_0.3,validation,7,4,tenant,-14.898197174072266
export_30kw_0.3,validation,7,5,tenant,-13.313519477844238
export_30kw_0.3,validation,7,6,pv_only,-2.1460938453674316
export_30kw_0.3,validation,7,7,pv_battery,-3.842219352722168
export_30kw_0.3,validation,7,8,pv_battery,35.65697479248047
export_30kw_0.3,validation,7,9,pv_battery,38.77784729003906
export_30kw_0.3,validation,7,10,pv_only,7.795028209686279
export_30kw_0.3,validation,7,11,pv_battery,24.187829971313477
export_30kw_0.3,validation,7,12,large_flex,19.614070892333984
export_30kw_0.3,validation,7,13,large_flex,-0.7780985832214355
export_30kw_0.3,validation,7,14,large_flex,37.16334533691406
export_30kw_0.3,validation,7,15,pv_battery,36.990943908691406
export_30kw_0.3,validation,7,16,pv_battery,35.26512145996094
export_30kw_0.3,validation,7,17,large_flex,-0.735443115234375
export_45kw_0.05,validation,0,0,tenant,-14.114495277404785
export_45kw_0.05,validation,0,1,tenant,-14.469988822937012
export_45kw_0.05,validation,0,2,tenant,-15.228874206542969
export_45kw_0.05,validation,0,3,tenant,-11.858392715454102
export_45kw_0.05,validation,0,4,tenant,-14.05179214477539
export_45kw_0.05,validation,0,5,tenant,-14.351184844970703
export_45kw_0.05,validation,0,6,pv_only,-0.41895556449890137
export_45kw_0.05,validation,0,7,pv_battery,27.06262969970703
export_45kw_0.05,validation,0,8,pv_battery,40.20866775512695
export_45kw_0.05,validation,0,9,pv_battery,48.76413345336914
export_45kw_0.05,validation,0,10,pv_only,-7.620623588562012
export_45kw_0.05,validation,0,11,pv_battery,44.184425354003906
export_45kw_0.05,validation,0,12,large_flex,-18.838459014892578
export_45kw_0.05,validation,0,13,large_flex,39.08586883544922
export_45kw_0.05,validation,0,14,large_flex,40.68975830078125
export_45kw_0.05,validation,0,15,pv_battery,33.26984786987305
export_45kw_0.05,validation,0,16,pv_battery,47.05461883544922
export_45kw_0.05,validation,0,17,large_flex,9.548582077026367
export_45kw_0.05,validation,1,0,tenant,-13.864211082458496
export_45kw_0.05,validation,1,1,tenant,-15.510627746582031
export_45kw_0.05,validation,1,2,tenant,-13.680206298828125
export_45kw_0.05,validation,1,3,tenant,-14.791810035705566
export_45kw_0.05,validation,1,4,tenant,-14.344078063964844
export_45kw_0.05,validation,1,5,tenant,-12.576870918273926
export_45kw_0.05,validation,1,6,pv_only,36.24900436401367
export_45kw_0.05,validation,1,7,pv_battery,6.859543800354004
export_45kw_0.05,validation,1,8,pv_battery,7.465956687927246
export_45kw_0.05,validation,1,9,pv_battery,16.465930938720703
export_45kw_0.05,validation,1,10,pv_only,15.868124008178711
export_45kw_0.05,validation,1,11,pv_battery,55.93665313720703
export_45kw_0.05,validation,1,12,large_flex,-20.889280319213867
export_45kw_0.05,validation,1,13,large_flex,31.806968688964844
export_45kw_0.05,validation,1,14,large_flex,49.856998443603516
export_45kw_0.05,validation,1,15,pv_battery,39.029998779296875
export_45kw_0.05,validation,1,16,pv_battery,-0.5710581541061401
export_45kw_0.05,validation,1,17,large_flex,52.93198013305664
export_45kw_0.05,validation,2,0,tenant,-12.196097373962402
export_45kw_0.05,validation,2,1,tenant,-13.385523796081543
export_45kw_0.05,validation,2,2,tenant,-13.338915824890137
export_45kw_0.05,validation,2,3,tenant,-14.073657989501953
export_45kw_0.05,validation,2,4,tenant,-12.591181755065918
export_45kw_0.05,validation,2,5,tenant,-13.433175086975098
export_45kw_0.05,validation,2,6,pv_only,10.97534465789795
export_45kw_0.05,validation,2,7,pv_battery,36.327598571777344
export_45kw_0.05,validation,2,8,pv_battery,39.27123260498047
export_45kw_0.05,validation,2,9,pv_battery,48.709747314453125
export_45kw_0.05,validation,2,10,pv_only,40.54732131958008
export_45kw_0.05,validation,2,11,pv_battery,2.3550519943237305
export_45kw_0.05,validation,2,12,large_flex,43.983558654785156
export_45kw_0.05,validation,2,13,large_flex,45.837947845458984
export_45kw_0.05,validation,2,14,large_flex,32.45013427734375
export_45kw_0.05,validation,2,15,pv_battery,51.102806091308594
export_45kw_0.05,validation,2,16,pv_battery,22.457855224609375
export_45kw_0.05,validation,2,17,large_flex,18.876596450805664
export_45kw_0.05,validation,3,0,tenant,-11.887228012084961
export_45kw_0.05,validation,3,1,tenant,-10.857257843017578
export_45kw_0.05,validation,3,2,tenant,-13.895712852478027
export_45kw_0.05,validation,3,3,tenant,-13.660654067993164
export_45kw_0.05,validation,3,4,tenant,-13.613542556762695
export_45kw_0.05,validation,3,5,tenant,-13.460901260375977
export_45kw_0.05,validation,3,6,pv_only,10.538820266723633
export_45kw_0.05,validation,3,7,pv_battery,57.835227966308594
export_45kw_0.05,validation,3,8,pv_battery,49.253517150878906
export_45kw_0.05,validation,3,9,pv_battery,53.55194091796875
export_45kw_0.05,validation,3,10,pv_only,30.315696716308594
export_45kw_0.05,validation,3,11,pv_battery,34.58422088623047
export_45kw_0.05,validation,3,12,large_flex,35.344154357910156
export_45kw_0.05,validation,3,13,large_flex,51.66215515136719
export_45kw_0.05,validation,3,14,large_flex,5.919328689575195
export_45kw_0.05,validation,3,15,pv_battery,54.27635955810547
export_45kw_0.05,validation,3,16,pv_battery,7.35019588470459
export_45kw_0.05,validation,3,17,large_flex,0.53367018699646
export_45kw_0.05,validation,4,0,tenant,-13.651884078979492
export_45kw_0.05,validation,4,1,tenant,-12.292867660522461
export_45kw_0.05,validation,4,2,tenant,-13.943876266479492
export_45kw_0.05,validation,4,3,tenant,-12.763463973999023
export_45kw_0.05,validation,4,4,tenant,-13.277969360351562
export_45kw_0.05,validation,4,5,tenant,-12.672844886779785
export_45kw_0.05,validation,4,6,pv_only,6.22043514251709
export_45kw_0.05,validation,4,7,pv_battery,28.197509765625
export_45kw_0.05,validation,4,8,pv_battery,45.45897674560547
export_45kw_0.05,validation,4,9,pv_battery,38.159427642822266
export_45kw_0.05,validation,4,10,pv_only,34.73849868774414
export_45kw_0.05,validation,4,11,pv_battery,9.466501235961914
export_45kw_0.05,validation,4,12,large_flex,57.018287658691406
export_45kw_0.05,validation,4,13,large_flex,8.718921661376953
export_45kw_0.05,validation,4,14,large_flex,26.126232147216797
export_45kw_0.05,validation,4,15,pv_battery,54.76513671875
export_45kw_0.05,validation,4,16,pv_battery,38.139793395996094
export_45kw_0.05,validation,4,17,large_flex,44.81420135498047
export_45kw_0.05,validation,5,0,tenant,-12.779939651489258
export_45kw_0.05,validation,5,1,tenant,-13.379883766174316
export_45kw_0.05,validation,5,2,tenant,-13.889856338500977
export_45kw_0.05,validation,5,3,tenant,-10.858785629272461
export_45kw_0.05,validation,5,4,tenant,-13.575278282165527
export_45kw_0.05,validation,5,5,tenant,-13.50969123840332
export_45kw_0.05,validation,5,6,pv_only,24.202510833740234
export_45kw_0.05,validation,5,7,pv_battery,55.44211196899414
export_45kw_0.05,validation,5,8,pv_battery,23.56429672241211
export_45kw_0.05,validation,5,9,pv_battery,12.81245231628418
export_45kw_0.05,validation,5,10,pv_only,38.03237533569336
export_45kw_0.05,validation,5,11,pv_battery,13.787351608276367
export_45kw_0.05,validation,5,12,large_flex,35.681766510009766
export_45kw_0.05,validation,5,13,large_flex,39.89189910888672
export_45kw_0.05,validation,5,14,large_flex,8.79427719116211
export_45kw_0.05,validation,5,15,pv_battery,23.24498176574707
export_45kw_0.05,validation,5,16,pv_battery,58.17881774902344
export_45kw_0.05,validation,5,17,large_flex,49.496620178222656
export_45kw_0.05,validation,6,0,tenant,-9.28820514678955
export_45kw_0.05,validation,6,1,tenant,-8.966492652893066
export_45kw_0.05,validation,6,2,tenant,-8.060998916625977
export_45kw_0.05,validation,6,3,tenant,-8.963493347167969
export_45kw_0.05,validation,6,4,tenant,-8.400290489196777
export_45kw_0.05,validation,6,5,tenant,-8.550107955932617
export_45kw_0.05,validation,6,6,pv_only,1.796829104423523
export_45kw_0.05,validation,6,7,pv_battery,40.71417236328125
export_45kw_0.05,validation,6,8,pv_battery,36.77625274658203
export_45kw_0.05,validation,6,9,pv_battery,49.235252380371094
export_45kw_0.05,validation,6,10,pv_only,20.642436981201172
export_45kw_0.05,validation,6,11,pv_battery,43.32090759277344
export_45kw_0.05,validation,6,12,large_flex,49.621856689453125
export_45kw_0.05,validation,6,13,large_flex,35.11618423461914
export_45kw_0.05,validation,6,14,large_flex,62.01197052001953
export_45kw_0.05,validation,6,15,pv_battery,49.569557189941406
export_45kw_0.05,validation,6,16,pv_battery,58.30590057373047
export_45kw_0.05,validation,6,17,large_flex,45.758209228515625
export_45kw_0.05,validation,7,0,tenant,-12.490795135498047
export_45kw_0.05,validation,7,1,tenant,-14.344569206237793
export_45kw_0.05,validation,7,2,tenant,-11.954697608947754
export_45kw_0.05,validation,7,3,tenant,-11.831576347351074
export_45kw_0.05,validation,7,4,tenant,-14.745418548583984
export_45kw_0.05,validation,7,5,tenant,-13.160741806030273
export_45kw_0.05,validation,7,6,pv_only,-1.7954214811325073
export_45kw_0.05,validation,7,7,pv_battery,-3.66139554977417
export_45kw_0.05,validation,7,8,pv_battery,48.111778259277344
export_45kw_0.05,validation,7,9,pv_battery,66.19900512695312
export_45kw_0.05,validation,7,10,pv_only,8.163617134094238
export_45kw_0.05,validation,7,11,pv_battery,27.224048614501953
export_45kw_0.05,validation,7,12,large_flex,26.678020477294922
export_45kw_0.05,validation,7,13,large_flex,-0.20447206497192383
export_45kw_0.05,validation,7,14,large_flex,61.659873962402344
export_45kw_0.05,validation,7,15,pv_battery,54.19002914428711
export_45kw_0.05,validation,7,16,pv_battery,51.71150207519531
export_45kw_0.05,validation,7,17,large_flex,-0.16593360900878906
export_45kw_0.15,validation,0,0,tenant,-14.049400329589844
export_45kw_0.15,validation,0,1,tenant,-14.404773712158203
export_45kw_0.15,validation,0,2,tenant,-15.163700103759766
export_45kw_0.15,validation,0,3,tenant,-11.793126106262207
export_45kw_0.15,validation,0,4,tenant,-13.986513137817383
export_45kw_0.15,validation,0,5,tenant,-14.28586483001709
export_45kw_0.15,validation,0,6,pv_only,-0.39465880393981934
export_45kw_0.15,validation,0,7,pv_battery,26.967243194580078
export_45kw_0.15,validation,0,8,pv_battery,40.16839599609375
export_45kw_0.15,validation,0,9,pv_battery,48.849830627441406
export_45kw_0.15,validation,0,10,pv_only,-7.563201904296875
export_45kw_0.15,validation,0,11,pv_battery,44.0578498840332
export_45kw_0.15,validation,0,12,large_flex,-18.571819305419922
export_45kw_0.15,validation,0,13,large_flex,39.16912078857422
export_45kw_0.15,validation,0,14,large_flex,40.53105163574219
export_45kw_0.15,validation,0,15,pv_battery,33.257286071777344
export_45kw_0.15,validation,0,16,pv_battery,46.82489013671875
export_45kw_0.15,validation,0,17,large_flex,9.69776725769043
export_45kw_0.15,validation,1,0,tenant,-13.861664772033691
export_45kw_0.15,validation,1,1,tenant,-15.50787353515625
export_45kw_0.15,validation,1,2,tenant,-13.677545547485352
export_45kw_0.15,validation,1,3,tenant,-14.789194107055664
export_45kw_0.15,validation,1,4,tenant,-14.341354370117188
export_45kw_0.15,validation,1,5,tenant,-12.574248313903809
export_45kw_0.15,validation,1,6,pv_only,36.238372802734375
export_45kw_0.15,validation,1,7,pv_battery,6.803912162780762
export_45kw_0.15,validation,1,8,pv_battery,7.67767858505249
export_45kw_0.15,validation,1,9,pv_battery,16.31222152709961
export_45kw_0.15,validation,1,10,pv_only,15.84078598022461
export_45kw_0.15,validation,1,11,pv_battery,56.08555221557617
export_45kw_0.15,validation,1,12,large_flex,-20.66553497314453
export_45kw_0.15,validation,1,13,large_flex,31.76241683959961
export_45kw_0.15,validation,1,14,large_flex,50.04183578491211
export_45kw_0.15,validation,1,15,pv_battery,39.02566909790039
export_45kw_0.15,validation,1,16,pv_battery,-0.6841853260993958
export_45kw_0.15,validation,1,17,large_flex,52.96778106689453
export_45kw_0.15,validation,2,0,tenant,-10.02692985534668
export_45kw_0.15,validation,2,1,tenant,-11.21658706665039
export_45kw_0.15,validation,2,2,tenant,-11.16999626159668
export_45kw_0.15,validation,2,3,tenant,-11.904815673828125
export_45kw_0.15,validation,2,4,tenant,-10.421756744384766
export_45kw_0.15,validation,2,5,tenant,-11.263969421386719
export_45kw_0.15,validation,2,6,pv_only,11.313445091247559
export_45kw_0.15,validation,2,7,pv_battery,34.66810607910156
export_45kw_0.15,validation,2,8,pv_battery,38.43455505371094
export_45kw_0.15,validation,2,9,pv_battery,46.38433837890625
export_45kw_0.15,validation,2,10,pv_only,38.72234344482422
export_45kw_0.15,validation,2,11,pv_battery,4.397730827331543
export_45kw_0.15,validation,2,12,large_flex,42.25078201293945
export_45kw_0.15,validation,2,13,large_flex,43.39185333251953
export_45kw_0.15,validation,2,14,large_flex,31.080636978149414
export_45kw_0.15,validation,2,15,pv_battery,48.622947692871094
export_45kw_0.15,validation,2,16,pv_battery,22.720333099365234
export_45kw_0.15,validation,2,17,large_flex,18.04951286315918
export_45kw_0.15,validation,3,0,tenant,-9.506721496582031
export_45kw_0.15,validation,3,1,tenant,-8.476790428161621
export_45kw_0.15,validation,3,2,tenant,-11.514616012573242
export_45kw_0.15,validation,3,3,tenant,-11.279553413391113
export_45kw_0.15,validation,3,4,tenant,-11.232539176940918
export_45kw_0.15,validation,3,5,tenant,-11.080025672912598
export_45kw_0.15,validation,3,6,pv_only,10.419992446899414
export_45kw_0.15,validation,3,7,pv_battery,54.53040313720703
export_45kw_0.15,validation,3,8,pv_battery,47.38072967529297
export_45kw_0.15,validation,3,9,pv_battery,50.511077880859375
export_45kw_0.15,validation,3,10,pv_only,29.147125244140625
export_45kw_0.15,validation,3,11,pv_battery,32.60486602783203
export_45kw_0.15,validation,3,12,large_flex,34.5118408203125
export_45kw_0.15,validation,3,13,large_flex,48.95949935913086
export_45kw_0.15,validation,3,14,large_flex,7.062445640563965
export_45kw_0.15,validation,3,15,pv_battery,50.967716217041016
export_45kw_0.15,validation,3,16,pv_battery,9.496736526489258
export_45kw_0.15,validation,3,17,large_flex,2.1939923763275146
export_45kw_0.15,validation,4,0,tenant,-11.572254180908203
export_45kw_0.15,validation,4,1,tenant,-10.213274955749512
export_45kw_0.15,validation,4,2,tenant,-11.864151954650879
export_45kw_0.15,validation,4,3,tenant,-10.683785438537598
export_45kw_0.15,validation,4,4,tenant,-11.198330879211426
export_45kw_0.15,validation,4,5,tenant,-10.593255043029785
export_45kw_0.15,validation,4,6,pv_only,6.59730863571167
export_45kw_0.15,validation,4,7,pv_battery,27.69140625
export_45kw_0.15,validation,4,8,pv_battery,42.64466094970703
export_45kw_0.15,validation,4,9,pv_battery,37.626346588134766
export_45kw_0.15,validation,4,10,pv_only,33.08909606933594
export_45kw_0.15,validation,4,11,pv_battery,11.360304832458496
export_45kw_0.15,validation,4,12,large_flex,53.4417610168457
export_45kw_0.15,validation,4,13,large_flex,10.141862869262695
export_45kw_0.15,validation,4,14,large_flex,25.721229553222656
export_45kw_0.15,validation,4,15,pv_battery,52.146949768066406
export_45kw_0.15,validation,4,16,pv_battery,36.28167724609375
export_45kw_0.15,validation,4,17,large_flex,42.05073547363281
export_45kw_0.15,validation,5,0,tenant,-11.203516006469727
export_45kw_0.15,validation,5,1,tenant,-11.803744316101074
export_45kw_0.15,validation,5,2,tenant,-12.313602447509766
export_45kw_0.15,validation,5,3,tenant,-9.282587051391602
export_45kw_0.15,validation,5,4,tenant,-11.99912166595459
export_45kw_0.15,validation,5,5,tenant,-11.933439254760742
export_45kw_0.15,validation,5,6,pv_only,23.25775909423828
export_45kw_0.15,validation,5,7,pv_battery,53.25988006591797
export_45kw_0.15,validation,5,8,pv_battery,23.853960037231445
export_45kw_0.15,validation,5,9,pv_battery,13.070515632629395
export_45kw_0.15,validation,5,10,pv_only,36.60400390625
export_45kw_0.15,validation,5,11,pv_battery,14.463221549987793
export_45kw_0.15,validation,5,12,large_flex,34.193084716796875
export_45kw_0.15,validation,5,13,large_flex,37.977535247802734
export_45kw_0.15,validation,5,14,large_flex,10.081192016601562
export_45kw_0.15,validation,5,15,pv_battery,22.311704635620117
export_45kw_0.15,validation,5,16,pv_battery,56.61101150512695
export_45kw_0.15,validation,5,17,large_flex,48.616241455078125
export_45kw_0.15,validation,6,0,tenant,1.7482326030731201
export_45kw_0.15,validation,6,1,tenant,2.070065975189209
export_45kw_0.15,validation,6,2,tenant,2.975602388381958
export_45kw_0.15,validation,6,3,tenant,2.0731799602508545
export_45kw_0.15,validation,6,4,tenant,2.6362228393554688
export_45kw_0.15,validation,6,5,tenant,2.486579656600952
export_45kw_0.15,validation,6,6,pv_only,9.626498222351074
export_45kw_0.15,validation,6,7,pv_battery,35.241127014160156
export_45kw_0.15,validation,6,8,pv_battery,34.25795364379883
export_45kw_0.15,validation,6,9,pv_battery,40.84209060668945
export_45kw_0.15,validation,6,10,pv_only,21.76760482788086
export_45kw_0.15,validation,6,11,pv_battery,39.11909484863281
export_45kw_0.15,validation,6,12,large_flex,40.834022521972656
export_45kw_0.15,validation,6,13,large_flex,30.861360549926758
export_45kw_0.15,validation,6,14,large_flex,48.75581741333008
export_45kw_0.15,validation,6,15,pv_battery,41.71424102783203
export_45kw_0.15,validation,6,16,pv_battery,46.70549774169922
export_45kw_0.15,validation,6,17,large_flex,37.29991149902344
export_45kw_0.15,validation,7,0,tenant,-11.177692413330078
export_45kw_0.15,validation,7,1,tenant,-13.031475067138672
export_45kw_0.15,validation,7,2,tenant,-10.641572952270508
export_45kw_0.15,validation,7,3,tenant,-10.518502235412598
export_45kw_0.15,validation,7,4,tenant,-13.432379722595215
export_45kw_0.15,validation,7,5,tenant,-11.847692489624023
export_45kw_0.15,validation,7,6,pv_only,-1.4661874771118164
export_45kw_0.15,validation,7,7,pv_battery,-2.137881278991699
export_45kw_0.15,validation,7,8,pv_battery,46.76722717285156
export_45kw_0.15,validation,7,9,pv_battery,64.01114654541016
export_45kw_0.15,validation,7,10,pv_only,8.027637481689453
export_45kw_0.15,validation,7,11,pv_battery,26.202625274658203
export_45kw_0.15,validation,7,12,large_flex,24.752304077148438
export_45kw_0.15,validation,7,13,large_flex,0.4949820041656494
export_45kw_0.15,validation,7,14,large_flex,59.99913787841797
export_45kw_0.15,validation,7,15,pv_battery,52.30951690673828
export_45kw_0.15,validation,7,16,pv_battery,49.864017486572266
export_45kw_0.15,validation,7,17,large_flex,1.5242376327514648
export_45kw_0.3,validation,0,0,tenant,-14.093234062194824
export_45kw_0.3,validation,0,1,tenant,-14.448728561401367
export_45kw_0.3,validation,0,2,tenant,-15.207612991333008
export_45kw_0.3,validation,0,3,tenant,-11.83713150024414
export_45kw_0.3,validation,0,4,tenant,-14.03053092956543
export_45kw_0.3,validation,0,5,tenant,-14.329923629760742
export_45kw_0.3,validation,0,6,pv_only,-0.4083136320114136
export_45kw_0.3,validation,0,7,pv_battery,26.958778381347656
export_45kw_0.3,validation,0,8,pv_battery,40.162086486816406
export_45kw_0.3,validation,0,9,pv_battery,48.22881317138672
export_45kw_0.3,validation,0,10,pv_only,-7.603937149047852
export_45kw_0.3,validation,0,11,pv_battery,43.858482360839844
export_45kw_0.3,validation,0,12,large_flex,-18.817176818847656
export_45kw_0.3,validation,0,13,large_flex,37.40001678466797
export_45kw_0.3,validation,0,14,large_flex,39.843379974365234
export_45kw_0.3,validation,0,15,pv_battery,33.268028259277344
export_45kw_0.3,validation,0,16,pv_battery,46.189430236816406
export_45kw_0.3,validation,0,17,large_flex,9.549153327941895
export_45kw_0.3,validation,1,0,tenant,-13.7412109375
export_45kw_0.3,validation,1,1,tenant,-15.387627601623535
export_45kw_0.3,validation,1,2,tenant,-13.557205200195312
export_45kw_0.3,validation,1,3,tenant,-14.66880989074707
export_45kw_0.3,validation,1,4,tenant,-14.221077919006348
export_45kw_0.3,validation,1,5,tenant,-12.45387077331543
export_45kw_0.3,validation,1,6,pv_only,36.119075775146484
export_45kw_0.3,validation,1,7,pv_battery,6.859577178955078
export_45kw_0.3,validation,1,8,pv_battery,7.505532264709473
export_45kw_0.3,validation,1,9,pv_battery,16.500934600830078
export_45kw_0.3,validation,1,10,pv_only,15.87359619140625
export_45kw_0.3,validation,1,11,pv_battery,54.741085052490234
export_45kw_0.3,validation,1,12,large_flex,-20.823974609375
export_45kw_0.3,validation,1,13,large_flex,30.487876892089844
export_45kw_0.3,validation,1,14,large_flex,47.68556594848633
export_45kw_0.3,validation,1,15,pv_battery,38.7580451965332
export_45kw_0.3,validation,1,16,pv_battery,-0.5448952913284302
export_45kw_0.3,validation,1,17,large_flex,50.79158401489258
export_45kw_0.3,validation,2,0,tenant,-8.07160758972168
export_45kw_0.3,validation,2,1,tenant,-9.26103401184082
export_45kw_0.3,validation,2,2,tenant,-9.214426040649414
export_45kw_0.3,validation,2,3,tenant,-9.94916820526123
export_45kw_0.3,validation,2,4,tenant,-8.466691970825195
export_45kw_0.3,validation,2,5,tenant,-9.308685302734375
export_45kw_0.3,validation,2,6,pv_only,11.174920082092285
export_45kw_0.3,validation,2,7,pv_battery,33.72329330444336
export_45kw_0.3,validation,2,8,pv_battery,36.390098571777344
export_45kw_0.3,validation,2,9,pv_battery,44.34579086303711
export_45kw_0.3,validation,2,10,pv_only,37.09727478027344
export_45kw_0.3,validation,2,11,pv_battery,5.652282238006592
export_45kw_0.3,validation,2,12,large_flex,39.24385070800781
export_45kw_0.3,validation,2,13,large_flex,40.83009338378906
export_45kw_0.3,validation,2,14,large_flex,27.82693099975586
export_45kw_0.3,validation,2,15,pv_battery,46.46589660644531
export_45kw_0.3,validation,2,16,pv_battery,21.822647094726562
export_45kw_0.3,validation,2,17,large_flex,18.02423095703125
export_45kw_0.3,validation,3,0,tenant,-7.176949977874756
export_45kw_0.3,validation,3,1,tenant,-6.146980285644531
export_45kw_0.3,validation,3,2,tenant,-9.185434341430664
export_45kw_0.3,validation,3,3,tenant,-8.950376510620117
export_45kw_0.3,validation,3,4,tenant,-8.903264045715332
export_45kw_0.3,validation,3,5,tenant,-8.750622749328613
export_45kw_0.3,validation,3,6,pv_only,10.923879623413086
export_45kw_0.3,validation,3,7,pv_battery,50.819026947021484
export_45kw_0.3,validation,3,8,pv_battery,44.79463195800781
export_45kw_0.3,validation,3,9,pv_battery,46.8489875793457
export_45kw_0.3,validation,3,10,pv_only,28.17931365966797
export_45kw_0.3,validation,3,11,pv_battery,31.288593292236328
export_45kw_0.3,validation,3,12,large_flex,32.422019958496094
export_45kw_0.3,validation,3,13,large_flex,44.03423309326172
export_45kw_0.3,validation,3,14,large_flex,7.886951923370361
export_45kw_0.3,validation,3,15,pv_battery,47.369041442871094
export_45kw_0.3,validation,3,16,pv_battery,10.153531074523926
export_45kw_0.3,validation,3,17,large_flex,1.983109712600708
export_45kw_0.3,validation,4,0,tenant,-10.211540222167969
export_45kw_0.3,validation,4,1,tenant,-8.852521896362305
export_45kw_0.3,validation,4,2,tenant,-10.503531455993652
export_45kw_0.3,validation,4,3,tenant,-9.323119163513184
export_45kw_0.3,validation,4,4,tenant,-9.837624549865723
export_45kw_0.3,validation,4,5,tenant,-9.232501029968262
export_45kw_0.3,validation,4,6,pv_only,6.922096252441406
export_45kw_0.3,validation,4,7,pv_battery,26.84415626525879
export_45kw_0.3,validation,4,8,pv_battery,40.815818786621094
export_45kw_0.3,validation,4,9,pv_battery,35.88174057006836
export_45kw_0.3,validation,4,10,pv_only,32.29841613769531
export_45kw_0.3,validation,4,11,pv_battery,11.572437286376953
export_45kw_0.3,validation,4,12,large_flex,48.52900695800781
export_45kw_0.3,validation,4,13,large_flex,9.45624828338623
export_45kw_0.3,validation,4,14,large_flex,25.005279541015625
export_45kw_0.3,validation,4,15,pv_battery,48.9188232421875
export_45kw_0.3,validation,4,16,pv_battery,35.13044738769531
export_45kw_0.3,validation,4,17,large_flex,39.24542236328125
export_45kw_0.3,validation,5,0,tenant,-9.85670280456543
export_45kw_0.3,validation,5,1,tenant,-10.456646919250488
export_45kw_0.3,validation,5,2,tenant,-10.966619491577148
export_45kw_0.3,validation,5,3,tenant,-7.935549736022949
export_45kw_0.3,validation,5,4,tenant,-10.652042388916016
export_45kw_0.3,validation,5,5,tenant,-10.586454391479492
export_45kw_0.3,validation,5,6,pv_only,22.561382293701172
export_45kw_0.3,validation,5,7,pv_battery,50.419960021972656
export_45kw_0.3,validation,5,8,pv_battery,24.001968383789062
export_45kw_0.3,validation,5,9,pv_battery,14.148309707641602
export_45kw_0.3,validation,5,10,pv_only,35.5319938659668
export_45kw_0.3,validation,5,11,pv_battery,14.464210510253906
export_45kw_0.3,validation,5,12,large_flex,31.305402755737305
export_45kw_0.3,validation,5,13,large_flex,35.99225616455078
export_45kw_0.3,validation,5,14,large_flex,10.601579666137695
export_45kw_0.3,validation,5,15,pv_battery,20.867021560668945
export_45kw_0.3,validation,5,16,pv_battery,53.63652801513672
export_45kw_0.3,validation,5,17,large_flex,45.18210983276367
export_45kw_0.3,validation,6,0,tenant,9.904272079467773
export_45kw_0.3,validation,6,1,tenant,10.225984573364258
export_45kw_0.3,validation,6,2,tenant,11.131478309631348
export_45kw_0.3,validation,6,3,tenant,10.228983879089355
export_45kw_0.3,validation,6,4,tenant,10.792186737060547
export_45kw_0.3,validation,6,5,tenant,10.642369270324707
export_45kw_0.3,validation,6,6,pv_only,15.602457046508789
export_45kw_0.3,validation,6,7,pv_battery,28.919727325439453
export_45kw_0.3,validation,6,8,pv_battery,31.07383918762207
export_45kw_0.3,validation,6,9,pv_battery,33.21117401123047
export_45kw_0.3,validation,6,10,pv_only,22.717605590820312
export_45kw_0.3,validation,6,11,pv_battery,34.081966400146484
export_45kw_0.3,validation,6,12,large_flex,32.71388244628906
export_45kw_0.3,validation,6,13,large_flex,25.332313537597656
export_45kw_0.3,validation,6,14,large_flex,37.19166564941406
export_45kw_0.3,validation,6,15,pv_battery,33.348731994628906
export_45kw_0.3,validation,6,16,pv_battery,37.0888557434082
export_45kw_0.3,validation,6,17,large_flex,28.663747787475586
export_45kw_0.3,validation,7,0,tenant,-10.72251033782959
export_45kw_0.3,validation,7,1,tenant,-12.576284408569336
export_45kw_0.3,validation,7,2,tenant,-10.186412811279297
export_45kw_0.3,validation,7,3,tenant,-10.063291549682617
export_45kw_0.3,validation,7,4,tenant,-12.977134704589844
export_45kw_0.3,validation,7,5,tenant,-11.392457008361816
export_45kw_0.3,validation,7,6,pv_only,-1.3188579082489014
export_45kw_0.3,validation,7,7,pv_battery,-2.179259777069092
export_45kw_0.3,validation,7,8,pv_battery,45.87824249267578
export_45kw_0.3,validation,7,9,pv_battery,60.99191665649414
export_45kw_0.3,validation,7,10,pv_only,8.009686470031738
export_45kw_0.3,validation,7,11,pv_battery,25.434803009033203
export_45kw_0.3,validation,7,12,large_flex,23.52215003967285
export_45kw_0.3,validation,7,13,large_flex,0.3182563781738281
export_45kw_0.3,validation,7,14,large_flex,55.62681579589844
export_45kw_0.3,validation,7,15,pv_battery,50.633419036865234
export_45kw_0.3,validation,7,16,pv_battery,48.513938903808594
export_45kw_0.3,validation,7,17,large_flex,1.6056485176086426
fair_leg/default_base,test,0,0,tenant,-16.28519058227539
fair_leg/default_base,test,0,1,tenant,-15.448548316955566
fair_leg/default_base,test,0,2,tenant,-14.035711288452148
fair_leg/default_base,test,0,3,tenant,-13.054411888122559
fair_leg/default_base,test,0,4,tenant,-15.843764305114746
fair_leg/default_base,test,0,5,tenant,-14.166385650634766
fair_leg/default_base,test,0,6,pv_only,34.81307601928711
fair_leg/default_base,test,0,7,pv_battery,19.99848175048828
fair_leg/default_base,test,0,8,pv_battery,4.644675254821777
fair_leg/default_base,test,0,9,pv_battery,-3.6956706047058105
fair_leg/default_base,test,0,10,pv_only,31.53424835205078
fair_leg/default_base,test,0,11,pv_battery,20.036754608154297
fair_leg/default_base,test,0,12,large_flex,42.47785568237305
fair_leg/default_base,test,0,13,large_flex,-2.028536796569824
fair_leg/default_base,test,0,14,large_flex,22.574487686157227
fair_leg/default_base,test,0,15,pv_battery,55.450889587402344
fair_leg/default_base,test,0,16,pv_battery,11.331195831298828
fair_leg/default_base,test,0,17,large_flex,35.13421630859375
fair_leg/default_base,test,1,0,tenant,-12.096043586730957
fair_leg/default_base,test,1,1,tenant,-15.21877670288086
fair_leg/default_base,test,1,2,tenant,-12.275796890258789
fair_leg/default_base,test,1,3,tenant,-13.770963668823242
fair_leg/default_base,test,1,4,tenant,-12.313817977905273
fair_leg/default_base,test,1,5,tenant,-13.871686935424805
fair_leg/default_base,test,1,6,pv_only,30.742937088012695
fair_leg/default_base,test,1,7,pv_battery,58.6688117980957
fair_leg/default_base,test,1,8,pv_battery,55.488014221191406
fair_leg/default_base,test,1,9,pv_battery,43.13513946533203
fair_leg/default_base,test,1,10,pv_only,35.008087158203125
fair_leg/default_base,test,1,11,pv_battery,38.95808029174805
fair_leg/default_base,test,1,12,large_flex,42.796142578125
fair_leg/default_base,test,1,13,large_flex,-23.24608612060547
fair_leg/default_base,test,1,14,large_flex,46.72173309326172
fair_leg/default_base,test,1,15,pv_battery,57.36128234863281
fair_leg/default_base,test,1,16,pv_battery,43.54082107543945
fair_leg/default_base,test,1,17,large_flex,31.69515037536621
fair_leg/default_base,test,2,0,tenant,-13.676209449768066
fair_leg/default_base,test,2,1,tenant,-12.987995147705078
fair_leg/default_base,test,2,2,tenant,-14.522026062011719
fair_leg/default_base,test,2,3,tenant,-15.182524681091309
fair_leg/default_base,test,2,4,tenant,-13.056355476379395
fair_leg/default_base,test,2,5,tenant,-16.970172882080078
fair_leg/default_base,test,2,6,pv_only,11.74610710144043
fair_leg/default_base,test,2,7,pv_battery,8.927000045776367
fair_leg/default_base,test,2,8,pv_battery,8.968361854553223
fair_leg/default_base,test,2,9,pv_battery,50.825931549072266
fair_leg/default_base,test,2,10,pv_only,42.2396354675293
fair_leg/default_base,test,2,11,pv_battery,56.76648712158203
fair_leg/default_base,test,2,12,large_flex,-17.244348526000977
fair_leg/default_base,test,2,13,large_flex,24.88957405090332
fair_leg/default_base,test,2,14,large_flex,-20.567506790161133
fair_leg/default_base,test,2,15,pv_battery,59.58556365966797
fair_leg/default_base,test,2,16,pv_battery,60.249393463134766
fair_leg/default_base,test,2,17,large_flex,46.09696960449219
fair_leg/default_base,test,3,0,tenant,-14.004310607910156
fair_leg/default_base,test,3,1,tenant,-13.129216194152832
fair_leg/default_base,test,3,2,tenant,-15.718523025512695
fair_leg/default_base,test,3,3,tenant,-13.89517593383789
fair_leg/default_base,test,3,4,tenant,-13.866264343261719
fair_leg/default_base,test,3,5,tenant,-13.950020790100098
fair_leg/default_base,test,3,6,pv_only,17.233375549316406
fair_leg/default_base,test,3,7,pv_battery,19.59673309326172
fair_leg/default_base,test,3,8,pv_battery,19.892871856689453
fair_leg/default_base,test,3,9,pv_battery,26.946760177612305
fair_leg/default_base,test,3,10,pv_only,8.925947189331055
fair_leg/default_base,test,3,11,pv_battery,14.71353816986084
fair_leg/default_base,test,3,12,large_flex,11.687511444091797
fair_leg/default_base,test,3,13,large_flex,53.90320587158203
fair_leg/default_base,test,3,14,large_flex,49.557212829589844
fair_leg/default_base,test,3,15,pv_battery,47.60795593261719
fair_leg/default_base,test,3,16,pv_battery,47.930538177490234
fair_leg/default_base,test,3,17,large_flex,41.88097381591797
fair_leg/default_base,test,4,0,tenant,-13.768072128295898
fair_leg/default_base,test,4,1,tenant,-13.59528636932373
fair_leg/default_base,test,4,2,tenant,-16.194978713989258
fair_leg/default_base,test,4,3,tenant,-14.800073623657227
fair_leg/default_base,test,4,4,tenant,-14.685338973999023
fair_leg/default_base,test,4,5,tenant,-13.479825973510742
fair_leg/default_base,test,4,6,pv_only,26.374731063842773
fair_leg/default_base,test,4,7,pv_battery,44.953853607177734
fair_leg/default_base,test,4,8,pv_battery,10.478991508483887
fair_leg/default_base,test,4,9,pv_battery,55.99628448486328
fair_leg/default_base,test,4,10,pv_only,24.827404022216797
fair_leg/default_base,test,4,11,pv_battery,57.48125457763672
fair_leg/default_base,test,4,12,large_flex,60.221405029296875
fair_leg/default_base,test,4,13,large_flex,36.54943084716797
fair_leg/default_base,test,4,14,large_flex,60.429443359375
fair_leg/default_base,test,4,15,pv_battery,47.66999816894531
fair_leg/default_base,test,4,16,pv_battery,30.40874481201172
fair_leg/default_base,test,4,17,large_flex,29.879600524902344
fair_leg/default_base,test,5,0,tenant,-14.456554412841797
fair_leg/default_base,test,5,1,tenant,-16.251258850097656
fair_leg/default_base,test,5,2,tenant,-12.570091247558594
fair_leg/default_base,test,5,3,tenant,-15.450549125671387
fair_leg/default_base,test,5,4,tenant,-12.584449768066406
fair_leg/default_base,test,5,5,tenant,-14.821758270263672
fair_leg/default_base,test,5,6,pv_only,31.706632614135742
fair_leg/default_base,test,5,7,pv_battery,45.633460998535156
fair_leg/default_base,test,5,8,pv_battery,39.6859245300293
fair_leg/default_base,test,5,9,pv_battery,52.389488220214844
fair_leg/default_base,test,5,10,pv_only,11.26312255859375
fair_leg/default_base,test,5,11,pv_battery,6.075124740600586
fair_leg/default_base,test,5,12,large_flex,64.7541732788086
fair_leg/default_base,test,5,13,large_flex,0.5027713775634766
fair_leg/default_base,test,5,14,large_flex,4.2726826667785645
fair_leg/default_base,test,5,15,pv_battery,35.53194808959961
fair_leg/default_base,test,5,16,pv_battery,57.99085998535156
fair_leg/default_base,test,5,17,large_flex,6.795706748962402
fair_leg/default_base,test,6,0,tenant,-14.194000244140625
fair_leg/default_base,test,6,1,tenant,-14.376839637756348
fair_leg/default_base,test,6,2,tenant,-15.531488418579102
fair_leg/default_base,test,6,3,tenant,-14.151971817016602
fair_leg/default_base,test,6,4,tenant,-12.079887390136719
fair_leg/default_base,test,6,5,tenant,-16.167430877685547
fair_leg/default_base,test,6,6,pv_only,4.973606109619141
fair_leg/default_base,test,6,7,pv_battery,61.39447021484375
fair_leg/default_base,test,6,8,pv_battery,47.55049133300781
fair_leg/default_base,test,6,9,pv_battery,42.500125885009766
fair_leg/default_base,test,6,10,pv_only,14.319788932800293
fair_leg/default_base,test,6,11,pv_battery,0.7820074558258057
fair_leg/default_base,test,6,12,large_flex,59.26494216918945
fair_leg/default_base,test,6,13,large_flex,8.968716621398926
fair_leg/default_base,test,6,14,large_flex,31.823604583740234
fair_leg/default_base,test,6,15,pv_battery,51.237918853759766
fair_leg/default_base,test,6,16,pv_battery,37.35723114013672
fair_leg/default_base,test,6,17,large_flex,58.652305603027344
fair_leg/default_base,test,7,0,tenant,-12.658214569091797
fair_leg/default_base,test,7,1,tenant,-14.288895606994629
fair_leg/default_base,test,7,2,tenant,-14.001975059509277
fair_leg/default_base,test,7,3,tenant,-12.974903106689453
fair_leg/default_base,test,7,4,tenant,-14.492549896240234
fair_leg/default_base,test,7,5,tenant,-14.187597274780273
fair_leg/default_base,test,7,6,pv_only,36.39237976074219
fair_leg/default_base,test,7,7,pv_battery,26.189952850341797
fair_leg/default_base,test,7,8,pv_battery,28.927095413208008
fair_leg/default_base,test,7,9,pv_battery,43.31060028076172
fair_leg/default_base,test,7,10,pv_only,37.62202072143555
fair_leg/default_base,test,7,11,pv_battery,57.48408508300781
fair_leg/default_base,test,7,12,large_flex,49.11128234863281
fair_leg/default_base,test,7,13,large_flex,28.42724609375
fair_leg/default_base,test,7,14,large_flex,12.835654258728027
fair_leg/default_base,test,7,15,pv_battery,35.93180847167969
fair_leg/default_base,test,7,16,pv_battery,42.92012023925781
fair_leg/default_base,test,7,17,large_flex,57.741111755371094
fair_leg/default_base,test,8,0,tenant,-13.96621322631836
fair_leg/default_base,test,8,1,tenant,-14.30985164642334
fair_leg/default_base,test,8,2,tenant,-14.798858642578125
fair_leg/default_base,test,8,3,tenant,-15.819573402404785
fair_leg/default_base,test,8,4,tenant,-13.400920867919922
fair_leg/default_base,test,8,5,tenant,-15.104283332824707
fair_leg/default_base,test,8,6,pv_only,-6.044475078582764
fair_leg/default_base,test,8,7,pv_battery,39.147727966308594
fair_leg/default_base,test,8,8,pv_battery,12.920411109924316
fair_leg/default_base,test,8,9,pv_battery,28.782550811767578
fair_leg/default_base,test,8,10,pv_only,27.80865478515625
fair_leg/default_base,test,8,11,pv_battery,9.45617389678955
fair_leg/default_base,test,8,12,large_flex,39.561073303222656
fair_leg/default_base,test,8,13,large_flex,55.894134521484375
fair_leg/default_base,test,8,14,large_flex,26.86293601989746
fair_leg/default_base,test,8,15,pv_battery,14.734771728515625
fair_leg/default_base,test,8,16,pv_battery,19.457275390625
fair_leg/default_base,test,8,17,large_flex,36.86988067626953
fair_leg/default_base,test,9,0,tenant,-15.673818588256836
fair_leg/default_base,test,9,1,tenant,-12.422911643981934
fair_leg/default_base,test,9,2,tenant,-15.550638198852539
fair_leg/default_base,test,9,3,tenant,-14.006158828735352
fair_leg/default_base,test,9,4,tenant,-13.606691360473633
fair_leg/default_base,test,9,5,tenant,-13.96590805053711
fair_leg/default_base,test,9,6,pv_only,25.944690704345703
fair_leg/default_base,test,9,7,pv_battery,31.360416412353516
fair_leg/default_base,test,9,8,pv_battery,11.581475257873535
fair_leg/default_base,test,9,9,pv_battery,50.83475875854492
fair_leg/default_base,test,9,10,pv_only,35.67986297607422
fair_leg/default_base,test,9,11,pv_battery,2.66900634765625
fair_leg/default_base,test,9,12,large_flex,-11.919791221618652
fair_leg/default_base,test,9,13,large_flex,-17.16574478149414
fair_leg/default_base,test,9,14,large_flex,18.1013126373291
fair_leg/default_base,test,9,15,pv_battery,63.415916442871094
fair_leg/default_base,test,9,16,pv_battery,28.991695404052734
fair_leg/default_base,test,9,17,large_flex,13.86422348022461
fair_leg/default_base,test,10,0,tenant,-14.961150169372559
fair_leg/default_base,test,10,1,tenant,-12.747299194335938
fair_leg/default_base,test,10,2,tenant,-13.449151992797852
fair_leg/default_base,test,10,3,tenant,-14.698440551757812
fair_leg/default_base,test,10,4,tenant,-15.102086067199707
fair_leg/default_base,test,10,5,tenant,-13.436126708984375
fair_leg/default_base,test,10,6,pv_only,34.903533935546875
fair_leg/default_base,test,10,7,pv_battery,29.04096221923828
fair_leg/default_base,test,10,8,pv_battery,34.19028854370117
fair_leg/default_base,test,10,9,pv_battery,-2.7785816192626953
fair_leg/default_base,test,10,10,pv_only,3.5152814388275146
fair_leg/default_base,test,10,11,pv_battery,29.588878631591797
fair_leg/default_base,test,10,12,large_flex,56.41090774536133
fair_leg/default_base,test,10,13,large_flex,31.988666534423828
fair_leg/default_base,test,10,14,large_flex,13.946151733398438
fair_leg/default_base,test,10,15,pv_battery,59.90190124511719
fair_leg/default_base,test,10,16,pv_battery,10.692541122436523
fair_leg/default_base,test,10,17,large_flex,32.122161865234375
fair_leg/default_base,test,11,0,tenant,-16.163034439086914
fair_leg/default_base,test,11,1,tenant,-13.847044944763184
fair_leg/default_base,test,11,2,tenant,-15.504138946533203
fair_leg/default_base,test,11,3,tenant,-14.519521713256836
fair_leg/default_base,test,11,4,tenant,-14.941076278686523
fair_leg/default_base,test,11,5,tenant,-14.036911010742188
fair_leg/default_base,test,11,6,pv_only,29.647262573242188
fair_leg/default_base,test,11,7,pv_battery,43.06085968017578
fair_leg/default_base,test,11,8,pv_battery,23.162960052490234
fair_leg/default_base,test,11,9,pv_battery,52.55316162109375
fair_leg/default_base,test,11,10,pv_only,8.88533878326416
fair_leg/default_base,test,11,11,pv_battery,53.37200164794922
fair_leg/default_base,test,11,12,large_flex,-12.603796005249023
fair_leg/default_base,test,11,13,large_flex,46.66752243041992
fair_leg/default_base,test,11,14,large_flex,57.90211868286133
fair_leg/default_base,test,11,15,pv_battery,49.13057327270508
fair_leg/default_base,test,11,16,pv_battery,31.75734519958496
fair_leg/default_base,test,11,17,large_flex,55.90898895263672
fair_leg/default_base,test,12,0,tenant,-13.8014497756958
fair_leg/default_base,test,12,1,tenant,-13.364188194274902
fair_leg/default_base,test,12,2,tenant,-14.704877853393555
fair_leg/default_base,test,12,3,tenant,-15.600034713745117
fair_leg/default_base,test,12,4,tenant,-13.880847930908203
fair_leg/default_base,test,12,5,tenant,-14.95097541809082
fair_leg/default_base,test,12,6,pv_only,13.68120288848877
fair_leg/default_base,test,12,7,pv_battery,49.20287322998047
fair_leg/default_base,test,12,8,pv_battery,41.65068054199219
fair_leg/default_base,test,12,9,pv_battery,6.347152233123779
fair_leg/default_base,test,12,10,pv_only,40.7172737121582
fair_leg/default_base,test,12,11,pv_battery,59.843021392822266
fair_leg/default_base,test,12,12,large_flex,34.06525421142578
fair_leg/default_base,test,12,13,large_flex,21.036577224731445
fair_leg/default_base,test,12,14,large_flex,-9.4496488571167
fair_leg/default_base,test,12,15,pv_battery,2.7879087924957275
fair_leg/default_base,test,12,16,pv_battery,3.935971260070801
fair_leg/default_base,test,12,17,large_flex,43.681922912597656
fair_leg/default_base,test,13,0,tenant,-14.472601890563965
fair_leg/default_base,test,13,1,tenant,-15.592020034790039
fair_leg/default_base,test,13,2,tenant,-12.675924301147461
fair_leg/default_base,test,13,3,tenant,-15.077978134155273
fair_leg/default_base,test,13,4,tenant,-14.017698287963867
fair_leg/default_base,test,13,5,tenant,-14.923078536987305
fair_leg/default_base,test,13,6,pv_only,-9.382486343383789
fair_leg/default_base,test,13,7,pv_battery,37.10305404663086
fair_leg/default_base,test,13,8,pv_battery,46.44612121582031
fair_leg/default_base,test,13,9,pv_battery,0.20864993333816528
fair_leg/default_base,test,13,10,pv_only,30.28826904296875
fair_leg/default_base,test,13,11,pv_battery,44.962554931640625
fair_leg/default_base,test,13,12,large_flex,30.800203323364258
fair_leg/default_base,test,13,13,large_flex,59.40928649902344
fair_leg/default_base,test,13,14,large_flex,42.54304504394531
fair_leg/default_base,test,13,15,pv_battery,5.640110492706299
fair_leg/default_base,test,13,16,pv_battery,36.73309326171875
fair_leg/default_base,test,13,17,large_flex,54.898582458496094
fair_leg/default_base,test,14,0,tenant,-14.4609375
fair_leg/default_base,test,14,1,tenant,-12.0828275680542
fair_leg/default_base,test,14,2,tenant,-15.910853385925293
fair_leg/default_base,test,14,3,tenant,-13.87594985961914
fair_leg/default_base,test,14,4,tenant,-15.200407981872559
fair_leg/default_base,test,14,5,tenant,-14.691743850708008
fair_leg/default_base,test,14,6,pv_only,-0.9721965789794922
fair_leg/default_base,test,14,7,pv_battery,59.714698791503906
fair_leg/default_base,test,14,8,pv_battery,57.64637756347656
fair_leg/default_base,test,14,9,pv_battery,45.319908142089844
fair_leg/default_base,test,14,10,pv_only,36.02730178833008
fair_leg/default_base,test,14,11,pv_battery,52.4826545715332
fair_leg/default_base,test,14,12,large_flex,17.014362335205078
fair_leg/default_base,test,14,13,large_flex,54.54851531982422
fair_leg/default_base,test,14,14,large_flex,12.017461776733398
fair_leg/default_base,test,14,15,pv_battery,55.691436767578125
fair_leg/default_base,test,14,16,pv_battery,23.036884307861328
fair_leg/default_base,test,14,17,large_flex,7.311070919036865
fair_leg/default_base,test,15,0,tenant,-16.623401641845703
fair_leg/default_base,test,15,1,tenant,-14.554571151733398
fair_leg/default_base,test,15,2,tenant,-13.964282989501953
fair_leg/default_base,test,15,3,tenant,-13.981241226196289
fair_leg/default_base,test,15,4,tenant,-12.973122596740723
fair_leg/default_base,test,15,5,tenant,-13.951135635375977
fair_leg/default_base,test,15,6,pv_only,12.401165008544922
fair_leg/default_base,test,15,7,pv_battery,11.20074462890625
fair_leg/default_base,test,15,8,pv_battery,51.5869140625
fair_leg/default_base,test,15,9,pv_battery,-0.7018488645553589
fair_leg/default_base,test,15,10,pv_only,18.644752502441406
fair_leg/default_base,test,15,11,pv_battery,61.28934860229492
fair_leg/default_base,test,15,12,large_flex,7.445313453674316
fair_leg/default_base,test,15,13,large_flex,31.403188705444336
fair_leg/default_base,test,15,14,large_flex,48.132530212402344
fair_leg/default_base,test,15,15,pv_battery,40.75177764892578
fair_leg/default_base,test,15,16,pv_battery,37.11501693725586
fair_leg/default_base,test,15,17,large_flex,41.24486541748047
fair_leg/default_base,test,16,0,tenant,-14.97431755065918
fair_leg/default_base,test,16,1,tenant,-12.237300872802734
fair_leg/default_base,test,16,2,tenant,-15.10706901550293
fair_leg/default_base,test,16,3,tenant,-13.764979362487793
fair_leg/default_base,test,16,4,tenant,-12.981344223022461
fair_leg/default_base,test,16,5,tenant,-12.885662078857422
fair_leg/default_base,test,16,6,pv_only,37.57354736328125
fair_leg/default_base,test,16,7,pv_battery,25.754947662353516
fair_leg/default_base,test,16,8,pv_battery,15.238028526306152
fair_leg/default_base,test,16,9,pv_battery,39.91864776611328
fair_leg/default_base,test,16,10,pv_only,23.377330780029297
fair_leg/default_base,test,16,11,pv_battery,55.43382263183594
fair_leg/default_base,test,16,12,large_flex,5.179792404174805
fair_leg/default_base,test,16,13,large_flex,-7.069627285003662
fair_leg/default_base,test,16,14,large_flex,53.18785095214844
fair_leg/default_base,test,16,15,pv_battery,50.24920654296875
fair_leg/default_base,test,16,16,pv_battery,61.434791564941406
fair_leg/default_base,test,16,17,large_flex,37.069271087646484
fair_leg/default_base,test,17,0,tenant,-14.04487133026123
fair_leg/default_base,test,17,1,tenant,-12.981062889099121
fair_leg/default_base,test,17,2,tenant,-12.157176971435547
fair_leg/default_base,test,17,3,tenant,-14.501096725463867
fair_leg/default_base,test,17,4,tenant,-13.131635665893555
fair_leg/default_base,test,17,5,tenant,-14.182909965515137
fair_leg/default_base,test,17,6,pv_only,23.871257781982422
fair_leg/default_base,test,17,7,pv_battery,53.322265625
fair_leg/default_base,test,17,8,pv_battery,37.80060577392578
fair_leg/default_base,test,17,9,pv_battery,52.50432205200195
fair_leg/default_base,test,17,10,pv_only,20.698780059814453
fair_leg/default_base,test,17,11,pv_battery,35.0388069152832
fair_leg/default_base,test,17,12,large_flex,45.78684616088867
fair_leg/default_base,test,17,13,large_flex,14.942608833312988
fair_leg/default_base,test,17,14,large_flex,41.30419921875
fair_leg/default_base,test,17,15,pv_battery,63.03303909301758
fair_leg/default_base,test,17,16,pv_battery,25.05029296875
fair_leg/default_base,test,17,17,large_flex,36.81588363647461
fair_leg/default_base,test,18,0,tenant,-13.959207534790039
fair_leg/default_base,test,18,1,tenant,-13.995662689208984
fair_leg/default_base,test,18,2,tenant,-14.475866317749023
fair_leg/default_base,test,18,3,tenant,-13.895095825195312
fair_leg/default_base,test,18,4,tenant,-12.989038467407227
fair_leg/default_base,test,18,5,tenant,-15.85465145111084
fair_leg/default_base,test,18,6,pv_only,-12.626225471496582
fair_leg/default_base,test,18,7,pv_battery,43.987972259521484
fair_leg/default_base,test,18,8,pv_battery,18.875818252563477
fair_leg/default_base,test,18,9,pv_battery,50.995155334472656
fair_leg/default_base,test,18,10,pv_only,35.99921417236328
fair_leg/default_base,test,18,11,pv_battery,38.42681121826172
fair_leg/default_base,test,18,12,large_flex,53.32585144042969
fair_leg/default_base,test,18,13,large_flex,57.75768280029297
fair_leg/default_base,test,18,14,large_flex,56.55023956298828
fair_leg/default_base,test,18,15,pv_battery,58.94476318359375
fair_leg/default_base,test,18,16,pv_battery,51.133087158203125
fair_leg/default_base,test,18,17,large_flex,-5.907864093780518
fair_leg/default_base,test,19,0,tenant,-15.425457000732422
fair_leg/default_base,test,19,1,tenant,-13.310744285583496
fair_leg/default_base,test,19,2,tenant,-13.280084609985352
fair_leg/default_base,test,19,3,tenant,-13.128776550292969
fair_leg/default_base,test,19,4,tenant,-13.567522048950195
fair_leg/default_base,test,19,5,tenant,-11.85257339477539
fair_leg/default_base,test,19,6,pv_only,25.91107940673828
fair_leg/default_base,test,19,7,pv_battery,60.70052719116211
fair_leg/default_base,test,19,8,pv_battery,11.224384307861328
fair_leg/default_base,test,19,9,pv_battery,13.690773963928223
fair_leg/default_base,test,19,10,pv_only,40.45911407470703
fair_leg/default_base,test,19,11,pv_battery,26.486967086791992
fair_leg/default_base,test,19,12,large_flex,21.14931297302246
fair_leg/default_base,test,19,13,large_flex,33.11079025268555
fair_leg/default_base,test,19,14,large_flex,27.213993072509766
fair_leg/default_base,test,19,15,pv_battery,8.307690620422363
fair_leg/default_base,test,19,16,pv_battery,19.404293060302734
fair_leg/default_base,test,19,17,large_flex,61.73321533203125
tariff/fixed_base,test,0,0,tenant,-13.545393943786621
tariff/fixed_base,test,0,1,tenant,-12.708751678466797
tariff/fixed_base,test,0,2,tenant,-11.295914649963379
tariff/fixed_base,test,0,3,tenant,-10.314615249633789
tariff/fixed_base,test,0,4,tenant,-13.103967666625977
tariff/fixed_base,test,0,5,tenant,-11.426589012145996
tariff/fixed_base,test,0,6,pv_only,32.19242858886719
tariff/fixed_base,test,0,7,pv_battery,16.388158798217773
tariff/fixed_base,test,0,8,pv_battery,7.367335796356201
tariff/fixed_base,test,0,9,pv_battery,-1.0079591274261475
tariff/fixed_base,test,0,10,pv_only,30.144676208496094
tariff/fixed_base,test,0,11,pv_battery,17.065338134765625
tariff/fixed_base,test,0,12,large_flex,38.83417510986328
tariff/fixed_base,test,0,13,large_flex,-3.655999183654785
tariff/fixed_base,test,0,14,large_flex,22.317781448364258
tariff/fixed_base,test,0,15,pv_battery,50.59696960449219
tariff/fixed_base,test,0,16,pv_battery,11.91686725616455
tariff/fixed_base,test,0,17,large_flex,33.67312240600586
tariff/fixed_base,test,1,0,tenant,25.534223556518555
tariff/fixed_base,test,1,1,tenant,22.411489486694336
tariff/fixed_base,test,1,2,tenant,25.354473114013672
tariff/fixed_base,test,1,3,tenant,23.859302520751953
tariff/fixed_base,test,1,4,tenant,25.316448211669922
tariff/fixed_base,test,1,5,tenant,23.758581161499023
tariff/fixed_base,test,1,6,pv_only,21.7940673828125
tariff/fixed_base,test,1,7,pv_battery,20.66669464111328
tariff/fixed_base,test,1,8,pv_battery,21.41754913330078
tariff/fixed_base,test,1,9,pv_battery,20.8079833984375
tariff/fixed_base,test,1,10,pv_only,22.909093856811523
tariff/fixed_base,test,1,11,pv_battery,23.75848388671875
tariff/fixed_base,test,1,12,large_flex,15.999237060546875
tariff/fixed_base,test,1,13,large_flex,13.960227012634277
tariff/fixed_base,test,1,14,large_flex,10.119644165039062
tariff/fixed_base,test,1,15,pv_battery,20.329246520996094
tariff/fixed_base,test,1,16,pv_battery,18.87335968017578
tariff/fixed_base,test,1,17,large_flex,24.452926635742188
tariff/fixed_base,test,2,0,tenant,-2.1684646606445312
tariff/fixed_base,test,2,1,tenant,-1.4802498817443848
tariff/fixed_base,test,2,2,tenant,-3.0142810344696045
tariff/fixed_base,test,2,3,tenant,-3.6747796535491943
tariff/fixed_base,test,2,4,tenant,-1.548609733581543
tariff/fixed_base,test,2,5,tenant,-5.462427616119385
tariff/fixed_base,test,2,6,pv_only,13.932534217834473
tariff/fixed_base,test,2,7,pv_battery,11.390027046203613
tariff/fixed_base,test,2,8,pv_battery,9.743755340576172
tariff/fixed_base,test,2,9,pv_battery,40.40023422241211
tariff/fixed_base,test,2,10,pv_only,33.359886169433594
tariff/fixed_base,test,2,11,pv_battery,40.69314193725586
tariff/fixed_base,test,2,12,large_flex,-7.53184700012207
tariff/fixed_base,test,2,13,large_flex,13.728452682495117
tariff/fixed_base,test,2,14,large_flex,-9.196638107299805
tariff/fixed_base,test,2,15,pv_battery,43.00371551513672
tariff/fixed_base,test,2,16,pv_battery,45.141075134277344
tariff/fixed_base,test,2,17,large_flex,28.772356033325195
tariff/fixed_base,test,3,0,tenant,-1.6100726127624512
tariff/fixed_base,test,3,1,tenant,-0.7349778413772583
tariff/fixed_base,test,3,2,tenant,-3.324286460876465
tariff/fixed_base,test,3,3,tenant,-1.5009374618530273
tariff/fixed_base,test,3,4,tenant,-1.4720268249511719
tariff/fixed_base,test,3,5,tenant,-1.5557832717895508
tariff/fixed_base,test,3,6,pv_only,16.848506927490234
tariff/fixed_base,test,3,7,pv_battery,17.977970123291016
tariff/fixed_base,test,3,8,pv_battery,21.464242935180664
tariff/fixed_base,test,3,9,pv_battery,22.970836639404297
tariff/fixed_base,test,3,10,pv_only,12.96833610534668
tariff/fixed_base,test,3,11,pv_battery,18.625499725341797
tariff/fixed_base,test,3,12,large_flex,16.09893035888672
tariff/fixed_base,test,3,13,large_flex,32.97900390625
tariff/fixed_base,test,3,14,large_flex,29.106822967529297
tariff/fixed_base,test,3,15,pv_battery,36.77607345581055
tariff/fixed_base,test,3,16,pv_battery,34.448463439941406
tariff/fixed_base,test,3,17,large_flex,25.24650764465332
tariff/fixed_base,test,4,0,tenant,28.30946922302246
tariff/fixed_base,test,4,1,tenant,28.482254028320312
tariff/fixed_base,test,4,2,tenant,25.882564544677734
tariff/fixed_base,test,4,3,tenant,27.277469635009766
tariff/fixed_base,test,4,4,tenant,27.39220428466797
tariff/fixed_base,test,4,5,tenant,28.59771728515625
tariff/fixed_base,test,4,6,pv_only,19.444068908691406
tariff/fixed_base,test,4,7,pv_battery,24.146156311035156
tariff/fixed_base,test,4,8,pv_battery,34.33726501464844
tariff/fixed_base,test,4,9,pv_battery,20.80390167236328
tariff/fixed_base,test,4,10,pv_only,25.29064178466797
tariff/fixed_base,test,4,11,pv_battery,22.085617065429688
tariff/fixed_base,test,4,12,large_flex,5.857644557952881
tariff/fixed_base,test,4,13,large_flex,13.728270530700684
tariff/fixed_base,test,4,14,large_flex,5.869520664215088
tariff/fixed_base,test,4,15,pv_battery,16.953392028808594
tariff/fixed_base,test,4,16,pv_battery,24.80160903930664
tariff/fixed_base,test,4,17,large_flex,19.487794876098633
tariff/fixed_base,test,5,0,tenant,-4.874260902404785
tariff/fixed_base,test,5,1,tenant,-6.668963432312012
tariff/fixed_base,test,5,2,tenant,-2.987797498703003
tariff/fixed_base,test,5,3,tenant,-5.868255615234375
tariff/fixed_base,test,5,4,tenant,-3.002156972885132
tariff/fixed_base,test,5,5,tenant,-5.23946475982666
tariff/fixed_base,test,5,6,pv_only,25.207443237304688
tariff/fixed_base,test,5,7,pv_battery,35.436973571777344
tariff/fixed_base,test,5,8,pv_battery,31.534164428710938
tariff/fixed_base,test,5,9,pv_battery,40.82660675048828
tariff/fixed_base,test,5,10,pv_only,13.151637077331543
tariff/fixed_base,test,5,11,pv_battery,11.205554008483887
tariff/fixed_base,test,5,12,large_flex,44.36246109008789
tariff/fixed_base,test,5,13,large_flex,4.593410491943359
tariff/fixed_base,test,5,14,large_flex,8.901185989379883
tariff/fixed_base,test,5,15,pv_battery,28.68950080871582
tariff/fixed_base,test,5,16,pv_battery,44.26123809814453
tariff/fixed_base,test,5,17,large_flex,10.93796157836914
tariff/fixed_base,test,6,0,tenant,12.883637428283691
tariff/fixed_base,test,6,1,tenant,12.700798034667969
tariff/fixed_base,test,6,2,tenant,11.546149253845215
tariff/fixed_base,test,6,3,tenant,12.925665855407715
tariff/fixed_base,test,6,4,tenant,14.997750282287598
tariff/fixed_base,test,6,5,tenant,10.91020679473877
tariff/fixed_base,test,6,6,pv_only,14.012649536132812
tariff/fixed_base,test,6,7,pv_battery,32.14133071899414
tariff/fixed_base,test,6,8,pv_battery,24.481664657592773
tariff/fixed_base,test,6,9,pv_battery,21.581043243408203
tariff/fixed_base,test,6,10,pv_only,24.251359939575195
tariff/fixed_base,test,6,11,pv_battery,25.505632400512695
tariff/fixed_base,test,6,12,large_flex,20.93429183959961
tariff/fixed_base,test,6,13,large_flex,13.547393798828125
tariff/fixed_base,test,6,14,large_flex,12.425331115722656
tariff/fixed_base,test,6,15,pv_battery,27.857351303100586
tariff/fixed_base,test,6,16,pv_battery,19.422039031982422
tariff/fixed_base,test,6,17,large_flex,20.19928741455078
tariff/fixed_base,test,7,0,tenant,19.92522621154785
tariff/fixed_base,test,7,1,tenant,18.294544219970703
tariff/fixed_base,test,7,2,tenant,18.581464767456055
tariff/fixed_base,test,7,3,tenant,19.608535766601562
tariff/fixed_base,test,7,4,tenant,18.090890884399414
tariff/fixed_base,test,7,5,tenant,18.395841598510742
tariff/fixed_base,test,7,6,pv_only,22.534801483154297
tariff/fixed_base,test,7,7,pv_battery,22.780132293701172
tariff/fixed_base,test,7,8,pv_battery,21.501169204711914
tariff/fixed_base,test,7,9,pv_battery,27.707239151000977
tariff/fixed_base,test,7,10,pv_only,23.75412368774414
tariff/fixed_base,test,7,11,pv_battery,28.52811622619629
tariff/fixed_base,test,7,12,large_flex,14.541690826416016
tariff/fixed_base,test,7,13,large_flex,17.810943603515625
tariff/fixed_base,test,7,14,large_flex,22.252172470092773
tariff/fixed_base,test,7,15,pv_battery,22.539756774902344
tariff/fixed_base,test,7,16,pv_battery,23.19013023376465
tariff/fixed_base,test,7,17,large_flex,14.252446174621582
tariff/fixed_base,test,8,0,tenant,-6.5615081787109375
tariff/fixed_base,test,8,1,tenant,-6.905146598815918
tariff/fixed_base,test,8,2,tenant,-7.3941545486450195
tariff/fixed_base,test,8,3,tenant,-8.414868354797363
tariff/fixed_base,test,8,4,tenant,-5.996216297149658
tariff/fixed_base,test,8,5,tenant,-7.699578762054443
tariff/fixed_base,test,8,6,pv_only,-0.3658386468887329
tariff/fixed_base,test,8,7,pv_battery,34.954986572265625
tariff/fixed_base,test,8,8,pv_battery,13.0706787109375
tariff/fixed_base,test,8,9,pv_battery,21.37126350402832
tariff/fixed_base,test,8,10,pv_only,23.284351348876953
tariff/fixed_base,test,8,11,pv_battery,16.191524505615234
tariff/fixed_base,test,8,12,large_flex,28.60687828063965
tariff/fixed_base,test,8,13,large_flex,43.92023849487305
tariff/fixed_base,test,8,14,large_flex,17.192615509033203
tariff/fixed_base,test,8,15,pv_battery,16.36416244506836
tariff/fixed_base,test,8,16,pv_battery,13.815570831298828
tariff/fixed_base,test,8,17,large_flex,32.616455078125
tariff/fixed_base,test,9,0,tenant,-14.829169273376465
tariff/fixed_base,test,9,1,tenant,-11.57826042175293
tariff/fixed_base,test,9,2,tenant,-14.705986976623535
tariff/fixed_base,test,9,3,tenant,-13.161508560180664
tariff/fixed_base,test,9,4,tenant,-12.762039184570312
tariff/fixed_base,test,9,5,tenant,-13.121257781982422
tariff/fixed_base,test,9,6,pv_only,25.12169647216797
tariff/fixed_base,test,9,7,pv_battery,30.814895629882812
tariff/fixed_base,test,9,8,pv_battery,11.38035774230957
tariff/fixed_base,test,9,9,pv_battery,50.52177429199219
tariff/fixed_base,test,9,10,pv_only,34.7815055847168
tariff/fixed_base,test,9,11,pv_battery,2.4976768493652344
tariff/fixed_base,test,9,12,large_flex,-12.08327579498291
tariff/fixed_base,test,9,13,large_flex,-16.333948135375977
tariff/fixed_base,test,9,14,large_flex,17.286945343017578
tariff/fixed_base,test,9,15,pv_battery,61.74822998046875
tariff/fixed_base,test,9,16,pv_battery,28.218242645263672
tariff/fixed_base,test,9,17,large_flex,14.335813522338867
tariff/fixed_base,test,10,0,tenant,-5.1423845291137695
tariff/fixed_base,test,10,1,tenant,-2.9285330772399902
tariff/fixed_base,test,10,2,tenant,-3.6303858757019043
tariff/fixed_base,test,10,3,tenant,-4.879674434661865
tariff/fixed_base,test,10,4,tenant,-5.28331995010376
tariff/fixed_base,test,10,5,tenant,-3.6173601150512695
tariff/fixed_base,test,10,6,pv_only,29.194889068603516
tariff/fixed_base,test,10,7,pv_battery,19.003135681152344
tariff/fixed_base,test,10,8,pv_battery,32.21849060058594
tariff/fixed_base,test,10,9,pv_battery,6.062263488769531
tariff/fixed_base,test,10,10,pv_only,8.507059097290039
tariff/fixed_base,test,10,11,pv_battery,23.78045654296875
tariff/fixed_base,test,10,12,large_flex,39.51372528076172
tariff/fixed_base,test,10,13,large_flex,21.04372787475586
tariff/fixed_base,test,10,14,large_flex,8.658348083496094
tariff/fixed_base,test,10,15,pv_battery,46.39280319213867
tariff/fixed_base,test,10,16,pv_battery,12.068170547485352
tariff/fixed_base,test,10,17,large_flex,28.16702651977539
tariff/fixed_base,test,11,0,tenant,16.814058303833008
tariff/fixed_base,test,11,1,tenant,19.130046844482422
tariff/fixed_base,test,11,2,tenant,17.47295379638672
tariff/fixed_base,test,11,3,tenant,18.457571029663086
tariff/fixed_base,test,11,4,tenant,18.03601837158203
tariff/fixed_base,test,11,5,tenant,18.940181732177734
tariff/fixed_base,test,11,6,pv_only,21.220226287841797
tariff/fixed_base,test,11,7,pv_battery,21.63895606994629
tariff/fixed_base,test,11,8,pv_battery,19.359140396118164
tariff/fixed_base,test,11,9,pv_battery,25.077091217041016
tariff/fixed_base,test,11,10,pv_only,21.3394718170166
tariff/fixed_base,test,11,11,pv_battery,26.326229095458984
tariff/fixed_base,test,11,12,large_flex,9.316688537597656
tariff/fixed_base,test,11,13,large_flex,9.669628143310547
tariff/fixed_base,test,11,14,large_flex,13.808420181274414
tariff/fixed_base,test,11,15,pv_battery,30.47104835510254
tariff/fixed_base,test,11,16,pv_battery,29.6019344329834
tariff/fixed_base,test,11,17,large_flex,13.752947807312012
tariff/fixed_base,test,12,0,tenant,-7.307347774505615
tariff/fixed_base,test,12,1,tenant,-6.870086669921875
tariff/fixed_base,test,12,2,tenant,-8.210775375366211
tariff/fixed_base,test,12,3,tenant,-9.10593318939209
tariff/fixed_base,test,12,4,tenant,-7.386745452880859
tariff/fixed_base,test,12,5,tenant,-8.45687484741211
tariff/fixed_base,test,12,6,pv_only,13.57642936706543
tariff/fixed_base,test,12,7,pv_battery,39.94499969482422
tariff/fixed_base,test,12,8,pv_battery,36.436248779296875
tariff/fixed_base,test,12,9,pv_battery,8.449934959411621
tariff/fixed_base,test,12,10,pv_only,34.639766693115234
tariff/fixed_base,test,12,11,pv_battery,49.15460968017578
tariff/fixed_base,test,12,12,large_flex,25.32008934020996
tariff/fixed_base,test,12,13,large_flex,16.503015518188477
tariff/fixed_base,test,12,14,large_flex,-4.343982219696045
tariff/fixed_base,test,12,15,pv_battery,5.703222274780273
tariff/fixed_base,test,12,16,pv_battery,8.46164321899414
tariff/fixed_base,test,12,17,large_flex,34.68960189819336
tariff/fixed_base,test,13,0,tenant,2.537299633026123
tariff/fixed_base,test,13,1,tenant,1.4178810119628906
tariff/fixed_base,test,13,2,tenant,4.333975791931152
tariff/fixed_base,test,13,3,tenant,1.9319226741790771
tariff/fixed_base,test,13,4,tenant,2.9922022819519043
tariff/fixed_base,test,13,5,tenant,2.086822509765625
tariff/fixed_base,test,13,6,pv_only,4.987738609313965
tariff/fixed_base,test,13,7,pv_battery,28.103759765625
tariff/fixed_base,test,13,8,pv_battery,31.0462589263916
tariff/fixed_base,test,13,9,pv_battery,14.398950576782227
tariff/fixed_base,test,13,10,pv_only,22.828731536865234
tariff/fixed_base,test,13,11,pv_battery,28.18863296508789
tariff/fixed_base,test,13,12,large_flex,15.254864692687988
tariff/fixed_base,test,13,13,large_flex,32.63195037841797
tariff/fixed_base,test,13,14,large_flex,22.811378479003906
tariff/fixed_base,test,13,15,pv_battery,18.825838088989258
tariff/fixed_base,test,13,16,pv_battery,31.85346031188965
tariff/fixed_base,test,13,17,large_flex,26.659523010253906
tariff/fixed_base,test,14,0,tenant,10.921133041381836
tariff/fixed_base,test,14,1,tenant,13.299242973327637
tariff/fixed_base,test,14,2,tenant,9.471216201782227
tariff/fixed_base,test,14,3,tenant,11.506119728088379
tariff/fixed_base,test,14,4,tenant,10.181661605834961
tariff/fixed_base,test,14,5,tenant,10.690325736999512
tariff/fixed_base,test,14,6,pv_only,14.742583274841309
tariff/fixed_base,test,14,7,pv_battery,27.302520751953125
tariff/fixed_base,test,14,8,pv_battery,31.86289405822754
tariff/fixed_base,test,14,9,pv_battery,29.64563751220703
tariff/fixed_base,test,14,10,pv_only,24.331254959106445
tariff/fixed_base,test,14,11,pv_battery,27.52108383178711
tariff/fixed_base,test,14,12,large_flex,8.070307731628418
tariff/fixed_base,test,14,13,large_flex,18.305767059326172
tariff/fixed_base,test,14,14,large_flex,15.985183715820312
tariff/fixed_base,test,14,15,pv_battery,26.850162506103516
tariff/fixed_base,test,14,16,pv_battery,23.664749145507812
tariff/fixed_base,test,14,17,large_flex,19.263904571533203
tariff/fixed_base,test,15,0,tenant,-3.4315407276153564
tariff/fixed_base,test,15,1,tenant,-1.3627080917358398
tariff/fixed_base,test,15,2,tenant,-0.7724213600158691
tariff/fixed_base,test,15,3,tenant,-0.7893791198730469
tariff/fixed_base,test,15,4,tenant,0.21873998641967773
tariff/fixed_base,test,15,5,tenant,-0.7592735290527344
tariff/fixed_base,test,15,6,pv_only,13.21943473815918
tariff/fixed_base,test,15,7,pv_battery,18.436141967773438
tariff/fixed_base,test,15,8,pv_battery,37.77672576904297
tariff/fixed_base,test,15,9,pv_battery,10.698694229125977
tariff/fixed_base,test,15,10,pv_only,14.686016082763672
tariff/fixed_base,test,15,11,pv_battery,44.15996551513672
tariff/fixed_base,test,15,12,large_flex,14.065261840820312
tariff/fixed_base,test,15,13,large_flex,22.573469161987305
tariff/fixed_base,test,15,14,large_flex,28.964677810668945
tariff/fixed_base,test,15,15,pv_battery,27.31975555419922
tariff/fixed_base,test,15,16,pv_battery,27.42896270751953
tariff/fixed_base,test,15,17,large_flex,22.033470153808594
tariff/fixed_base,test,16,0,tenant,7.460354328155518
tariff/fixed_base,test,16,1,tenant,10.197370529174805
tariff/fixed_base,test,16,2,tenant,7.327601432800293
tariff/fixed_base,test,16,3,tenant,8.669692039489746
tariff/fixed_base,test,16,4,tenant,9.453326225280762
tariff/fixed_base,test,16,5,tenant,9.549009323120117
tariff/fixed_base,test,16,6,pv_only,24.776296615600586
tariff/fixed_base,test,16,7,pv_battery,23.84049415588379
tariff/fixed_base,test,16,8,pv_battery,22.345911026000977
tariff/fixed_base,test,16,9,pv_battery,22.232929229736328
tariff/fixed_base,test,16,10,pv_only,19.193086624145508
tariff/fixed_base,test,16,11,pv_battery,26.755847930908203
tariff/fixed_base,test,16,12,large_flex,16.885690689086914
tariff/fixed_base,test,16,13,large_flex,12.587674140930176
tariff/fixed_base,test,16,14,large_flex,19.665523529052734
tariff/fixed_base,test,16,15,pv_battery,28.509021759033203
tariff/fixed_base,test,16,16,pv_battery,35.22235107421875
tariff/fixed_base,test,16,17,large_flex,10.724753379821777
tariff/fixed_base,test,17,0,tenant,18.545223236083984
tariff/fixed_base,test,17,1,tenant,19.609031677246094
tariff/fixed_base,test,17,2,tenant,20.432918548583984
tariff/fixed_base,test,17,3,tenant,18.088998794555664
tariff/fixed_base,test,17,4,tenant,19.458457946777344
tariff/fixed_base,test,17,5,tenant,18.407184600830078
tariff/fixed_base,test,17,6,pv_only,22.08193588256836
tariff/fixed_base,test,17,7,pv_battery,23.81382942199707
tariff/fixed_base,test,17,8,pv_battery,23.56918716430664
tariff/fixed_base,test,17,9,pv_battery,24.704896926879883
tariff/fixed_base,test,17,10,pv_only,24.066150665283203
tariff/fixed_base,test,17,11,pv_battery,23.674821853637695
tariff/fixed_base,test,17,12,large_flex,12.101200103759766
tariff/fixed_base,test,17,13,large_flex,29.4063663482666
tariff/fixed_base,test,17,14,large_flex,11.347740173339844
tariff/fixed_base,test,17,15,pv_battery,24.712020874023438
tariff/fixed_base,test,17,16,pv_battery,23.04029083251953
tariff/fixed_base,test,17,17,large_flex,12.109903335571289
tariff/fixed_base,test,18,0,tenant,20.6988525390625
tariff/fixed_base,test,18,1,tenant,20.662399291992188
tariff/fixed_base,test,18,2,tenant,20.18219566345215
tariff/fixed_base,test,18,3,tenant,20.76296615600586
tariff/fixed_base,test,18,4,tenant,21.669021606445312
tariff/fixed_base,test,18,5,tenant,18.803409576416016
tariff/fixed_base,test,18,6,pv_only,19.926698684692383
tariff/fixed_base,test,18,7,pv_battery,20.990882873535156
tariff/fixed_base,test,18,8,pv_battery,30.065643310546875
tariff/fixed_base,test,18,9,pv_battery,20.976842880249023
tariff/fixed_base,test,18,10,pv_only,22.341272354125977
tariff/fixed_base,test,18,11,pv_battery,23.36159896850586
tariff/fixed_base,test,18,12,large_flex,13.496870040893555
tariff/fixed_base,test,18,13,large_flex,10.473939895629883
tariff/fixed_base,test,18,14,large_flex,10.955667495727539
tariff/fixed_base,test,18,15,pv_battery,23.14297866821289
tariff/fixed_base,test,18,16,pv_battery,22.613176345825195
tariff/fixed_base,test,18,17,large_flex,21.168575286865234
tariff/fixed_base,test,19,0,tenant,-5.869126796722412
tariff/fixed_base,test,19,1,tenant,-3.7544138431549072
tariff/fixed_base,test,19,2,tenant,-3.7237534523010254
tariff/fixed_base,test,19,3,tenant,-3.57244610786438
tariff/fixed_base,test,19,4,tenant,-4.0111918449401855
tariff/fixed_base,test,19,5,tenant,-2.2962429523468018
tariff/fixed_base,test,19,6,pv_only,22.26422119140625
tariff/fixed_base,test,19,7,pv_battery,47.24329376220703
tariff/fixed_base,test,19,8,pv_battery,13.004316329956055
tariff/fixed_base,test,19,9,pv_battery,15.452613830566406
tariff/fixed_base,test,19,10,pv_only,32.750732421875
tariff/fixed_base,test,19,11,pv_battery,23.561904907226562
tariff/fixed_base,test,19,12,large_flex,18.989559173583984
tariff/fixed_base,test,19,13,large_flex,27.274320602416992
tariff/fixed_base,test,19,14,large_flex,18.314332962036133
tariff/fixed_base,test,19,15,pv_battery,12.25952434539795
tariff/fixed_base,test,19,16,pv_battery,17.56784439086914
tariff/fixed_base,test,19,17,large_flex,43.37150573730469
tariff/tuned_base,test,0,0,tenant,-14.954550743103027
tariff/tuned_base,test,0,1,tenant,-14.122666358947754
tariff/tuned_base,test,0,2,tenant,-12.70501708984375
tariff/tuned_base,test,0,3,tenant,-11.730194091796875
tariff/tuned_base,test,0,4,tenant,-14.515568733215332
tariff/tuned_base,test,0,5,tenant,-12.839564323425293
tariff/tuned_base,test,0,6,pv_only,33.39967346191406
tariff/tuned_base,test,0,7,pv_battery,18.34361457824707
tariff/tuned_base,test,0,8,pv_battery,5.698807239532471
tariff/tuned_base,test,0,9,pv_battery,-3.0273361206054688
tariff/tuned_base,test,0,10,pv_only,30.823562622070312
tariff/tuned_base,test,0,11,pv_battery,18.832672119140625
tariff/tuned_base,test,0,12,large_flex,40.624935150146484
tariff/tuned_base,test,0,13,large_flex,-4.222286701202393
tariff/tuned_base,test,0,14,large_flex,22.48210334777832
tariff/tuned_base,test,0,15,pv_battery,53.14495086669922
tariff/tuned_base,test,0,16,pv_battery,11.510404586791992
tariff/tuned_base,test,0,17,large_flex,33.514015197753906
tariff/tuned_base,test,1,0,tenant,12.906667709350586
tariff/tuned_base,test,1,1,tenant,9.787389755249023
tariff/tuned_base,test,1,2,tenant,12.728567123413086
tariff/tuned_base,test,1,3,tenant,11.232243537902832
tariff/tuned_base,test,1,4,tenant,12.691404342651367
tariff/tuned_base,test,1,5,tenant,11.135079383850098
tariff/tuned_base,test,1,6,pv_only,23.470664978027344
tariff/tuned_base,test,1,7,pv_battery,33.1766471862793
tariff/tuned_base,test,1,8,pv_battery,33.0172004699707
tariff/tuned_base,test,1,9,pv_battery,27.390857696533203
tariff/tuned_base,test,1,10,pv_only,24.425922393798828
tariff/tuned_base,test,1,11,pv_battery,27.921693801879883
tariff/tuned_base,test,1,12,large_flex,24.76207733154297
tariff/tuned_base,test,1,13,large_flex,-2.214433431625366
tariff/tuned_base,test,1,14,large_flex,26.09601402282715
tariff/tuned_base,test,1,15,pv_battery,33.059654235839844
tariff/tuned_base,test,1,16,pv_battery,26.92498207092285
tariff/tuned_base,test,1,17,large_flex,28.133073806762695
tariff/tuned_base,test,2,0,tenant,-8.541187286376953
tariff/tuned_base,test,2,1,tenant,-7.849340915679932
tariff/tuned_base,test,2,2,tenant,-9.389670372009277
tariff/tuned_base,test,2,3,tenant,-10.040459632873535
tariff/tuned_base,test,2,4,tenant,-7.918919563293457
tariff/tuned_base,test,2,5,tenant,-11.828165054321289
tariff/tuned_base,test,2,6,pv_only,12.444389343261719
tariff/tuned_base,test,2,7,pv_battery,10.138744354248047
tariff/tuned_base,test,2,8,pv_battery,8.549013137817383
tariff/tuned_base,test,2,9,pv_battery,46.47428894042969
tariff/tuned_base,test,2,10,pv_only,37.388206481933594
tariff/tuned_base,test,2,11,pv_battery,49.370506286621094
tariff/tuned_base,test,2,12,large_flex,-13.432141304016113
tariff/tuned_base,test,2,13,large_flex,19.37482452392578
tariff/tuned_base,test,2,14,large_flex,-15.92547607421875
tariff/tuned_base,test,2,15,pv_battery,51.62921905517578
tariff/tuned_base,test,2,16,pv_battery,53.3653450012207
tariff/tuned_base,test,2,17,large_flex,39.36274719238281
tariff/tuned_base,test,3,0,tenant,-9.905255317687988
tariff/tuned_base,test,3,1,tenant,-9.027240753173828
tariff/tuned_base,test,3,2,tenant,-11.61612319946289
tariff/tuned_base,test,3,3,tenant,-9.794065475463867
tariff/tuned_base,test,3,4,tenant,-9.76941204071045
tariff/tuned_base,test,3,5,tenant,-9.85934066772461
tariff/tuned_base,test,3,6,pv_only,16.762493133544922
tariff/tuned_base,test,3,7,pv_battery,18.9130802154541
tariff/tuned_base,test,3,8,pv_battery,19.989501953125
tariff/tuned_base,test,3,9,pv_battery,25.236356735229492
tariff/tuned_base,test,3,10,pv_only,10.060712814331055
tariff/tuned_base,test,3,11,pv_battery,14.497537612915039
tariff/tuned_base,test,3,12,large_flex,11.933539390563965
tariff/tuned_base,test,3,13,large_flex,47.353973388671875
tariff/tuned_base,test,3,14,large_flex,42.63890075683594
tariff/tuned_base,test,3,15,pv_battery,43.37915802001953
tariff/tuned_base,test,3,16,pv_battery,43.969749450683594
tariff/tuned_base,test,3,17,large_flex,36.69842529296875
tariff/tuned_base,test,4,0,tenant,12.298261642456055
tariff/tuned_base,test,4,1,tenant,12.473726272583008
tariff/tuned_base,test,4,2,tenant,9.876394271850586
tariff/tuned_base,test,4,3,tenant,11.266711235046387
tariff/tuned_base,test,4,4,tenant,11.385316848754883
tariff/tuned_base,test,4,5,tenant,12.587823867797852
tariff/tuned_base,test,4,6,pv_only,19.742206573486328
tariff/tuned_base,test,4,7,pv_battery,31.244234085083008
tariff/tuned_base,test,4,8,pv_battery,24.01577377319336
tariff/tuned_base,test,4,9,pv_battery,32.98912048339844
tariff/tuned_base,test,4,10,pv_only,22.627681732177734
tariff/tuned_base,test,4,11,pv_battery,33.33790588378906
tariff/tuned_base,test,4,12,large_flex,30.999727249145508
tariff/tuned_base,test,4,13,large_flex,22.668869018554688
tariff/tuned_base,test,4,14,large_flex,30.114749908447266
tariff/tuned_base,test,4,15,pv_battery,26.82261848449707
tariff/tuned_base,test,4,16,pv_battery,24.835731506347656
tariff/tuned_base,test,4,17,large_flex,22.293123245239258
tariff/tuned_base,test,5,0,tenant,-10.95888900756836
tariff/tuned_base,test,5,1,tenant,-12.747464179992676
tariff/tuned_base,test,5,2,tenant,-9.077444076538086
tariff/tuned_base,test,5,3,tenant,-11.957378387451172
tariff/tuned_base,test,5,4,tenant,-9.090497970581055
tariff/tuned_base,test,5,5,tenant,-11.323615074157715
tariff/tuned_base,test,5,6,pv_only,29.217071533203125
tariff/tuned_base,test,5,7,pv_battery,41.954345703125
tariff/tuned_base,test,5,8,pv_battery,36.888816833496094
tariff/tuned_base,test,5,9,pv_battery,48.17125701904297
tariff/tuned_base,test,5,10,pv_only,11.987008094787598
tariff/tuned_base,test,5,11,pv_battery,7.470951557159424
tariff/tuned_base,test,5,12,large_flex,55.179054260253906
tariff/tuned_base,test,5,13,large_flex,0.7604432106018066
tariff/tuned_base,test,5,14,large_flex,4.996356010437012
tariff/tuned_base,test,5,15,pv_battery,32.54835510253906
tariff/tuned_base,test,5,16,pv_battery,53.77285385131836
tariff/tuned_base,test,5,17,large_flex,7.131060600280762
tariff/tuned_base,test,6,0,tenant,-0.19370460510253906
tariff/tuned_base,test,6,1,tenant,-0.3748655319213867
tariff/tuned_base,test,6,2,tenant,-1.5270965099334717
tariff/tuned_base,test,6,3,tenant,-0.14038753509521484
tariff/tuned_base,test,6,4,tenant,1.914933204650879
tariff/tuned_base,test,6,5,tenant,-2.1540751457214355
tariff/tuned_base,test,6,6,pv_only,8.300333023071289
tariff/tuned_base,test,6,7,pv_battery,46.472835540771484
tariff/tuned_base,test,6,8,pv_battery,34.47241973876953
tariff/tuned_base,test,6,9,pv_battery,30.79167938232422
tariff/tuned_base,test,6,10,pv_only,20.204511642456055
tariff/tuned_base,test,6,11,pv_battery,12.473217010498047
tariff/tuned_base,test,6,12,large_flex,41.107154846191406
tariff/tuned_base,test,6,13,large_flex,6.898367881774902
tariff/tuned_base,test,6,14,large_flex,20.643274307250977
tariff/tuned_base,test,6,15,pv_battery,39.58673095703125
tariff/tuned_base,test,6,16,pv_battery,27.144243240356445
tariff/tuned_base,test,6,17,large_flex,40.26487731933594
tariff/tuned_base,test,7,0,tenant,8.814781188964844
tariff/tuned_base,test,7,1,tenant,7.183941841125488
tariff/tuned_base,test,7,2,tenant,7.4704437255859375
tariff/tuned_base,test,7,3,tenant,8.49720287322998
tariff/tuned_base,test,7,4,tenant,6.980701923370361
tariff/tuned_base,test,7,5,tenant,7.286313056945801
tariff/tuned_base,test,7,6,pv_only,25.60189437866211
tariff/tuned_base,test,7,7,pv_battery,23.902294158935547
tariff/tuned_base,test,7,8,pv_battery,22.537498474121094
tariff/tuned_base,test,7,9,pv_battery,34.451133728027344
tariff/tuned_base,test,7,10,pv_only,27.89188575744629
tariff/tuned_base,test,7,11,pv_battery,40.84117126464844
tariff/tuned_base,test,7,12,large_flex,27.42970848083496
tariff/tuned_base,test,7,13,large_flex,18.54579734802246
tariff/tuned_base,test,7,14,large_flex,15.26895523071289
tariff/tuned_base,test,7,15,pv_battery,25.465049743652344
tariff/tuned_base,test,7,16,pv_battery,28.969972610473633
tariff/tuned_base,test,7,17,large_flex,32.74284362792969
tariff/tuned_base,test,8,0,tenant,-11.457857131958008
tariff/tuned_base,test,8,1,tenant,-11.804496765136719
tariff/tuned_base,test,8,2,tenant,-12.289739608764648
tariff/tuned_base,test,8,3,tenant,-13.308765411376953
tariff/tuned_base,test,8,4,tenant,-10.895637512207031
tariff/tuned_base,test,8,5,tenant,-12.598466873168945
tariff/tuned_base,test,8,6,pv_only,-4.248943328857422
tariff/tuned_base,test,8,7,pv_battery,37.70879364013672
tariff/tuned_base,test,8,8,pv_battery,12.733551025390625
tariff/tuned_base,test,8,9,pv_battery,26.625892639160156
tariff/tuned_base,test,8,10,pv_only,25.747241973876953
tariff/tuned_base,test,8,11,pv_battery,11.323472023010254
tariff/tuned_base,test,8,12,large_flex,36.03848648071289
tariff/tuned_base,test,8,13,large_flex,50.73384094238281
tariff/tuned_base,test,8,14,large_flex,22.99401092529297
tariff/tuned_base,test,8,15,pv_battery,15.134866714477539
tariff/tuned_base,test,8,16,pv_battery,17.333175659179688
tariff/tuned_base,test,8,17,large_flex,34.35909652709961
tariff/tuned_base,test,9,0,tenant,-15.19510555267334
tariff/tuned_base,test,9,1,tenant,-11.946891784667969
tariff/tuned_base,test,9,2,tenant,-15.065895080566406
tariff/tuned_base,test,9,3,tenant,-13.529274940490723
tariff/tuned_base,test,9,4,tenant,-13.128792762756348
tariff/tuned_base,test,9,5,tenant,-13.48830795288086
tariff/tuned_base,test,9,6,pv_only,25.411319732666016
tariff/tuned_base,test,9,7,pv_battery,31.075979232788086
tariff/tuned_base,test,9,8,pv_battery,11.84459400177002
tariff/tuned_base,test,9,9,pv_battery,50.22679901123047
tariff/tuned_base,test,9,10,pv_only,34.957786560058594
tariff/tuned_base,test,9,11,pv_battery,2.010089874267578
tariff/tuned_base,test,9,12,large_flex,-13.110784530639648
tariff/tuned_base,test,9,13,large_flex,-17.244508743286133
tariff/tuned_base,test,9,14,large_flex,17.806732177734375
tariff/tuned_base,test,9,15,pv_battery,61.881065368652344
tariff/tuned_base,test,9,16,pv_battery,28.732929229736328
tariff/tuned_base,test,9,17,large_flex,13.861953735351562
tariff/tuned_base,test,10,0,tenant,-11.595065116882324
tariff/tuned_base,test,10,1,tenant,-9.385215759277344
tariff/tuned_base,test,10,2,tenant,-10.090614318847656
tariff/tuned_base,test,10,3,tenant,-11.333145141601562
tariff/tuned_base,test,10,4,tenant,-11.732172012329102
tariff/tuned_base,test,10,5,tenant,-10.070205688476562
tariff/tuned_base,test,10,6,pv_only,32.25341796875
tariff/tuned_base,test,10,7,pv_battery,26.361324310302734
tariff/tuned_base,test,10,8,pv_battery,32.478973388671875
tariff/tuned_base,test,10,9,pv_battery,0.20401620864868164
tariff/tuned_base,test,10,10,pv_only,5.391549110412598
tariff/tuned_base,test,10,11,pv_battery,28.292848587036133
tariff/tuned_base,test,10,12,large_flex,51.22169494628906
tariff/tuned_base,test,10,13,large_flex,28.51803970336914
tariff/tuned_base,test,10,14,large_flex,11.746506690979004
tariff/tuned_base,test,10,15,pv_battery,55.115177154541016
tariff/tuned_base,test,10,16,pv_battery,10.908646583557129
tariff/tuned_base,test,10,17,large_flex,28.73443603515625
tariff/tuned_base,test,11,0,tenant,0.44827747344970703
tariff/tuned_base,test,11,1,tenant,2.7575550079345703
tariff/tuned_base,test,11,2,tenant,1.1077871322631836
tariff/tuned_base,test,11,3,tenant,2.096076011657715
tariff/tuned_base,test,11,4,tenant,1.6725749969482422
tariff/tuned_base,test,11,5,tenant,2.572481393814087
tariff/tuned_base,test,11,6,pv_only,23.485963821411133
tariff/tuned_base,test,11,7,pv_battery,30.047197341918945
tariff/tuned_base,test,11,8,pv_battery,18.30735969543457
tariff/tuned_base,test,11,9,pv_battery,37.61370086669922
tariff/tuned_base,test,11,10,pv_only,14.545825958251953
tariff/tuned_base,test,11,11,pv_battery,40.4220085144043
tariff/tuned_base,test,11,12,large_flex,-3.5775146484375
tariff/tuned_base,test,11,13,large_flex,29.67276382446289
tariff/tuned_base,test,11,14,large_flex,38.318580627441406
tariff/tuned_base,test,11,15,pv_battery,40.38393020629883
tariff/tuned_base,test,11,16,pv_battery,29.57089614868164
tariff/tuned_base,test,11,17,large_flex,35.33301544189453
tariff/tuned_base,test,12,0,tenant,-11.626032829284668
tariff/tuned_base,test,12,1,tenant,-11.186758995056152
tariff/tuned_base,test,12,2,tenant,-12.530356407165527
tariff/tuned_base,test,12,3,tenant,-13.418745040893555
tariff/tuned_base,test,12,4,tenant,-11.704151153564453
tariff/tuned_base,test,12,5,tenant,-12.769330978393555
tariff/tuned_base,test,12,6,pv_only,13.595293045043945
tariff/tuned_base,test,12,7,pv_battery,45.17473602294922
tariff/tuned_base,test,12,8,pv_battery,40.046485900878906
tariff/tuned_base,test,12,9,pv_battery,5.732245445251465
tariff/tuned_base,test,12,10,pv_only,38.32802963256836
tariff/tuned_base,test,12,11,pv_battery,56.235023498535156
tariff/tuned_base,test,12,12,large_flex,31.325176239013672
tariff/tuned_base,test,12,13,large_flex,18.89741325378418
tariff/tuned_base,test,12,14,large_flex,-8.976592063903809
tariff/tuned_base,test,12,15,pv_battery,3.913151502609253
tariff/tuned_base,test,12,16,pv_battery,5.028954029083252
tariff/tuned_base,test,12,17,large_flex,39.863914489746094
tariff/tuned_base,test,13,0,tenant,-8.152558326721191
tariff/tuned_base,test,13,1,tenant,-9.268760681152344
tariff/tuned_base,test,13,2,tenant,-6.358953475952148
tariff/tuned_base,test,13,3,tenant,-8.767329216003418
tariff/tuned_base,test,13,4,tenant,-7.71134614944458
tariff/tuned_base,test,13,5,tenant,-8.601451873779297
tariff/tuned_base,test,13,6,pv_only,-3.753366470336914
tariff/tuned_base,test,13,7,pv_battery,33.2950325012207
tariff/tuned_base,test,13,8,pv_battery,40.2061767578125
tariff/tuned_base,test,13,9,pv_battery,4.6431121826171875
tariff/tuned_base,test,13,10,pv_only,26.347482681274414
tariff/tuned_base,test,13,11,pv_battery,37.84857940673828
tariff/tuned_base,test,13,12,large_flex,23.782814025878906
tariff/tuned_base,test,13,13,large_flex,48.645652770996094
tariff/tuned_base,test,13,14,large_flex,34.44267272949219
tariff/tuned_base,test,13,15,pv_battery,9.550925254821777
tariff/tuned_base,test,13,16,pv_battery,34.919151306152344
tariff/tuned_base,test,13,17,large_flex,44.59270477294922
tariff/tuned_base,test,14,0,tenant,-0.8098633289337158
tariff/tuned_base,test,14,1,tenant,1.5669844150543213
tariff/tuned_base,test,14,2,tenant,-2.2563538551330566
tariff/tuned_base,test,14,3,tenant,-0.22938013076782227
tariff/tuned_base,test,14,4,tenant,-1.5501086711883545
tariff/tuned_base,test,14,5,tenant,-1.0360512733459473
tariff/tuned_base,test,14,6,pv_only,7.041014671325684
tariff/tuned_base,test,14,7,pv_battery,42.8397102355957
tariff/tuned_base,test,14,8,pv_battery,43.92621612548828
tariff/tuned_base,test,14,9,pv_battery,36.52184295654297
tariff/tuned_base,test,14,10,pv_only,28.705110549926758
tariff/tuned_base,test,14,11,pv_battery,38.80362319946289
tariff/tuned_base,test,14,12,large_flex,10.558643341064453
tariff/tuned_base,test,14,13,large_flex,36.2693977355957
tariff/tuned_base,test,14,14,large_flex,11.72468090057373
tariff/tuned_base,test,14,15,pv_battery,39.86933135986328
tariff/tuned_base,test,14,16,pv_battery,23.14272117614746
tariff/tuned_base,test,14,17,large_flex,13.012748718261719
tariff/tuned_base,test,15,0,tenant,-11.283210754394531
tariff/tuned_base,test,15,1,tenant,-9.224493026733398
tariff/tuned_base,test,15,2,tenant,-8.635581970214844
tariff/tuned_base,test,15,3,tenant,-8.646759986877441
tariff/tuned_base,test,15,4,tenant,-7.642765045166016
tariff/tuned_base,test,15,5,tenant,-8.616774559020996
tariff/tuned_base,test,15,6,pv_only,12.221002578735352
tariff/tuned_base,test,15,7,pv_battery,14.129307746887207
tariff/tuned_base,test,15,8,pv_battery,46.05519104003906
tariff/tuned_base,test,15,9,pv_battery,3.326289653778076
tariff/tuned_base,test,15,10,pv_only,16.25657081604004
tariff/tuned_base,test,15,11,pv_battery,53.63828659057617
tariff/tuned_base,test,15,12,large_flex,9.123879432678223
tariff/tuned_base,test,15,13,large_flex,27.69194221496582
tariff/tuned_base,test,15,14,large_flex,40.56616973876953
tariff/tuned_base,test,15,15,pv_battery,35.20237731933594
tariff/tuned_base,test,15,16,pv_battery,32.903221130371094
tariff/tuned_base,test,15,17,large_flex,33.89869689941406
tariff/tuned_base,test,16,0,tenant,-3.2559778690338135
tariff/tuned_base,test,16,1,tenant,-0.5187249183654785
tariff/tuned_base,test,16,2,tenant,-3.3882904052734375
tariff/tuned_base,test,16,3,tenant,-2.0462019443511963
tariff/tuned_base,test,16,4,tenant,-1.2617915868759155
tariff/tuned_base,test,16,5,tenant,-1.1665434837341309
tariff/tuned_base,test,16,6,pv_only,30.068994522094727
tariff/tuned_base,test,16,7,pv_battery,24.31171417236328
tariff/tuned_base,test,16,8,pv_battery,18.795812606811523
tariff/tuned_base,test,16,9,pv_battery,30.66253662109375
tariff/tuned_base,test,16,10,pv_only,20.55240249633789
tariff/tuned_base,test,16,11,pv_battery,40.99070739746094
tariff/tuned_base,test,16,12,large_flex,7.3566670417785645
tariff/tuned_base,test,16,13,large_flex,0.8610293865203857
tariff/tuned_base,test,16,14,large_flex,37.47482681274414
tariff/tuned_base,test,16,15,pv_battery,38.61985778808594
tariff/tuned_base,test,16,16,pv_battery,46.97339630126953
tariff/tuned_base,test,16,17,large_flex,24.082246780395508
tariff/tuned_base,test,17,0,tenant,5.196894645690918
tariff/tuned_base,test,17,1,tenant,6.258896350860596
tariff/tuned_base,test,17,2,tenant,7.0768585205078125
tariff/tuned_base,test,17,3,tenant,4.745936393737793
tariff/tuned_base,test,17,4,tenant,6.109959602355957
tariff/tuned_base,test,17,5,tenant,5.061807632446289
tariff/tuned_base,test,17,6,pv_only,21.132171630859375
tariff/tuned_base,test,17,7,pv_battery,35.18315505981445
tariff/tuned_base,test,17,8,pv_battery,27.681074142456055
tariff/tuned_base,test,17,9,pv_battery,35.375396728515625
tariff/tuned_base,test,17,10,pv_only,23.352340698242188
tariff/tuned_base,test,17,11,pv_battery,28.201709747314453
tariff/tuned_base,test,17,12,large_flex,27.090957641601562
tariff/tuned_base,test,17,13,large_flex,21.06104278564453
tariff/tuned_base,test,17,14,large_flex,25.1151123046875
tariff/tuned_base,test,17,15,pv_battery,41.123779296875
tariff/tuned_base,test,17,16,pv_battery,22.733123779296875
tariff/tuned_base,test,17,17,large_flex,22.521648406982422
tariff/tuned_base,test,18,0,tenant,3.2924911975860596
tariff/tuned_base,test,18,1,tenant,3.2459492683410645
tariff/tuned_base,test,18,2,tenant,2.778731107711792
tariff/tuned_base,test,18,3,tenant,3.358013153076172
tariff/tuned_base,test,18,4,tenant,4.252753257751465
tariff/tuned_base,test,18,5,tenant,1.3986812829971313
tariff/tuned_base,test,18,6,pv_only,3.535810708999634
tariff/tuned_base,test,18,7,pv_battery,32.04246520996094
tariff/tuned_base,test,18,8,pv_battery,23.729671478271484
tariff/tuned_base,test,18,9,pv_battery,34.733665466308594
tariff/tuned_base,test,18,10,pv_only,27.44631576538086
tariff/tuned_base,test,18,11,pv_battery,29.617290496826172
tariff/tuned_base,test,18,12,large_flex,32.636573791503906
tariff/tuned_base,test,18,13,large_flex,36.02037048339844
tariff/tuned_base,test,18,14,large_flex,34.772926330566406
tariff/tuned_base,test,18,15,pv_battery,39.9266357421875
tariff/tuned_base,test,18,16,pv_battery,36.220314025878906
tariff/tuned_base,test,18,17,large_flex,5.2829461097717285
tariff/tuned_base,test,19,0,tenant,-11.882686614990234
tariff/tuned_base,test,19,1,tenant,-9.770267486572266
tariff/tuned_base,test,19,2,tenant,-9.738736152648926
tariff/tuned_base,test,19,3,tenant,-9.586061477661133
tariff/tuned_base,test,19,4,tenant,-10.02426528930664
tariff/tuned_base,test,19,5,tenant,-8.313251495361328
tariff/tuned_base,test,19,6,pv_only,24.227441787719727
tariff/tuned_base,test,19,7,pv_battery,55.40272521972656
tariff/tuned_base,test,19,8,pv_battery,10.736572265625
tariff/tuned_base,test,19,9,pv_battery,14.192216873168945
tariff/tuned_base,test,19,10,pv_only,37.214080810546875
tariff/tuned_base,test,19,11,pv_battery,25.2342529296875
tariff/tuned_base,test,19,12,large_flex,20.291593551635742
tariff/tuned_base,test,19,13,large_flex,32.12501907348633
tariff/tuned_base,test,19,14,large_flex,23.412076950073242
tariff/tuned_base,test,19,15,pv_battery,9.270164489746094
tariff/tuned_base,test,19,16,pv_battery,18.195777893066406
tariff/tuned_base,test,19,17,large_flex,53.36476516723633
fair_leg/tuned_family,test,0,0,tenant,-16.312986373901367
fair_leg/tuned_family,test,0,1,tenant,-15.481637001037598
fair_leg/tuned_family,test,0,2,tenant,-14.057063102722168
fair_leg/tuned_family,test,0,3,tenant,-13.084526062011719
fair_leg/tuned_family,test,0,4,tenant,-15.873295783996582
fair_leg/tuned_family,test,0,5,tenant,-14.195140838623047
fair_leg/tuned_family,test,0,6,pv_only,34.51023864746094
fair_leg/tuned_family,test,0,7,pv_battery,20.150604248046875
fair_leg/tuned_family,test,0,8,pv_battery,4.64979362487793
fair_leg/tuned_family,test,0,9,pv_battery,-4.732737064361572
fair_leg/tuned_family,test,0,10,pv_only,31.256561279296875
fair_leg/tuned_family,test,0,11,pv_battery,20.15411376953125
fair_leg/tuned_family,test,0,12,large_flex,43.379764556884766
fair_leg/tuned_family,test,0,13,large_flex,-3.439085006713867
fair_leg/tuned_family,test,0,14,large_flex,24.849853515625
fair_leg/tuned_family,test,0,15,pv_battery,57.03467559814453
fair_leg/tuned_family,test,0,16,pv_battery,12.064013481140137
fair_leg/tuned_family,test,0,17,large_flex,36.91624450683594
fair_leg/tuned_family,test,1,0,tenant,-12.11600399017334
fair_leg/tuned_family,test,1,1,tenant,-15.248808860778809
fair_leg/tuned_family,test,1,2,tenant,-12.299052238464355
fair_leg/tuned_family,test,1,3,tenant,-13.801122665405273
fair_leg/tuned_family,test,1,4,tenant,-12.334867477416992
fair_leg/tuned_family,test,1,5,tenant,-13.900556564331055
fair_leg/tuned_family,test,1,6,pv_only,30.483144760131836
fair_leg/tuned_family,test,1,7,pv_battery,60.691619873046875
fair_leg/tuned_family,test,1,8,pv_battery,57.5792236328125
fair_leg/tuned_family,test,1,9,pv_battery,45.19048309326172
fair_leg/tuned_family,test,1,10,pv_only,34.68516540527344
fair_leg/tuned_family,test,1,11,pv_battery,39.25389099121094
fair_leg/tuned_family,test,1,12,large_flex,43.720001220703125
fair_leg/tuned_family,test,1,13,large_flex,-25.457992553710938
fair_leg/tuned_family,test,1,14,large_flex,50.50096130371094
fair_leg/tuned_family,test,1,15,pv_battery,60.282920837402344
fair_leg/tuned_family,test,1,16,pv_battery,44.47607421875
fair_leg/tuned_family,test,1,17,large_flex,32.79298400878906
fair_leg/tuned_family,test,2,0,tenant,-13.687959671020508
fair_leg/tuned_family,test,2,1,tenant,-12.991257667541504
fair_leg/tuned_family,test,2,2,tenant,-14.53475284576416
fair_leg/tuned_family,test,2,3,tenant,-15.187509536743164
fair_leg/tuned_family,test,2,4,tenant,-13.062580108642578
fair_leg/tuned_family,test,2,5,tenant,-16.980051040649414
fair_leg/tuned_family,test,2,6,pv_only,11.609439849853516
fair_leg/tuned_family,test,2,7,pv_battery,9.349857330322266
fair_leg/tuned_family,test,2,8,pv_battery,8.612354278564453
fair_leg/tuned_family,test,2,9,pv_battery,53.044525146484375
fair_leg/tuned_family,test,2,10,pv_only,41.82419204711914
fair_leg/tuned_family,test,2,11,pv_battery,58.098182678222656
fair_leg/tuned_family,test,2,12,large_flex,-17.681556701660156
fair_leg/tuned_family,test,2,13,large_flex,27.689128875732422
fair_leg/tuned_family,test,2,14,large_flex,-20.940101623535156
fair_leg/tuned_family,test,2,15,pv_battery,61.647064208984375
fair_leg/tuned_family,test,2,16,pv_battery,63.65863800048828
fair_leg/tuned_family,test,2,17,large_flex,50.71052932739258
fair_leg/tuned_family,test,3,0,tenant,-14.026128768920898
fair_leg/tuned_family,test,3,1,tenant,-13.146748542785645
fair_leg/tuned_family,test,3,2,tenant,-15.748568534851074
fair_leg/tuned_family,test,3,3,tenant,-13.911806106567383
fair_leg/tuned_family,test,3,4,tenant,-13.890639305114746
fair_leg/tuned_family,test,3,5,tenant,-13.983935356140137
fair_leg/tuned_family,test,3,6,pv_only,16.923097610473633
fair_leg/tuned_family,test,3,7,pv_battery,20.570327758789062
fair_leg/tuned_family,test,3,8,pv_battery,20.11119270324707
fair_leg/tuned_family,test,3,9,pv_battery,27.22086524963379
fair_leg/tuned_family,test,3,10,pv_only,8.720547676086426
fair_leg/tuned_family,test,3,11,pv_battery,14.320558547973633
fair_leg/tuned_family,test,3,12,large_flex,12.18308162689209
fair_leg/tuned_family,test,3,13,large_flex,56.90911102294922
fair_leg/tuned_family,test,3,14,large_flex,51.48248291015625
fair_leg/tuned_family,test,3,15,pv_battery,47.8399658203125
fair_leg/tuned_family,test,3,16,pv_battery,49.3077392578125
fair_leg/tuned_family,test,3,17,large_flex,45.29872512817383
fair_leg/tuned_family,test,4,0,tenant,-13.797365188598633
fair_leg/tuned_family,test,4,1,tenant,-13.617578506469727
fair_leg/tuned_family,test,4,2,tenant,-16.225284576416016
fair_leg/tuned_family,test,4,3,tenant,-14.830643653869629
fair_leg/tuned_family,test,4,4,tenant,-14.712114334106445
fair_leg/tuned_family,test,4,5,tenant,-13.50271224975586
fair_leg/tuned_family,test,4,6,pv_only,26.100624084472656
fair_leg/tuned_family,test,4,7,pv_battery,46.17102813720703
fair_leg/tuned_family,test,4,8,pv_battery,11.600815773010254
fair_leg/tuned_family,test,4,9,pv_battery,57.55103302001953
fair_leg/tuned_family,test,4,10,pv_only,24.550376892089844
fair_leg/tuned_family,test,4,11,pv_battery,60.0587158203125
fair_leg/tuned_family,test,4,12,large_flex,64.94252014160156
fair_leg/tuned_family,test,4,13,large_flex,38.95448303222656
fair_leg/tuned_family,test,4,14,large_flex,64.56524658203125
fair_leg/tuned_family,test,4,15,pv_battery,48.48539733886719
fair_leg/tuned_family,test,4,16,pv_battery,30.618764877319336
fair_leg/tuned_family,test,4,17,large_flex,29.940061569213867
fair_leg/tuned_family,test,5,0,tenant,-14.48259162902832
fair_leg/tuned_family,test,5,1,tenant,-16.273239135742188
fair_leg/tuned_family,test,5,2,tenant,-12.592842102050781
fair_leg/tuned_family,test,5,3,tenant,-15.483020782470703
fair_leg/tuned_family,test,5,4,tenant,-12.604193687438965
fair_leg/tuned_family,test,5,5,tenant,-14.849496841430664
fair_leg/tuned_family,test,5,6,pv_only,31.443876266479492
fair_leg/tuned_family,test,5,7,pv_battery,46.1861572265625
fair_leg/tuned_family,test,5,8,pv_battery,39.98114776611328
fair_leg/tuned_family,test,5,9,pv_battery,53.243186950683594
fair_leg/tuned_family,test,5,10,pv_only,11.057432174682617
fair_leg/tuned_family,test,5,11,pv_battery,6.794775009155273
fair_leg/tuned_family,test,5,12,large_flex,68.00657653808594
fair_leg/tuned_family,test,5,13,large_flex,0.7227249145507812
fair_leg/tuned_family,test,5,14,large_flex,2.9710683822631836
fair_leg/tuned_family,test,5,15,pv_battery,36.321929931640625
fair_leg/tuned_family,test,5,16,pv_battery,60.872459411621094
fair_leg/tuned_family,test,5,17,large_flex,7.13590669631958
fair_leg/tuned_family,test,6,0,tenant,-14.208758354187012
fair_leg/tuned_family,test,6,1,tenant,-14.390201568603516
fair_leg/tuned_family,test,6,2,tenant,-15.545829772949219
fair_leg/tuned_family,test,6,3,tenant,-14.150405883789062
fair_leg/tuned_family,test,6,4,tenant,-12.09160327911377
fair_leg/tuned_family,test,6,5,tenant,-16.17017364501953
fair_leg/tuned_family,test,6,6,pv_only,4.806077480316162
fair_leg/tuned_family,test,6,7,pv_battery,63.87939453125
fair_leg/tuned_family,test,6,8,pv_battery,49.2945442199707
fair_leg/tuned_family,test,6,9,pv_battery,44.068275451660156
fair_leg/tuned_family,test,6,10,pv_only,14.01004409790039
fair_leg/tuned_family,test,6,11,pv_battery,1.2159563302993774
fair_leg/tuned_family,test,6,12,large_flex,61.48847961425781
fair_leg/tuned_family,test,6,13,large_flex,7.560054779052734
fair_leg/tuned_family,test,6,14,large_flex,32.26524353027344
fair_leg/tuned_family,test,6,15,pv_battery,52.372642517089844
fair_leg/tuned_family,test,6,16,pv_battery,38.18588638305664
fair_leg/tuned_family,test,6,17,large_flex,60.79384231567383
fair_leg/tuned_family,test,7,0,tenant,-12.695351600646973
fair_leg/tuned_family,test,7,1,tenant,-14.333640098571777
fair_leg/tuned_family,test,7,2,tenant,-14.048745155334473
fair_leg/tuned_family,test,7,3,tenant,-13.014864921569824
fair_leg/tuned_family,test,7,4,tenant,-14.539201736450195
fair_leg/tuned_family,test,7,5,tenant,-14.230827331542969
fair_leg/tuned_family,test,7,6,pv_only,36.17426300048828
fair_leg/tuned_family,test,7,7,pv_battery,26.426313400268555
fair_leg/tuned_family,test,7,8,pv_battery,29.126598358154297
fair_leg/tuned_family,test,7,9,pv_battery,43.52142333984375
fair_leg/tuned_family,test,7,10,pv_only,37.32166290283203
fair_leg/tuned_family,test,7,11,pv_battery,59.66017150878906
fair_leg/tuned_family,test,7,12,large_flex,49.98778533935547
fair_leg/tuned_family,test,7,13,large_flex,29.021514892578125
fair_leg/tuned_family,test,7,14,large_flex,11.169231414794922
fair_leg/tuned_family,test,7,15,pv_battery,36.856346130371094
fair_leg/tuned_family,test,7,16,pv_battery,44.351341247558594
fair_leg/tuned_family,test,7,17,large_flex,60.19646453857422
fair_leg/tuned_family,test,8,0,tenant,-13.97793960571289
fair_leg/tuned_family,test,8,1,tenant,-14.3306884765625
fair_leg/tuned_family,test,8,2,tenant,-14.81757926940918
fair_leg/tuned_family,test,8,3,tenant,-15.837539672851562
fair_leg/tuned_family,test,8,4,tenant,-13.414722442626953
fair_leg/tuned_family,test,8,5,tenant,-15.130075454711914
fair_leg/tuned_family,test,8,6,pv_only,-6.201070785522461
fair_leg/tuned_family,test,8,7,pv_battery,39.403358459472656
fair_leg/tuned_family,test,8,8,pv_battery,13.372762680053711
fair_leg/tuned_family,test,8,9,pv_battery,29.36313819885254
fair_leg/tuned_family,test,8,10,pv_only,27.350732803344727
fair_leg/tuned_family,test,8,11,pv_battery,9.221331596374512
fair_leg/tuned_family,test,8,12,large_flex,41.12472152709961
fair_leg/tuned_family,test,8,13,large_flex,58.96479797363281
fair_leg/tuned_family,test,8,14,large_flex,28.013702392578125
fair_leg/tuned_family,test,8,15,pv_battery,14.93852710723877
fair_leg/tuned_family,test,8,16,pv_battery,19.844520568847656
fair_leg/tuned_family,test,8,17,large_flex,37.63044738769531
fair_leg/tuned_family,test,9,0,tenant,-15.699732780456543
fair_leg/tuned_family,test,9,1,tenant,-12.443563461303711
fair_leg/tuned_family,test,9,2,tenant,-15.568434715270996
fair_leg/tuned_family,test,9,3,tenant,-14.032472610473633
fair_leg/tuned_family,test,9,4,tenant,-13.628387451171875
fair_leg/tuned_family,test,9,5,tenant,-13.98611068725586
fair_leg/tuned_family,test,9,6,pv_only,25.738304138183594
fair_leg/tuned_family,test,9,7,pv_battery,31.983261108398438
fair_leg/tuned_family,test,9,8,pv_battery,12.5095796585083
fair_leg/tuned_family,test,9,9,pv_battery,52.562034606933594
fair_leg/tuned_family,test,9,10,pv_only,35.377471923828125
fair_leg/tuned_family,test,9,11,pv_battery,2.853590965270996
fair_leg/tuned_family,test,9,12,large_flex,-13.907679557800293
fair_leg/tuned_family,test,9,13,large_flex,-18.33892822265625
fair_leg/tuned_family,test,9,14,large_flex,19.115680694580078
fair_leg/tuned_family,test,9,15,pv_battery,66.35134887695312
fair_leg/tuned_family,test,9,16,pv_battery,29.27454948425293
fair_leg/tuned_family,test,9,17,large_flex,13.552431106567383
fair_leg/tuned_family,test,10,0,tenant,-14.978169441223145
fair_leg/tuned_family,test,10,1,tenant,-12.761463165283203
fair_leg/tuned_family,test,10,2,tenant,-13.469524383544922
fair_leg/tuned_family,test,10,3,tenant,-14.71159553527832
fair_leg/tuned_family,test,10,4,tenant,-15.113632202148438
fair_leg/tuned_family,test,10,5,tenant,-13.447998046875
fair_leg/tuned_family,test,10,6,pv_only,34.474510192871094
fair_leg/tuned_family,test,10,7,pv_battery,30.37778091430664
fair_leg/tuned_family,test,10,8,pv_battery,34.58019256591797
fair_leg/tuned_family,test,10,9,pv_battery,-2.910106658935547
fair_leg/tuned_family,test,10,10,pv_only,3.3899762630462646
fair_leg/tuned_family,test,10,11,pv_battery,30.326662063598633
fair_leg/tuned_family,test,10,12,large_flex,60.900718688964844
fair_leg/tuned_family,test,10,13,large_flex,33.3359375
fair_leg/tuned_family,test,10,14,large_flex,14.673210144042969
fair_leg/tuned_family,test,10,15,pv_battery,62.845951080322266
fair_leg/tuned_family,test,10,16,pv_battery,10.665382385253906
fair_leg/tuned_family,test,10,17,large_flex,33.322120666503906
fair_leg/tuned_family,test,11,0,tenant,-16.182485580444336
fair_leg/tuned_family,test,11,1,tenant,-13.867998123168945
fair_leg/tuned_family,test,11,2,tenant,-15.5249662399292
fair_leg/tuned_family,test,11,3,tenant,-14.527843475341797
fair_leg/tuned_family,test,11,4,tenant,-14.952869415283203
fair_leg/tuned_family,test,11,5,tenant,-14.050785064697266
fair_leg/tuned_family,test,11,6,pv_only,29.316455841064453
fair_leg/tuned_family,test,11,7,pv_battery,43.603553771972656
fair_leg/tuned_family,test,11,8,pv_battery,23.38028335571289
fair_leg/tuned_family,test,11,9,pv_battery,54.07345962524414
fair_leg/tuned_family,test,11,10,pv_only,8.70628547668457
fair_leg/tuned_family,test,11,11,pv_battery,55.90264892578125
fair_leg/tuned_family,test,11,12,large_flex,-13.563404083251953
fair_leg/tuned_family,test,11,13,large_flex,51.45892333984375
fair_leg/tuned_family,test,11,14,large_flex,62.348670959472656
fair_leg/tuned_family,test,11,15,pv_battery,50.88468933105469
fair_leg/tuned_family,test,11,16,pv_battery,32.01136016845703
fair_leg/tuned_family,test,11,17,large_flex,57.87238311767578
fair_leg/tuned_family,test,12,0,tenant,-13.819610595703125
fair_leg/tuned_family,test,12,1,tenant,-13.378801345825195
fair_leg/tuned_family,test,12,2,tenant,-14.729913711547852
fair_leg/tuned_family,test,12,3,tenant,-15.620537757873535
fair_leg/tuned_family,test,12,4,tenant,-13.896651268005371
fair_leg/tuned_family,test,12,5,tenant,-14.966228485107422
fair_leg/tuned_family,test,12,6,pv_only,13.508273124694824
fair_leg/tuned_family,test,12,7,pv_battery,50.186317443847656
fair_leg/tuned_family,test,12,8,pv_battery,41.909217834472656
fair_leg/tuned_family,test,12,9,pv_battery,5.779143810272217
fair_leg/tuned_family,test,12,10,pv_only,40.357757568359375
fair_leg/tuned_family,test,12,11,pv_battery,61.751651763916016
fair_leg/tuned_family,test,12,12,large_flex,35.840721130371094
fair_leg/tuned_family,test,12,13,large_flex,21.563196182250977
fair_leg/tuned_family,test,12,14,large_flex,-11.014813423156738
fair_leg/tuned_family,test,12,15,pv_battery,3.741102695465088
fair_leg/tuned_family,test,12,16,pv_battery,4.265625476837158
fair_leg/tuned_family,test,12,17,large_flex,46.908504486083984
fair_leg/tuned_family,test,13,0,tenant,-14.483848571777344
fair_leg/tuned_family,test,13,1,tenant,-15.602615356445312
fair_leg/tuned_family,test,13,2,tenant,-12.683060646057129
fair_leg/tuned_family,test,13,3,tenant,-15.107760429382324
fair_leg/tuned_family,test,13,4,tenant,-14.044292449951172
fair_leg/tuned_family,test,13,5,tenant,-14.933013916015625
fair_leg/tuned_family,test,13,6,pv_only,-9.423112869262695
fair_leg/tuned_family,test,13,7,pv_battery,37.31842803955078
fair_leg/tuned_family,test,13,8,pv_battery,47.236534118652344
fair_leg/tuned_family,test,13,9,pv_battery,0.1340031623840332
fair_leg/tuned_family,test,13,10,pv_only,29.84175682067871
fair_leg/tuned_family,test,13,11,pv_battery,45.7022590637207
fair_leg/tuned_family,test,13,12,large_flex,33.08027267456055
fair_leg/tuned_family,test,13,13,large_flex,62.18402099609375
fair_leg/tuned_family,test,13,14,large_flex,43.79795837402344
fair_leg/tuned_family,test,13,15,pv_battery,4.311141014099121
fair_leg/tuned_family,test,13,16,pv_battery,37.07173156738281
fair_leg/tuned_family,test,13,17,large_flex,56.807960510253906
fair_leg/tuned_family,test,14,0,tenant,-14.477177619934082
fair_leg/tuned_family,test,14,1,tenant,-12.094343185424805
fair_leg/tuned_family,test,14,2,tenant,-15.930038452148438
fair_leg/tuned_family,test,14,3,tenant,-13.902503967285156
fair_leg/tuned_family,test,14,4,tenant,-15.219104766845703
fair_leg/tuned_family,test,14,5,tenant,-14.703742027282715
fair_leg/tuned_family,test,14,6,pv_only,-1.0639910697937012
fair_leg/tuned_family,test,14,7,pv_battery,62.385353088378906
fair_leg/tuned_family,test,14,8,pv_battery,60.24079132080078
fair_leg/tuned_family,test,14,9,pv_battery,46.10641860961914
fair_leg/tuned_family,test,14,10,pv_only,35.596248626708984
fair_leg/tuned_family,test,14,11,pv_battery,54.29271697998047
fair_leg/tuned_family,test,14,12,large_flex,16.462173461914062
fair_leg/tuned_family,test,14,13,large_flex,55.83900451660156
fair_leg/tuned_family,test,14,14,large_flex,10.485337257385254
fair_leg/tuned_family,test,14,15,pv_battery,57.057533264160156
fair_leg/tuned_family,test,14,16,pv_battery,23.349090576171875
fair_leg/tuned_family,test,14,17,large_flex,8.150108337402344
fair_leg/tuned_family,test,15,0,tenant,-16.639404296875
fair_leg/tuned_family,test,15,1,tenant,-14.574995040893555
fair_leg/tuned_family,test,15,2,tenant,-13.984453201293945
fair_leg/tuned_family,test,15,3,tenant,-13.993265151977539
fair_leg/tuned_family,test,15,4,tenant,-12.986291885375977
fair_leg/tuned_family,test,15,5,tenant,-13.960407257080078
fair_leg/tuned_family,test,15,6,pv_only,12.178573608398438
fair_leg/tuned_family,test,15,7,pv_battery,11.033499717712402
fair_leg/tuned_family,test,15,8,pv_battery,53.03506088256836
fair_leg/tuned_family,test,15,9,pv_battery,-1.3009235858917236
fair_leg/tuned_family,test,15,10,pv_only,18.38144302368164
fair_leg/tuned_family,test,15,11,pv_battery,63.335044860839844
fair_leg/tuned_family,test,15,12,large_flex,7.503237724304199
fair_leg/tuned_family,test,15,13,large_flex,31.9415340423584
fair_leg/tuned_family,test,15,14,large_flex,51.40731430053711
fair_leg/tuned_family,test,15,15,pv_battery,41.19549560546875
fair_leg/tuned_family,test,15,16,pv_battery,37.57219696044922
fair_leg/tuned_family,test,15,17,large_flex,41.944908142089844
fair_leg/tuned_family,test,16,0,tenant,-15.00816535949707
fair_leg/tuned_family,test,16,1,tenant,-12.260797500610352
fair_leg/tuned_family,test,16,2,tenant,-15.13786792755127
fair_leg/tuned_family,test,16,3,tenant,-13.795195579528809
fair_leg/tuned_family,test,16,4,tenant,-12.999574661254883
fair_leg/tuned_family,test,16,5,tenant,-12.910257339477539
fair_leg/tuned_family,test,16,6,pv_only,37.283382415771484
fair_leg/tuned_family,test,16,7,pv_battery,25.98317527770996
fair_leg/tuned_family,test,16,8,pv_battery,15.846497535705566
fair_leg/tuned_family,test,16,9,pv_battery,40.6656608581543
fair_leg/tuned_family,test,16,10,pv_only,23.114490509033203
fair_leg/tuned_family,test,16,11,pv_battery,57.07012939453125
fair_leg/tuned_family,test,16,12,large_flex,4.188957214355469
fair_leg/tuned_family,test,16,13,large_flex,-8.170404434204102
fair_leg/tuned_family,test,16,14,large_flex,55.686737060546875
fair_leg/tuned_family,test,16,15,pv_battery,50.77510070800781
fair_leg/tuned_family,test,16,16,pv_battery,64.02317810058594
fair_leg/tuned_family,test,16,17,large_flex,39.10942077636719
fair_leg/tuned_family,test,17,0,tenant,-14.078792572021484
fair_leg/tuned_family,test,17,1,tenant,-13.012227058410645
fair_leg/tuned_family,test,17,2,tenant,-12.190025329589844
fair_leg/tuned_family,test,17,3,tenant,-14.536859512329102
fair_leg/tuned_family,test,17,4,tenant,-13.162672996520996
fair_leg/tuned_family,test,17,5,tenant,-14.212472915649414
fair_leg/tuned_family,test,17,6,pv_only,23.58462905883789
fair_leg/tuned_family,test,17,7,pv_battery,55.31159591674805
fair_leg/tuned_family,test,17,8,pv_battery,39.96551513671875
fair_leg/tuned_family,test,17,9,pv_battery,53.86265563964844
fair_leg/tuned_family,test,17,10,pv_only,20.437389373779297
fair_leg/tuned_family,test,17,11,pv_battery,35.45276641845703
fair_leg/tuned_family,test,17,12,large_flex,47.35906982421875
fair_leg/tuned_family,test,17,13,large_flex,14.22957992553711
fair_leg/tuned_family,test,17,14,large_flex,45.48008728027344
fair_leg/tuned_family,test,17,15,pv_battery,66.2585220336914
fair_leg/tuned_family,test,17,16,pv_battery,25.417797088623047
fair_leg/tuned_family,test,17,17,large_flex,39.03715515136719
fair_leg/tuned_family,test,18,0,tenant,-13.966609954833984
fair_leg/tuned_family,test,18,1,tenant,-14.020158767700195
fair_leg/tuned_family,test,18,2,tenant,-14.48162841796875
fair_leg/tuned_family,test,18,3,tenant,-13.892827033996582
fair_leg/tuned_family,test,18,4,tenant,-13.006575584411621
fair_leg/tuned_family,test,18,5,tenant,-15.860673904418945
fair_leg/tuned_family,test,18,6,pv_only,-12.648710250854492
fair_leg/tuned_family,test,18,7,pv_battery,46.42642593383789
fair_leg/tuned_family,test,18,8,pv_battery,19.124168395996094
fair_leg/tuned_family,test,18,9,pv_battery,51.86015319824219
fair_leg/tuned_family,test,18,10,pv_only,35.56345748901367
fair_leg/tuned_family,test,18,11,pv_battery,38.75376892089844
fair_leg/tuned_family,test,18,12,large_flex,54.795501708984375
fair_leg/tuned_family,test,18,13,large_flex,61.96623229980469
fair_leg/tuned_family,test,18,14,large_flex,59.96379470825195
fair_leg/tuned_family,test,18,15,pv_battery,61.037864685058594
fair_leg/tuned_family,test,18,16,pv_battery,53.09614562988281
fair_leg/tuned_family,test,18,17,large_flex,-5.303408622741699
fair_leg/tuned_family,test,19,0,tenant,-15.474371910095215
fair_leg/tuned_family,test,19,1,tenant,-13.353988647460938
fair_leg/tuned_family,test,19,2,tenant,-13.32313346862793
fair_leg/tuned_family,test,19,3,tenant,-13.171083450317383
fair_leg/tuned_family,test,19,4,tenant,-13.6055326461792
fair_leg/tuned_family,test,19,5,tenant,-11.893948554992676
fair_leg/tuned_family,test,19,6,pv_only,25.686800003051758
fair_leg/tuned_family,test,19,7,pv_battery,62.824058532714844
fair_leg/tuned_family,test,19,8,pv_battery,11.356098175048828
fair_leg/tuned_family,test,19,9,pv_battery,15.2681884765625
fair_leg/tuned_family,test,19,10,pv_only,40.08922576904297
fair_leg/tuned_family,test,19,11,pv_battery,26.888736724853516
fair_leg/tuned_family,test,19,12,large_flex,23.628877639770508
fair_leg/tuned_family,test,19,13,large_flex,37.59954833984375
fair_leg/tuned_family,test,19,14,large_flex,29.89813232421875
fair_leg/tuned_family,test,19,15,pv_battery,9.546631813049316
fair_leg/tuned_family,test,19,16,pv_battery,20.209030151367188
fair_leg/tuned_family,test,19,17,large_flex,64.48242950439453
tariff/tuned_family,test,0,0,tenant,-16.110397338867188
tariff/tuned_family,test,0,1,tenant,-15.27920150756836
tariff/tuned_family,test,0,2,tenant,-13.854913711547852
tariff/tuned_family,test,0,3,tenant,-12.882376670837402
tariff/tuned_family,test,0,4,tenant,-15.670719146728516
tariff/tuned_family,test,0,5,tenant,-13.993131637573242
tariff/tuned_family,test,0,6,pv_only,34.321571350097656
tariff/tuned_family,test,0,7,pv_battery,19.63351058959961
tariff/tuned_family,test,0,8,pv_battery,5.021684646606445
tariff/tuned_family,test,0,9,pv_battery,-3.8083977699279785
tariff/tuned_family,test,0,10,pv_only,31.147705078125
tariff/tuned_family,test,0,11,pv_battery,19.925552368164062
tariff/tuned_family,test,0,12,large_flex,42.53143310546875
tariff/tuned_family,test,0,13,large_flex,-3.3032398223876953
tariff/tuned_family,test,0,14,large_flex,23.836448669433594
tariff/tuned_family,test,0,15,pv_battery,55.05900192260742
tariff/tuned_family,test,0,16,pv_battery,11.588968276977539
tariff/tuned_family,test,0,17,large_flex,35.01107406616211
tariff/tuned_family,test,1,0,tenant,10.414809226989746
tariff/tuned_family,test,1,1,tenant,7.28200626373291
tariff/tuned_family,test,1,2,tenant,10.231761932373047
tariff/tuned_family,test,1,3,tenant,8.729692459106445
tariff/tuned_family,test,1,4,tenant,10.19594669342041
tariff/tuned_family,test,1,5,tenant,8.630257606506348
tariff/tuned_family,test,1,6,pv_only,22.72810173034668
tariff/tuned_family,test,1,7,pv_battery,34.47633361816406
tariff/tuned_family,test,1,8,pv_battery,35.918704986572266
tariff/tuned_family,test,1,9,pv_battery,28.17066192626953
tariff/tuned_family,test,1,10,pv_only,24.449573516845703
tariff/tuned_family,test,1,11,pv_battery,30.661067962646484
tariff/tuned_family,test,1,12,large_flex,28.12693214416504
tariff/tuned_family,test,1,13,large_flex,-3.427908420562744
tariff/tuned_family,test,1,14,large_flex,29.152711868286133
tariff/tuned_family,test,1,15,pv_battery,34.73439025878906
tariff/tuned_family,test,1,16,pv_battery,29.246091842651367
tariff/tuned_family,test,1,17,large_flex,31.8392391204834
tariff/tuned_family,test,2,0,tenant,-10.316259384155273
tariff/tuned_family,test,2,1,tenant,-9.619401931762695
tariff/tuned_family,test,2,2,tenant,-11.162920951843262
tariff/tuned_family,test,2,3,tenant,-11.815841674804688
tariff/tuned_family,test,2,4,tenant,-9.690829277038574
tariff/tuned_family,test,2,5,tenant,-13.608184814453125
tariff/tuned_family,test,2,6,pv_only,12.102045059204102
tariff/tuned_family,test,2,7,pv_battery,10.119243621826172
tariff/tuned_family,test,2,8,pv_battery,8.569308280944824
tariff/tuned_family,test,2,9,pv_battery,48.710975646972656
tariff/tuned_family,test,2,10,pv_only,38.71778106689453
tariff/tuned_family,test,2,11,pv_battery,51.993534088134766
tariff/tuned_family,test,2,12,large_flex,-14.39572811126709
tariff/tuned_family,test,2,13,large_flex,21.677200317382812
tariff/tuned_family,test,2,14,large_flex,-17.126373291015625
tariff/tuned_family,test,2,15,pv_battery,54.501853942871094
tariff/tuned_family,test,2,16,pv_battery,56.08241271972656
tariff/tuned_family,test,2,17,large_flex,42.77724075317383
tariff/tuned_family,test,3,0,tenant,-12.291120529174805
tariff/tuned_family,test,3,1,tenant,-11.411849975585938
tariff/tuned_family,test,3,2,tenant,-14.013570785522461
tariff/tuned_family,test,3,3,tenant,-12.176944732666016
tariff/tuned_family,test,3,4,tenant,-12.155651092529297
tariff/tuned_family,test,3,5,tenant,-12.249088287353516
tariff/tuned_family,test,3,6,pv_only,16.682754516601562
tariff/tuned_family,test,3,7,pv_battery,19.656091690063477
tariff/tuned_family,test,3,8,pv_battery,20.17088508605957
tariff/tuned_family,test,3,9,pv_battery,26.522382736206055
tariff/tuned_family,test,3,10,pv_only,9.205044746398926
tariff/tuned_family,test,3,11,pv_battery,14.70606517791748
tariff/tuned_family,test,3,12,large_flex,12.872474670410156
tariff/tuned_family,test,3,13,large_flex,51.503875732421875
tariff/tuned_family,test,3,14,large_flex,46.79366683959961
tariff/tuned_family,test,3,15,pv_battery,45.914127349853516
tariff/tuned_family,test,3,16,pv_battery,46.69163131713867
tariff/tuned_family,test,3,17,large_flex,40.04298400878906
tariff/tuned_family,test,4,0,tenant,7.979250907897949
tariff/tuned_family,test,4,1,tenant,8.159034729003906
tariff/tuned_family,test,4,2,tenant,5.551290512084961
tariff/tuned_family,test,4,3,tenant,6.945977210998535
tariff/tuned_family,test,4,4,tenant,7.064472198486328
tariff/tuned_family,test,4,5,tenant,8.27388858795166
tariff/tuned_family,test,4,6,pv_only,19.643964767456055
tariff/tuned_family,test,4,7,pv_battery,34.065338134765625
tariff/tuned_family,test,4,8,pv_battery,22.58411407470703
tariff/tuned_family,test,4,9,pv_battery,36.71506881713867
tariff/tuned_family,test,4,10,pv_only,21.668853759765625
tariff/tuned_family,test,4,11,pv_battery,37.16664123535156
tariff/tuned_family,test,4,12,large_flex,35.86863708496094
tariff/tuned_family,test,4,13,large_flex,27.610023498535156
tariff/tuned_family,test,4,14,large_flex,35.261024475097656
tariff/tuned_family,test,4,15,pv_battery,30.274417877197266
tariff/tuned_family,test,4,16,pv_battery,26.68288803100586
tariff/tuned_family,test,4,17,large_flex,25.89562225341797
tariff/tuned_family,test,5,0,tenant,-13.136119842529297
tariff/tuned_family,test,5,1,tenant,-14.926753044128418
tariff/tuned_family,test,5,2,tenant,-11.246721267700195
tariff/tuned_family,test,5,3,tenant,-14.137103080749512
tariff/tuned_family,test,5,4,tenant,-11.257735252380371
tariff/tuned_family,test,5,5,tenant,-13.502890586853027
tariff/tuned_family,test,5,6,pv_only,30.397220611572266
tariff/tuned_family,test,5,7,pv_battery,44.31194305419922
tariff/tuned_family,test,5,8,pv_battery,38.91239929199219
tariff/tuned_family,test,5,9,pv_battery,50.86900329589844
tariff/tuned_family,test,5,10,pv_only,11.406362533569336
tariff/tuned_family,test,5,11,pv_battery,6.914159774780273
tariff/tuned_family,test,5,12,large_flex,59.47895431518555
tariff/tuned_family,test,5,13,large_flex,1.0257301330566406
tariff/tuned_family,test,5,14,large_flex,5.267483711242676
tariff/tuned_family,test,5,15,pv_battery,34.00214767456055
tariff/tuned_family,test,5,16,pv_battery,57.02555847167969
tariff/tuned_family,test,5,17,large_flex,7.802830696105957
tariff/tuned_family,test,6,0,tenant,-3.851041555404663
tariff/tuned_family,test,6,1,tenant,-4.031971454620361
tariff/tuned_family,test,6,2,tenant,-5.187536716461182
tariff/tuned_family,test,6,3,tenant,-3.792131185531616
tariff/tuned_family,test,6,4,tenant,-1.7337188720703125
tariff/tuned_family,test,6,5,tenant,-5.811842441558838
tariff/tuned_family,test,6,6,pv_only,6.728682518005371
tariff/tuned_family,test,6,7,pv_battery,50.7778205871582
tariff/tuned_family,test,6,8,pv_battery,37.786197662353516
tariff/tuned_family,test,6,9,pv_battery,33.532798767089844
tariff/tuned_family,test,6,10,pv_only,19.094688415527344
tariff/tuned_family,test,6,11,pv_battery,10.249886512756348
tariff/tuned_family,test,6,12,large_flex,46.11552429199219
tariff/tuned_family,test,6,13,large_flex,8.086496353149414
tariff/tuned_family,test,6,14,large_flex,24.626325607299805
tariff/tuned_family,test,6,15,pv_battery,43.17509460449219
tariff/tuned_family,test,6,16,pv_battery,29.926931381225586
tariff/tuned_family,test,6,17,large_flex,45.32419967651367
tariff/tuned_family,test,7,0,tenant,5.218099117279053
tariff/tuned_family,test,7,1,tenant,3.5799031257629395
tariff/tuned_family,test,7,2,tenant,3.8651113510131836
tariff/tuned_family,test,7,3,tenant,4.898843765258789
tariff/tuned_family,test,7,4,tenant,3.374366283416748
tariff/tuned_family,test,7,5,tenant,3.6828436851501465
tariff/tuned_family,test,7,6,pv_only,26.4805908203125
tariff/tuned_family,test,7,7,pv_battery,25.276885986328125
tariff/tuned_family,test,7,8,pv_battery,23.126216888427734
tariff/tuned_family,test,7,9,pv_battery,37.97777557373047
tariff/tuned_family,test,7,10,pv_only,28.95894432067871
tariff/tuned_family,test,7,11,pv_battery,45.40941619873047
tariff/tuned_family,test,7,12,large_flex,31.805585861206055
tariff/tuned_family,test,7,13,large_flex,20.237258911132812
tariff/tuned_family,test,7,14,large_flex,16.08719253540039
tariff/tuned_family,test,7,15,pv_battery,26.33004379272461
tariff/tuned_family,test,7,16,pv_battery,31.06768798828125
tariff/tuned_family,test,7,17,large_flex,36.65201950073242
tariff/tuned_family,test,8,0,tenant,-12.773534774780273
tariff/tuned_family,test,8,1,tenant,-13.126579284667969
tariff/tuned_family,test,8,2,tenant,-13.613567352294922
tariff/tuned_family,test,8,3,tenant,-14.63304615020752
tariff/tuned_family,test,8,4,tenant,-12.21009635925293
tariff/tuned_family,test,8,5,tenant,-13.925671577453613
tariff/tuned_family,test,8,6,pv_only,-5.2738471031188965
tariff/tuned_family,test,8,7,pv_battery,38.79003143310547
tariff/tuned_family,test,8,8,pv_battery,13.114511489868164
tariff/tuned_family,test,8,9,pv_battery,27.92477798461914
tariff/tuned_family,test,8,10,pv_only,26.370752334594727
tariff/tuned_family,test,8,11,pv_battery,10.690569877624512
tariff/tuned_family,test,8,12,large_flex,38.34943389892578
tariff/tuned_family,test,8,13,large_flex,53.622764587402344
tariff/tuned_family,test,8,14,large_flex,25.06560516357422
tariff/tuned_family,test,8,15,pv_battery,15.402885437011719
tariff/tuned_family,test,8,16,pv_battery,18.45304298400879
tariff/tuned_family,test,8,17,large_flex,36.07017517089844
tariff/tuned_family,test,9,0,tenant,-15.661050796508789
tariff/tuned_family,test,9,1,tenant,-12.405237197875977
tariff/tuned_family,test,9,2,tenant,-15.52894401550293
tariff/tuned_family,test,9,3,tenant,-13.993475914001465
tariff/tuned_family,test,9,4,tenant,-13.589567184448242
tariff/tuned_family,test,9,5,tenant,-13.946969032287598
tariff/tuned_family,test,9,6,pv_only,25.706138610839844
tariff/tuned_family,test,9,7,pv_battery,31.570119857788086
tariff/tuned_family,test,9,8,pv_battery,12.154825210571289
tariff/tuned_family,test,9,9,pv_battery,50.715606689453125
tariff/tuned_family,test,9,10,pv_only,35.305992126464844
tariff/tuned_family,test,9,11,pv_battery,2.2651467323303223
tariff/tuned_family,test,9,12,large_flex,-12.580331802368164
tariff/tuned_family,test,9,13,large_flex,-17.338058471679688
tariff/tuned_family,test,9,14,large_flex,18.76018524169922
tariff/tuned_family,test,9,15,pv_battery,63.296531677246094
tariff/tuned_family,test,9,16,pv_battery,29.247879028320312
tariff/tuned_family,test,9,17,large_flex,14.321588516235352
tariff/tuned_family,test,10,0,tenant,-13.397029876708984
tariff/tuned_family,test,10,1,tenant,-11.180540084838867
tariff/tuned_family,test,10,2,tenant,-11.888525009155273
tariff/tuned_family,test,10,3,tenant,-13.130485534667969
tariff/tuned_family,test,10,4,tenant,-13.532426834106445
tariff/tuned_family,test,10,5,tenant,-11.866914749145508
tariff/tuned_family,test,10,6,pv_only,33.25066375732422
tariff/tuned_family,test,10,7,pv_battery,28.056577682495117
tariff/tuned_family,test,10,8,pv_battery,33.27641296386719
tariff/tuned_family,test,10,9,pv_battery,-1.1816096305847168
tariff/tuned_family,test,10,10,pv_only,4.448040962219238
tariff/tuned_family,test,10,11,pv_battery,29.70765495300293
tariff/tuned_family,test,10,12,large_flex,54.85540008544922
tariff/tuned_family,test,10,13,large_flex,31.02227210998535
tariff/tuned_family,test,10,14,large_flex,13.160909652709961
tariff/tuned_family,test,10,15,pv_battery,57.82975769042969
tariff/tuned_family,test,10,16,pv_battery,11.169234275817871
tariff/tuned_family,test,10,17,large_flex,30.583127975463867
tariff/tuned_family,test,11,0,tenant,-3.175478219985962
tariff/tuned_family,test,11,1,tenant,-0.8609302043914795
tariff/tuned_family,test,11,2,tenant,-2.517941951751709
tariff/tuned_family,test,11,3,tenant,-1.520829200744629
tariff/tuned_family,test,11,4,tenant,-1.945810317993164
tariff/tuned_family,test,11,5,tenant,-1.0436344146728516
tariff/tuned_family,test,11,6,pv_only,24.09500503540039
tariff/tuned_family,test,11,7,pv_battery,33.067962646484375
tariff/tuned_family,test,11,8,pv_battery,18.92444610595703
tariff/tuned_family,test,11,9,pv_battery,41.07525634765625
tariff/tuned_family,test,11,10,pv_only,13.15163516998291
tariff/tuned_family,test,11,11,pv_battery,43.91030502319336
tariff/tuned_family,test,11,12,large_flex,-4.775049209594727
tariff/tuned_family,test,11,13,large_flex,33.80560302734375
tariff/tuned_family,test,11,14,large_flex,43.881568908691406
tariff/tuned_family,test,11,15,pv_battery,43.665443420410156
tariff/tuned_family,test,11,16,pv_battery,31.3909854888916
tariff/tuned_family,test,11,17,large_flex,39.60090637207031
tariff/tuned_family,test,12,0,tenant,-13.172510147094727
tariff/tuned_family,test,12,1,tenant,-12.731674194335938
tariff/tuned_family,test,12,2,tenant,-14.083038330078125
tariff/tuned_family,test,12,3,tenant,-14.973072052001953
tariff/tuned_family,test,12,4,tenant,-13.249269485473633
tariff/tuned_family,test,12,5,tenant,-14.31930160522461
tariff/tuned_family,test,12,6,pv_only,13.430112838745117
tariff/tuned_family,test,12,7,pv_battery,47.59925079345703
tariff/tuned_family,test,12,8,pv_battery,41.201385498046875
tariff/tuned_family,test,12,9,pv_battery,6.013972759246826
tariff/tuned_family,test,12,10,pv_only,39.6121826171875
tariff/tuned_family,test,12,11,pv_battery,58.89533233642578
tariff/tuned_family,test,12,12,large_flex,33.66883087158203
tariff/tuned_family,test,12,13,large_flex,20.99416160583496
tariff/tuned_family,test,12,14,large_flex,-9.199028015136719
tariff/tuned_family,test,12,15,pv_battery,3.5615949630737305
tariff/tuned_family,test,12,16,pv_battery,4.337034225463867
tariff/tuned_family,test,12,17,large_flex,42.32513427734375
tariff/tuned_family,test,13,0,tenant,-10.78410816192627
tariff/tuned_family,test,13,1,tenant,-11.902851104736328
tariff/tuned_family,test,13,2,tenant,-8.9834566116333
tariff/tuned_family,test,13,3,tenant,-11.40810775756836
tariff/tuned_family,test,13,4,tenant,-10.344714164733887
tariff/tuned_family,test,13,5,tenant,-11.233314514160156
tariff/tuned_family,test,13,6,pv_only,-6.100499629974365
tariff/tuned_family,test,13,7,pv_battery,35.20330810546875
tariff/tuned_family,test,13,8,pv_battery,43.32378387451172
tariff/tuned_family,test,13,9,pv_battery,3.4082319736480713
tariff/tuned_family,test,13,10,pv_only,27.309532165527344
tariff/tuned_family,test,13,11,pv_battery,40.40564727783203
tariff/tuned_family,test,13,12,large_flex,26.406402587890625
tariff/tuned_family,test,13,13,large_flex,52.8641357421875
tariff/tuned_family,test,13,14,large_flex,37.68558883666992
tariff/tuned_family,test,13,15,pv_battery,8.27713394165039
tariff/tuned_family,test,13,16,pv_battery,36.52934265136719
tariff/tuned_family,test,13,17,large_flex,49.00358581542969
tariff/tuned_family,test,14,0,tenant,-4.518877983093262
tariff/tuned_family,test,14,1,tenant,-2.1358609199523926
tariff/tuned_family,test,14,2,tenant,-5.971571445465088
tariff/tuned_family,test,14,3,tenant,-3.9443438053131104
tariff/tuned_family,test,14,4,tenant,-5.260793209075928
tariff/tuned_family,test,14,5,tenant,-4.745466232299805
tariff/tuned_family,test,14,6,pv_only,4.552964687347412
tariff/tuned_family,test,14,7,pv_battery,47.0947265625
tariff/tuned_family,test,14,8,pv_battery,47.85321807861328
tariff/tuned_family,test,14,9,pv_battery,39.661659240722656
tariff/tuned_family,test,14,10,pv_only,30.03607177734375
tariff/tuned_family,test,14,11,pv_battery,42.474727630615234
tariff/tuned_family,test,14,12,large_flex,12.007885932922363
tariff/tuned_family,test,14,13,large_flex,41.45729446411133
tariff/tuned_family,test,14,14,large_flex,12.909549713134766
tariff/tuned_family,test,14,15,pv_battery,43.704864501953125
tariff/tuned_family,test,14,16,pv_battery,23.969879150390625
tariff/tuned_family,test,14,17,large_flex,13.626386642456055
tariff/tuned_family,test,15,0,tenant,-13.71334457397461
tariff/tuned_family,test,15,1,tenant,-11.649364471435547
tariff/tuned_family,test,15,2,tenant,-11.05883502960205
tariff/tuned_family,test,15,3,tenant,-11.067499160766602
tariff/tuned_family,test,15,4,tenant,-10.060587882995605
tariff/tuned_family,test,15,5,tenant,-11.034433364868164
tariff/tuned_family,test,15,6,pv_only,11.846555709838867
tariff/tuned_family,test,15,7,pv_battery,13.464812278747559
tariff/tuned_family,test,15,8,pv_battery,48.978515625
tariff/tuned_family,test,15,9,pv_battery,1.6609392166137695
tariff/tuned_family,test,15,10,pv_only,16.68541145324707
tariff/tuned_family,test,15,11,pv_battery,56.97594451904297
tariff/tuned_family,test,15,12,large_flex,9.386726379394531
tariff/tuned_family,test,15,13,large_flex,30.03899383544922
tariff/tuned_family,test,15,14,large_flex,44.61341094970703
tariff/tuned_family,test,15,15,pv_battery,37.78649139404297
tariff/tuned_family,test,15,16,pv_battery,35.130409240722656
tariff/tuned_family,test,15,17,large_flex,37.03485107421875
tariff/tuned_family,test,16,0,tenant,-6.541721343994141
tariff/tuned_family,test,16,1,tenant,-3.7938990592956543
tariff/tuned_family,test,16,2,tenant,-6.6710662841796875
tariff/tuned_family,test,16,3,tenant,-5.328487396240234
tariff/tuned_family,test,16,4,tenant,-4.532902717590332
tariff/tuned_family,test,16,5,tenant,-4.443395137786865
tariff/tuned_family,test,16,6,pv_only,31.485633850097656
tariff/tuned_family,test,16,7,pv_battery,25.40241241455078
tariff/tuned_family,test,16,8,pv_battery,18.683732986450195
tariff/tuned_family,test,16,9,pv_battery,33.10370635986328
tariff/tuned_family,test,16,10,pv_only,20.9022216796875
tariff/tuned_family,test,16,11,pv_battery,44.70428466796875
tariff/tuned_family,test,16,12,large_flex,8.2700777053833
tariff/tuned_family,test,16,13,large_flex,-0.14647436141967773
tariff/tuned_family,test,16,14,large_flex,42.65348434448242
tariff/tuned_family,test,16,15,pv_battery,41.98554229736328
tariff/tuned_family,test,16,16,pv_battery,51.06236267089844
tariff/tuned_family,test,16,17,large_flex,27.17236328125
tariff/tuned_family,test,17,0,tenant,0.40016984939575195
tariff/tuned_family,test,17,1,tenant,1.4668662548065186
tariff/tuned_family,test,17,2,tenant,2.288907051086426
tariff/tuned_family,test,17,3,tenant,-0.05772852897644043
tariff/tuned_family,test,17,4,tenant,1.316441535949707
tariff/tuned_family,test,17,5,tenant,0.2666478157043457
tariff/tuned_family,test,17,6,pv_only,20.452054977416992
tariff/tuned_family,test,17,7,pv_battery,39.2552490234375
tariff/tuned_family,test,17,8,pv_battery,29.048978805541992
tariff/tuned_family,test,17,9,pv_battery,39.49994659423828
tariff/tuned_family,test,17,10,pv_only,22.712709426879883
tariff/tuned_family,test,17,11,pv_battery,30.736833572387695
tariff/tuned_family,test,17,12,large_flex,32.62628936767578
tariff/tuned_family,test,17,13,large_flex,21.849082946777344
tariff/tuned_family,test,17,14,large_flex,29.923784255981445
tariff/tuned_family,test,17,15,pv_battery,46.14277648925781
tariff/tuned_family,test,17,16,pv_battery,23.815052032470703
tariff/tuned_family,test,17,17,large_flex,28.113685607910156
tariff/tuned_family,test,18,0,tenant,-0.5369176864624023
tariff/tuned_family,test,18,1,tenant,-0.590222954750061
tariff/tuned_family,test,18,2,tenant,-1.0515326261520386
tariff/tuned_family,test,18,3,tenant,-0.462915301322937
tariff/tuned_family,test,18,4,tenant,0.4237203598022461
tariff/tuned_family,test,18,5,tenant,-2.430466890335083
tariff/tuned_family,test,18,6,pv_only,-0.1443006992340088
tariff/tuned_family,test,18,7,pv_battery,34.24120330810547
tariff/tuned_family,test,18,8,pv_battery,23.804838180541992
tariff/tuned_family,test,18,9,pv_battery,38.34197998046875
tariff/tuned_family,test,18,10,pv_only,28.772111892700195
tariff/tuned_family,test,18,11,pv_battery,32.556060791015625
tariff/tuned_family,test,18,12,large_flex,37.30594253540039
tariff/tuned_family,test,18,13,large_flex,40.97816467285156
tariff/tuned_family,test,18,14,large_flex,40.249786376953125
tariff/tuned_family,test,18,15,pv_battery,43.89750671386719
tariff/tuned_family,test,18,16,pv_battery,39.845115661621094
tariff/tuned_family,test,18,17,large_flex,4.3582916259765625
tariff/tuned_family,test,19,0,tenant,-14.24290657043457
tariff/tuned_family,test,19,1,tenant,-12.122344970703125
tariff/tuned_family,test,19,2,tenant,-12.091818809509277
tariff/tuned_family,test,19,3,tenant,-11.939784049987793
tariff/tuned_family,test,19,4,tenant,-12.373823165893555
tariff/tuned_family,test,19,5,tenant,-10.662625312805176
tariff/tuned_family,test,19,6,pv_only,24.998455047607422
tariff/tuned_family,test,19,7,pv_battery,58.61656188964844
tariff/tuned_family,test,19,8,pv_battery,10.971925735473633
tariff/tuned_family,test,19,9,pv_battery,14.45108699798584
tariff/tuned_family,test,19,10,pv_only,38.87221908569336
tariff/tuned_family,test,19,11,pv_battery,26.195968627929688
tariff/tuned_family,test,19,12,large_flex,22.04676055908203
tariff/tuned_family,test,19,13,large_flex,34.649497985839844
tariff/tuned_family,test,19,14,large_flex,26.384231567382812
tariff/tuned_family,test,19,15,pv_battery,8.920181274414062
tariff/tuned_family,test,19,16,pv_battery,19.10421371459961
tariff/tuned_family,test,19,17,large_flex,57.75065612792969
tariff/voltage_family,test,0,0,tenant,-16.162662506103516
tariff/voltage_family,test,0,1,tenant,-15.331485748291016
tariff/voltage_family,test,0,2,tenant,-13.907048225402832
tariff/voltage_family,test,0,3,tenant,-12.934743881225586
tariff/voltage_family,test,0,4,tenant,-15.722990036010742
tariff/voltage_family,test,0,5,tenant,-14.045478820800781
tariff/voltage_family,test,0,6,pv_only,34.33277893066406
tariff/voltage_family,test,0,7,pv_battery,20.241342544555664
tariff/voltage_family,test,0,8,pv_battery,4.9389519691467285
tariff/voltage_family,test,0,9,pv_battery,-3.44557785987854
tariff/voltage_family,test,0,10,pv_only,31.129487991333008
tariff/voltage_family,test,0,11,pv_battery,20.099058151245117
tariff/voltage_family,test,0,12,large_flex,42.957786560058594
tariff/voltage_family,test,0,13,large_flex,-2.8479385375976562
tariff/voltage_family,test,0,14,large_flex,23.704748153686523
tariff/voltage_family,test,0,15,pv_battery,56.356929779052734
tariff/voltage_family,test,0,16,pv_battery,11.621814727783203
tariff/voltage_family,test,0,17,large_flex,35.70695114135742
tariff/voltage_family,test,1,0,tenant,16.331050872802734
tariff/voltage_family,test,1,1,tenant,13.198246002197266
tariff/voltage_family,test,1,2,tenant,16.14800262451172
tariff/voltage_family,test,1,3,tenant,14.6459321975708
tariff/voltage_family,test,1,4,tenant,16.11219024658203
tariff/voltage_family,test,1,5,tenant,14.546497344970703
tariff/voltage_family,test,1,6,pv_only,20.710975646972656
tariff/voltage_family,test,1,7,pv_battery,27.549535751342773
tariff/voltage_family,test,1,8,pv_battery,31.043926239013672
tariff/voltage_family,test,1,9,pv_battery,23.672264099121094
tariff/voltage_family,test,1,10,pv_only,23.099271774291992
tariff/voltage_family,test,1,11,pv_battery,30.45903205871582
tariff/voltage_family,test,1,12,large_flex,27.344501495361328
tariff/voltage_family,test,1,13,large_flex,1.822807788848877
tariff/voltage_family,test,1,14,large_flex,23.880596160888672
tariff/voltage_family,test,1,15,pv_battery,29.568275451660156
tariff/voltage_family,test,1,16,pv_battery,27.054964065551758
tariff/voltage_family,test,1,17,large_flex,35.18986892700195
tariff/voltage_family,test,2,0,tenant,-9.70926284790039
tariff/voltage_family,test,2,1,tenant,-9.012312889099121
tariff/voltage_family,test,2,2,tenant,-10.5557861328125
tariff/voltage_family,test,2,3,tenant,-11.208312034606934
tariff/voltage_family,test,2,4,tenant,-9.08395767211914
tariff/voltage_family,test,2,5,tenant,-13.000328063964844
tariff/voltage_family,test,2,6,pv_only,12.137004852294922
tariff/voltage_family,test,2,7,pv_battery,9.90023422241211
tariff/voltage_family,test,2,8,pv_battery,9.4209566116333
tariff/voltage_family,test,2,9,pv_battery,49.164058685302734
tariff/voltage_family,test,2,10,pv_only,38.15155792236328
tariff/voltage_family,test,2,11,pv_battery,52.41753005981445
tariff/voltage_family,test,2,12,large_flex,-13.830963134765625
tariff/voltage_family,test,2,13,large_flex,22.542152404785156
tariff/voltage_family,test,2,14,large_flex,-16.229217529296875
tariff/voltage_family,test,2,15,pv_battery,55.19346618652344
tariff/voltage_family,test,2,16,pv_battery,56.64736557006836
tariff/voltage_family,test,2,17,large_flex,43.61894226074219
tariff/voltage_family,test,3,0,tenant,-11.132339477539062
tariff/voltage_family,test,3,1,tenant,-10.252805709838867
tariff/voltage_family,test,3,2,tenant,-12.854486465454102
tariff/voltage_family,test,3,3,tenant,-11.017799377441406
tariff/voltage_family,test,3,4,tenant,-10.996306419372559
tariff/voltage_family,test,3,5,tenant,-11.089214324951172
tariff/voltage_family,test,3,6,pv_only,16.52356719970703
tariff/voltage_family,test,3,7,pv_battery,19.472219467163086
tariff/voltage_family,test,3,8,pv_battery,20.227643966674805
tariff/voltage_family,test,3,9,pv_battery,26.406810760498047
tariff/voltage_family,test,3,10,pv_only,9.562231063842773
tariff/voltage_family,test,3,11,pv_battery,16.069360733032227
tariff/voltage_family,test,3,12,large_flex,13.690458297729492
tariff/voltage_family,test,3,13,large_flex,51.22004699707031
tariff/voltage_family,test,3,14,large_flex,46.12989807128906
tariff/voltage_family,test,3,15,pv_battery,45.17118835449219
tariff/voltage_family,test,3,16,pv_battery,45.246395111083984
tariff/voltage_family,test,3,17,large_flex,40.7857780456543
tariff/voltage_family,test,4,0,tenant,14.886053085327148
tariff/voltage_family,test,4,1,tenant,15.065836906433105
tariff/voltage_family,test,4,2,tenant,12.458091735839844
tariff/voltage_family,test,4,3,tenant,13.852779388427734
tariff/voltage_family,test,4,4,tenant,13.971274375915527
tariff/voltage_family,test,4,5,tenant,15.180688858032227
tariff/voltage_family,test,4,6,pv_only,16.498319625854492
tariff/voltage_family,test,4,7,pv_battery,33.843994140625
tariff/voltage_family,test,4,8,pv_battery,26.521482467651367
tariff/voltage_family,test,4,9,pv_battery,32.282894134521484
tariff/voltage_family,test,4,10,pv_only,20.98685073852539
tariff/voltage_family,test,4,11,pv_battery,32.37437438964844
tariff/voltage_family,test,4,12,large_flex,29.20840072631836
tariff/voltage_family,test,4,13,large_flex,27.992847442626953
tariff/voltage_family,test,4,14,large_flex,27.25901222229004
tariff/voltage_family,test,4,15,pv_battery,26.84420394897461
tariff/voltage_family,test,4,16,pv_battery,27.038522720336914
tariff/voltage_family,test,4,17,large_flex,26.04782485961914
tariff/voltage_family,test,5,0,tenant,-11.931070327758789
tariff/voltage_family,test,5,1,tenant,-13.721701622009277
tariff/voltage_family,test,5,2,tenant,-10.041797637939453
tariff/voltage_family,test,5,3,tenant,-12.932148933410645
tariff/voltage_family,test,5,4,tenant,-10.052621841430664
tariff/voltage_family,test,5,5,tenant,-12.297978401184082
tariff/voltage_family,test,5,6,pv_only,29.300827026367188
tariff/voltage_family,test,5,7,pv_battery,43.134735107421875
tariff/voltage_family,test,5,8,pv_battery,38.096988677978516
tariff/voltage_family,test,5,9,pv_battery,49.713401794433594
tariff/voltage_family,test,5,10,pv_only,11.407628059387207
tariff/voltage_family,test,5,11,pv_battery,7.977369785308838
tariff/voltage_family,test,5,12,large_flex,62.262794494628906
tariff/voltage_family,test,5,13,large_flex,1.96331787109375
tariff/voltage_family,test,5,14,large_flex,6.4622979164123535
tariff/voltage_family,test,5,15,pv_battery,33.86216354370117
tariff/voltage_family,test,5,16,pv_battery,56.305213928222656
tariff/voltage_family,test,5,17,large_flex,8.722885131835938
tariff/voltage_family,test,6,0,tenant,-0.4537672996520996
tariff/voltage_family,test,6,1,tenant,-0.6347918510437012
tariff/voltage_family,test,6,2,tenant,-1.7902636528015137
tariff/voltage_family,test,6,3,tenant,-0.39470767974853516
tariff/voltage_family,test,6,4,tenant,1.663503646850586
tariff/voltage_family,test,6,5,tenant,-2.414642810821533
tariff/voltage_family,test,6,6,pv_only,7.374253273010254
tariff/voltage_family,test,6,7,pv_battery,48.14701843261719
tariff/voltage_family,test,6,8,pv_battery,34.85383605957031
tariff/voltage_family,test,6,9,pv_battery,30.82619857788086
tariff/voltage_family,test,6,10,pv_only,20.423112869262695
tariff/voltage_family,test,6,11,pv_battery,13.047775268554688
tariff/voltage_family,test,6,12,large_flex,44.08206558227539
tariff/voltage_family,test,6,13,large_flex,9.341833114624023
tariff/voltage_family,test,6,14,large_flex,24.976898193359375
tariff/voltage_family,test,6,15,pv_battery,41.23627471923828
tariff/voltage_family,test,6,16,pv_battery,28.588117599487305
tariff/voltage_family,test,6,17,large_flex,43.938941955566406
tariff/voltage_family,test,7,0,tenant,7.726663112640381
tariff/voltage_family,test,7,1,tenant,6.088342666625977
tariff/voltage_family,test,7,2,tenant,6.373896598815918
tariff/voltage_family,test,7,3,tenant,7.407445907592773
tariff/voltage_family,test,7,4,tenant,5.882717132568359
tariff/voltage_family,test,7,5,tenant,6.191067218780518
tariff/voltage_family,test,7,6,pv_only,25.529075622558594
tariff/voltage_family,test,7,7,pv_battery,25.8437557220459
tariff/voltage_family,test,7,8,pv_battery,22.50135040283203
tariff/voltage_family,test,7,9,pv_battery,37.763641357421875
tariff/voltage_family,test,7,10,pv_only,28.157512664794922
tariff/voltage_family,test,7,11,pv_battery,44.97821807861328
tariff/voltage_family,test,7,12,large_flex,30.089866638183594
tariff/voltage_family,test,7,13,large_flex,19.173973083496094
tariff/voltage_family,test,7,14,large_flex,16.332170486450195
tariff/voltage_family,test,7,15,pv_battery,25.99898910522461
tariff/voltage_family,test,7,16,pv_battery,29.56362533569336
tariff/voltage_family,test,7,17,large_flex,34.22132110595703
tariff/voltage_family,test,8,0,tenant,-12.864338874816895
tariff/voltage_family,test,8,1,tenant,-13.217390060424805
tariff/voltage_family,test,8,2,tenant,-13.704353332519531
tariff/voltage_family,test,8,3,tenant,-14.723831176757812
tariff/voltage_family,test,8,4,tenant,-12.300917625427246
tariff/voltage_family,test,8,5,tenant,-14.016485214233398
tariff/voltage_family,test,8,6,pv_only,-5.383090972900391
tariff/voltage_family,test,8,7,pv_battery,39.19271469116211
tariff/voltage_family,test,8,8,pv_battery,13.135530471801758
tariff/voltage_family,test,8,9,pv_battery,28.00494384765625
tariff/voltage_family,test,8,10,pv_only,26.431365966796875
tariff/voltage_family,test,8,11,pv_battery,10.7451753616333
tariff/voltage_family,test,8,12,large_flex,39.146568298339844
tariff/voltage_family,test,8,13,large_flex,57.0460205078125
tariff/voltage_family,test,8,14,large_flex,25.687055587768555
tariff/voltage_family,test,8,15,pv_battery,15.348759651184082
tariff/voltage_family,test,8,16,pv_battery,18.601560592651367
tariff/voltage_family,test,8,17,large_flex,37.299583435058594
tariff/voltage_family,test,9,0,tenant,-15.683074951171875
tariff/voltage_family,test,9,1,tenant,-12.427897453308105
tariff/voltage_family,test,9,2,tenant,-15.551387786865234
tariff/voltage_family,test,9,3,tenant,-14.016210556030273
tariff/voltage_family,test,9,4,tenant,-13.612031936645508
tariff/voltage_family,test,9,5,tenant,-13.969427108764648
tariff/voltage_family,test,9,6,pv_only,25.69908332824707
tariff/voltage_family,test,9,7,pv_battery,31.56928825378418
tariff/voltage_family,test,9,8,pv_battery,11.895638465881348
tariff/voltage_family,test,9,9,pv_battery,52.1098518371582
tariff/voltage_family,test,9,10,pv_only,35.3204460144043
tariff/voltage_family,test,9,11,pv_battery,2.4968345165252686
tariff/voltage_family,test,9,12,large_flex,-12.51791763305664
tariff/voltage_family,test,9,13,large_flex,-17.30595588684082
tariff/voltage_family,test,9,14,large_flex,18.810264587402344
tariff/voltage_family,test,9,15,pv_battery,65.43414306640625
tariff/voltage_family,test,9,16,pv_battery,29.22930145263672
tariff/voltage_family,test,9,17,large_flex,14.265275955200195
tariff/voltage_family,test,10,0,tenant,-12.34486198425293
tariff/voltage_family,test,10,1,tenant,-10.128364562988281
tariff/voltage_family,test,10,2,tenant,-10.83636474609375
tariff/voltage_family,test,10,3,tenant,-12.078174591064453
tariff/voltage_family,test,10,4,tenant,-12.480207443237305
tariff/voltage_family,test,10,5,tenant,-10.814767837524414
tariff/voltage_family,test,10,6,pv_only,32.293548583984375
tariff/voltage_family,test,10,7,pv_battery,27.713844299316406
tariff/voltage_family,test,10,8,pv_battery,33.945655822753906
tariff/voltage_family,test,10,9,pv_battery,-0.33994483947753906
tariff/voltage_family,test,10,10,pv_only,4.8833489418029785
tariff/voltage_family,test,10,11,pv_battery,29.079986572265625
tariff/voltage_family,test,10,12,large_flex,55.7808952331543
tariff/voltage_family,test,10,13,large_flex,31.020671844482422
tariff/voltage_family,test,10,14,large_flex,13.733100891113281
tariff/voltage_family,test,10,15,pv_battery,58.13014221191406
tariff/voltage_family,test,10,16,pv_battery,11.813612937927246
tariff/voltage_family,test,10,17,large_flex,32.035526275634766
tariff/voltage_family,test,11,0,tenant,3.555481433868408
tariff/voltage_family,test,11,1,tenant,5.870497226715088
tariff/voltage_family,test,11,2,tenant,4.21334171295166
tariff/voltage_family,test,11,3,tenant,5.210371971130371
tariff/voltage_family,test,11,4,tenant,4.785403251647949
tariff/voltage_family,test,11,5,tenant,5.687180519104004
tariff/voltage_family,test,11,6,pv_only,21.530189514160156
tariff/voltage_family,test,11,7,pv_battery,28.697437286376953
tariff/voltage_family,test,11,8,pv_battery,17.796464920043945
tariff/voltage_family,test,11,9,pv_battery,36.25783157348633
tariff/voltage_family,test,11,10,pv_only,15.121520042419434
tariff/voltage_family,test,11,11,pv_battery,41.37596130371094
tariff/voltage_family,test,11,12,large_flex,-1.1224489212036133
tariff/voltage_family,test,11,13,large_flex,28.60489845275879
tariff/voltage_family,test,11,14,large_flex,40.55252456665039
tariff/voltage_family,test,11,15,pv_battery,44.00281524658203
tariff/voltage_family,test,11,16,pv_battery,31.647388458251953
tariff/voltage_family,test,11,17,large_flex,31.472118377685547
tariff/voltage_family,test,12,0,tenant,-12.947425842285156
tariff/voltage_family,test,12,1,tenant,-12.506937026977539
tariff/voltage_family,test,12,2,tenant,-13.858402252197266
tariff/voltage_family,test,12,3,tenant,-14.748181343078613
tariff/voltage_family,test,12,4,tenant,-13.024454116821289
tariff/voltage_family,test,12,5,tenant,-14.09450912475586
tariff/voltage_family,test,12,6,pv_only,13.245745658874512
tariff/voltage_family,test,12,7,pv_battery,48.55025863647461
tariff/voltage_family,test,12,8,pv_battery,41.37425231933594
tariff/voltage_family,test,12,9,pv_battery,6.693068504333496
tariff/voltage_family,test,12,10,pv_only,39.32311248779297
tariff/voltage_family,test,12,11,pv_battery,60.26020050048828
tariff/voltage_family,test,12,12,large_flex,33.60452651977539
tariff/voltage_family,test,12,13,large_flex,21.09358787536621
tariff/voltage_family,test,12,14,large_flex,-8.317866325378418
tariff/voltage_family,test,12,15,pv_battery,4.073321342468262
tariff/voltage_family,test,12,16,pv_battery,4.889925956726074
tariff/voltage_family,test,12,17,large_flex,44.3017463684082
tariff/voltage_family,test,13,0,tenant,-8.536853790283203
tariff/voltage_family,test,13,1,tenant,-9.655424118041992
tariff/voltage_family,test,13,2,tenant,-6.736209869384766
tariff/voltage_family,test,13,3,tenant,-9.160677909851074
tariff/voltage_family,test,13,4,tenant,-8.09718132019043
tariff/voltage_family,test,13,5,tenant,-8.986001968383789
tariff/voltage_family,test,13,6,pv_only,-4.1967926025390625
tariff/voltage_family,test,13,7,pv_battery,34.58575439453125
tariff/voltage_family,test,13,8,pv_battery,42.82422637939453
tariff/voltage_family,test,13,9,pv_battery,5.922019004821777
tariff/voltage_family,test,13,10,pv_only,25.817760467529297
tariff/voltage_family,test,13,11,pv_battery,38.318443298339844
tariff/voltage_family,test,13,12,large_flex,24.180397033691406
tariff/voltage_family,test,13,13,large_flex,52.484413146972656
tariff/voltage_family,test,13,14,large_flex,35.357025146484375
tariff/voltage_family,test,13,15,pv_battery,11.014973640441895
tariff/voltage_family,test,13,16,pv_battery,37.45555114746094
tariff/voltage_family,test,13,17,large_flex,48.128448486328125
tariff/voltage_family,test,14,0,tenant,-0.8819587230682373
tariff/voltage_family,test,14,1,tenant,1.501072645187378
tariff/voltage_family,test,14,2,tenant,-2.3345727920532227
tariff/voltage_family,test,14,3,tenant,-0.30739545822143555
tariff/voltage_family,test,14,4,tenant,-1.6238248348236084
tariff/voltage_family,test,14,5,tenant,-1.108551025390625
tariff/voltage_family,test,14,6,pv_only,6.470216274261475
tariff/voltage_family,test,14,7,pv_battery,43.18553924560547
tariff/voltage_family,test,14,8,pv_battery,44.918601989746094
tariff/voltage_family,test,14,9,pv_battery,38.54242706298828
tariff/voltage_family,test,14,10,pv_only,27.47133445739746
tariff/voltage_family,test,14,11,pv_battery,39.78112030029297
tariff/voltage_family,test,14,12,large_flex,13.083271026611328
tariff/voltage_family,test,14,13,large_flex,40.14148712158203
tariff/voltage_family,test,14,14,large_flex,13.80109977722168
tariff/voltage_family,test,14,15,pv_battery,40.803733825683594
tariff/voltage_family,test,14,16,pv_battery,25.36806869506836
tariff/voltage_family,test,14,17,large_flex,14.243987083435059
tariff/voltage_family,test,15,0,tenant,-12.506710052490234
tariff/voltage_family,test,15,1,tenant,-10.44271469116211
tariff/voltage_family,test,15,2,tenant,-9.852227210998535
tariff/voltage_family,test,15,3,tenant,-9.860918045043945
tariff/voltage_family,test,15,4,tenant,-8.854018211364746
tariff/voltage_family,test,15,5,tenant,-9.827803611755371
tariff/voltage_family,test,15,6,pv_only,11.754074096679688
tariff/voltage_family,test,15,7,pv_battery,14.024493217468262
tariff/voltage_family,test,15,8,pv_battery,48.412208557128906
tariff/voltage_family,test,15,9,pv_battery,2.873913288116455
tariff/voltage_family,test,15,10,pv_only,15.867369651794434
tariff/voltage_family,test,15,11,pv_battery,57.55797576904297
tariff/voltage_family,test,15,12,large_flex,10.3137845993042
tariff/voltage_family,test,15,13,large_flex,30.041608810424805
tariff/voltage_family,test,15,14,large_flex,45.28584671020508
tariff/voltage_family,test,15,15,pv_battery,36.699676513671875
tariff/voltage_family,test,15,16,pv_battery,34.55889892578125
tariff/voltage_family,test,15,17,large_flex,37.17055892944336
tariff/voltage_family,test,16,0,tenant,-2.6047520637512207
tariff/voltage_family,test,16,1,tenant,0.1429910659790039
tariff/voltage_family,test,16,2,tenant,-2.7341504096984863
tariff/voltage_family,test,16,3,tenant,-1.3915653228759766
tariff/voltage_family,test,16,4,tenant,-0.5959959030151367
tariff/voltage_family,test,16,5,tenant,-0.5064620971679688
tariff/voltage_family,test,16,6,pv_only,28.804758071899414
tariff/voltage_family,test,16,7,pv_battery,26.523277282714844
tariff/voltage_family,test,16,8,pv_battery,20.35207176208496
tariff/voltage_family,test,16,9,pv_battery,31.166139602661133
tariff/voltage_family,test,16,10,pv_only,19.812286376953125
tariff/voltage_family,test,16,11,pv_battery,41.932735443115234
tariff/voltage_family,test,16,12,large_flex,9.22562313079834
tariff/voltage_family,test,16,13,large_flex,4.30902624130249
tariff/voltage_family,test,16,14,large_flex,39.59870910644531
tariff/voltage_family,test,16,15,pv_battery,38.962989807128906
tariff/voltage_family,test,16,16,pv_battery,48.48143768310547
tariff/voltage_family,test,16,17,large_flex,23.52337646484375
tariff/voltage_family,test,17,0,tenant,2.5877163410186768
tariff/voltage_family,test,17,1,tenant,3.6544125080108643
tariff/voltage_family,test,17,2,tenant,4.47645378112793
tariff/voltage_family,test,17,3,tenant,2.129817485809326
tariff/voltage_family,test,17,4,tenant,3.5039873123168945
tariff/voltage_family,test,17,5,tenant,2.4541945457458496
tariff/voltage_family,test,17,6,pv_only,18.959327697753906
tariff/voltage_family,test,17,7,pv_battery,37.04145050048828
tariff/voltage_family,test,17,8,pv_battery,25.887657165527344
tariff/voltage_family,test,17,9,pv_battery,36.59907913208008
tariff/voltage_family,test,17,10,pv_only,22.56991195678711
tariff/voltage_family,test,17,11,pv_battery,31.926103591918945
tariff/voltage_family,test,17,12,large_flex,32.59844970703125
tariff/voltage_family,test,17,13,large_flex,24.95063591003418
tariff/voltage_family,test,17,14,large_flex,30.305728912353516
tariff/voltage_family,test,17,15,pv_battery,44.36029052734375
tariff/voltage_family,test,17,16,pv_battery,25.060562133789062
tariff/voltage_family,test,17,17,large_flex,29.8250789642334
tariff/voltage_family,test,18,0,tenant,5.7200751304626465
tariff/voltage_family,test,18,1,tenant,5.667898178100586
tariff/voltage_family,test,18,2,tenant,5.206445217132568
tariff/voltage_family,test,18,3,tenant,5.793512344360352
tariff/voltage_family,test,18,4,tenant,6.680713176727295
tariff/voltage_family,test,18,5,tenant,3.8264358043670654
tariff/voltage_family,test,18,6,pv_only,5.843542575836182
tariff/voltage_family,test,18,7,pv_battery,29.15999984741211
tariff/voltage_family,test,18,8,pv_battery,28.599952697753906
tariff/voltage_family,test,18,9,pv_battery,35.071189880371094
tariff/voltage_family,test,18,10,pv_only,25.692180633544922
tariff/voltage_family,test,18,11,pv_battery,33.13549041748047
tariff/voltage_family,test,18,12,large_flex,33.31129455566406
tariff/voltage_family,test,18,13,large_flex,33.78098678588867
tariff/voltage_family,test,18,14,large_flex,35.60298156738281
tariff/voltage_family,test,18,15,pv_battery,38.32349395751953
tariff/voltage_family,test,18,16,pv_battery,36.57099151611328
tariff/voltage_family,test,18,17,large_flex,9.246040344238281
tariff/voltage_family,test,19,0,tenant,-13.494548797607422
tariff/voltage_family,test,19,1,tenant,-11.374126434326172
tariff/voltage_family,test,19,2,tenant,-11.343671798706055
tariff/voltage_family,test,19,3,tenant,-11.191543579101562
tariff/voltage_family,test,19,4,tenant,-11.625692367553711
tariff/voltage_family,test,19,5,tenant,-9.914265632629395
tariff/voltage_family,test,19,6,pv_only,24.59589385986328
tariff/voltage_family,test,19,7,pv_battery,59.46681213378906
tariff/voltage_family,test,19,8,pv_battery,11.547801971435547
tariff/voltage_family,test,19,9,pv_battery,14.961153984069824
tariff/voltage_family,test,19,10,pv_only,37.985313415527344
tariff/voltage_family,test,19,11,pv_battery,25.977340698242188
tariff/voltage_family,test,19,12,large_flex,21.875770568847656
tariff/voltage_family,test,19,13,large_flex,35.367942810058594
tariff/voltage_family,test,19,14,large_flex,26.90815544128418
tariff/voltage_family,test,19,15,pv_battery,9.585921287536621
tariff/voltage_family,test,19,16,pv_battery,19.170516967773438
tariff/voltage_family,test,19,17,large_flex,59.73992919921875
tariff/voltage_off_matched,test,0,0,tenant,-15.124156951904297
tariff/voltage_off_matched,test,0,1,tenant,-14.292805671691895
tariff/voltage_off_matched,test,0,2,tenant,-12.868500709533691
tariff/voltage_off_matched,test,0,3,tenant,-11.895821571350098
tariff/voltage_off_matched,test,0,4,tenant,-14.684174537658691
tariff/voltage_off_matched,test,0,5,tenant,-13.006561279296875
tariff/voltage_off_matched,test,0,6,pv_only,33.32109451293945
tariff/voltage_off_matched,test,0,7,pv_battery,18.817663192749023
tariff/voltage_off_matched,test,0,8,pv_battery,5.534172058105469
tariff/voltage_off_matched,test,0,9,pv_battery,-3.2201790809631348
tariff/voltage_off_matched,test,0,10,pv_only,30.68126106262207
tariff/voltage_off_matched,test,0,11,pv_battery,19.2254695892334
tariff/voltage_off_matched,test,0,12,large_flex,41.958290100097656
tariff/voltage_off_matched,test,0,13,large_flex,-4.432816505432129
tariff/voltage_off_matched,test,0,14,large_flex,23.690792083740234
tariff/voltage_off_matched,test,0,15,pv_battery,54.91889190673828
tariff/voltage_off_matched,test,0,16,pv_battery,11.891448020935059
tariff/voltage_off_matched,test,0,17,large_flex,35.386505126953125
tariff/voltage_off_matched,test,1,0,tenant,16.063161849975586
tariff/voltage_off_matched,test,1,1,tenant,12.930356979370117
tariff/voltage_off_matched,test,1,2,tenant,15.88011360168457
tariff/voltage_off_matched,test,1,3,tenant,14.378044128417969
tariff/voltage_off_matched,test,1,4,tenant,15.844298362731934
tariff/voltage_off_matched,test,1,5,tenant,14.278610229492188
tariff/voltage_off_matched,test,1,6,pv_only,21.977392196655273
tariff/voltage_off_matched,test,1,7,pv_battery,29.51403045654297
tariff/voltage_off_matched,test,1,8,pv_battery,33.42851257324219
tariff/voltage_off_matched,test,1,9,pv_battery,24.633522033691406
tariff/voltage_off_matched,test,1,10,pv_only,23.835041046142578
tariff/voltage_off_matched,test,1,11,pv_battery,30.54268455505371
tariff/voltage_off_matched,test,1,12,large_flex,28.21634292602539
tariff/voltage_off_matched,test,1,13,large_flex,-2.237276315689087
tariff/voltage_off_matched,test,1,14,large_flex,21.884559631347656
tariff/voltage_off_matched,test,1,15,pv_battery,32.10007095336914
tariff/voltage_off_matched,test,1,16,pv_battery,29.516450881958008
tariff/voltage_off_matched,test,1,17,large_flex,30.569129943847656
tariff/voltage_off_matched,test,2,0,tenant,-7.97896671295166
tariff/voltage_off_matched,test,2,1,tenant,-7.2821736335754395
tariff/voltage_off_matched,test,2,2,tenant,-8.825681686401367
tariff/voltage_off_matched,test,2,3,tenant,-9.478536605834961
tariff/voltage_off_matched,test,2,4,tenant,-7.353513240814209
tariff/voltage_off_matched,test,2,5,tenant,-11.27092170715332
tariff/voltage_off_matched,test,2,6,pv_only,12.346429824829102
tariff/voltage_off_matched,test,2,7,pv_battery,10.873661994934082
tariff/voltage_off_matched,test,2,8,pv_battery,9.188600540161133
tariff/voltage_off_matched,test,2,9,pv_battery,48.97090148925781
tariff/voltage_off_matched,test,2,10,pv_only,36.937042236328125
tariff/voltage_off_matched,test,2,11,pv_battery,50.305694580078125
tariff/voltage_off_matched,test,2,12,large_flex,-12.75411605834961
tariff/voltage_off_matched,test,2,13,large_flex,21.43458366394043
tariff/voltage_off_matched,test,2,14,large_flex,-16.07848358154297
tariff/voltage_off_matched,test,2,15,pv_battery,53.58479309082031
tariff/voltage_off_matched,test,2,16,pv_battery,55.43309020996094
tariff/voltage_off_matched,test,2,17,large_flex,41.41987228393555
tariff/voltage_off_matched,test,3,0,tenant,-10.200922012329102
tariff/voltage_off_matched,test,3,1,tenant,-9.32165241241455
tariff/voltage_off_matched,test,3,2,tenant,-11.923372268676758
tariff/voltage_off_matched,test,3,3,tenant,-10.086747169494629
tariff/voltage_off_matched,test,3,4,tenant,-10.065454483032227
tariff/voltage_off_matched,test,3,5,tenant,-10.158890724182129
tariff/voltage_off_matched,test,3,6,pv_only,16.719837188720703
tariff/voltage_off_matched,test,3,7,pv_battery,19.72012710571289
tariff/voltage_off_matched,test,3,8,pv_battery,21.185461044311523
tariff/voltage_off_matched,test,3,9,pv_battery,26.383346557617188
tariff/voltage_off_matched,test,3,10,pv_only,9.979715347290039
tariff/voltage_off_matched,test,3,11,pv_battery,15.442889213562012
tariff/voltage_off_matched,test,3,12,large_flex,12.901985168457031
tariff/voltage_off_matched,test,3,13,large_flex,50.50956726074219
tariff/voltage_off_matched,test,3,14,large_flex,45.685089111328125
tariff/voltage_off_matched,test,3,15,pv_battery,44.94963455200195
tariff/voltage_off_matched,test,3,16,pv_battery,44.782875061035156
tariff/voltage_off_matched,test,3,17,large_flex,39.1236572265625
tariff/voltage_off_matched,test,4,0,tenant,14.351346015930176
tariff/voltage_off_matched,test,4,1,tenant,14.531129837036133
tariff/voltage_off_matched,test,4,2,tenant,11.923384666442871
tariff/voltage_off_matched,test,4,3,tenant,13.318072319030762
tariff/voltage_off_matched,test,4,4,tenant,13.436565399169922
tariff/voltage_off_matched,test,4,5,tenant,14.64598274230957
tariff/voltage_off_matched,test,4,6,pv_only,18.858184814453125
tariff/voltage_off_matched,test,4,7,pv_battery,33.39867401123047
tariff/voltage_off_matched,test,4,8,pv_battery,27.161823272705078
tariff/voltage_off_matched,test,4,9,pv_battery,33.460723876953125
tariff/voltage_off_matched,test,4,10,pv_only,23.081527709960938
tariff/voltage_off_matched,test,4,11,pv_battery,38.28518295288086
tariff/voltage_off_matched,test,4,12,large_flex,27.043617248535156
tariff/voltage_off_matched,test,4,13,large_flex,25.19940948486328
tariff/voltage_off_matched,test,4,14,large_flex,27.01149559020996
tariff/voltage_off_matched,test,4,15,pv_battery,30.804065704345703
tariff/voltage_off_matched,test,4,16,pv_battery,27.46255874633789
tariff/voltage_off_matched,test,4,17,large_flex,20.508258819580078
tariff/voltage_off_matched,test,5,0,tenant,-10.248385429382324
tariff/voltage_off_matched,test,5,1,tenant,-12.039125442504883
tariff/voltage_off_matched,test,5,2,tenant,-8.359057426452637
tariff/voltage_off_matched,test,5,3,tenant,-11.24946403503418
tariff/voltage_off_matched,test,5,4,tenant,-8.369860649108887
tariff/voltage_off_matched,test,5,5,tenant,-10.615299224853516
tariff/voltage_off_matched,test,5,6,pv_only,28.59595489501953
tariff/voltage_off_matched,test,5,7,pv_battery,41.50355529785156
tariff/voltage_off_matched,test,5,8,pv_battery,37.66939926147461
tariff/voltage_off_matched,test,5,9,pv_battery,48.39955139160156
tariff/voltage_off_matched,test,5,10,pv_only,11.951529502868652
tariff/voltage_off_matched,test,5,11,pv_battery,8.542247772216797
tariff/voltage_off_matched,test,5,12,large_flex,60.33837890625
tariff/voltage_off_matched,test,5,13,large_flex,1.391171932220459
tariff/voltage_off_matched,test,5,14,large_flex,6.106445789337158
tariff/voltage_off_matched,test,5,15,pv_battery,33.94247055053711
tariff/voltage_off_matched,test,5,16,pv_battery,54.5767707824707
tariff/voltage_off_matched,test,5,17,large_flex,7.612095832824707
tariff/voltage_off_matched,test,6,0,tenant,1.6695685386657715
tariff/voltage_off_matched,test,6,1,tenant,1.4881243705749512
tariff/voltage_off_matched,test,6,2,tenant,0.33249759674072266
tariff/voltage_off_matched,test,6,3,tenant,1.7279229164123535
tariff/voltage_off_matched,test,6,4,tenant,3.7867250442504883
tariff/voltage_off_matched,test,6,5,tenant,-0.2918400764465332
tariff/voltage_off_matched,test,6,6,pv_only,8.981565475463867
tariff/voltage_off_matched,test,6,7,pv_battery,47.16570281982422
tariff/voltage_off_matched,test,6,8,pv_battery,34.70538330078125
tariff/voltage_off_matched,test,6,9,pv_battery,30.90302848815918
tariff/voltage_off_matched,test,6,10,pv_only,21.0053768157959
tariff/voltage_off_matched,test,6,11,pv_battery,13.244341850280762
tariff/voltage_off_matched,test,6,12,large_flex,40.40502166748047
tariff/voltage_off_matched,test,6,13,large_flex,8.459879875183105
tariff/voltage_off_matched,test,6,14,large_flex,22.039945602416992
tariff/voltage_off_matched,test,6,15,pv_battery,39.3134651184082
tariff/voltage_off_matched,test,6,16,pv_battery,28.415355682373047
tariff/voltage_off_matched,test,6,17,large_flex,40.677528381347656
tariff/voltage_off_matched,test,7,0,tenant,8.06668472290039
tariff/voltage_off_matched,test,7,1,tenant,6.4284820556640625
tariff/voltage_off_matched,test,7,2,tenant,6.713440895080566
tariff/voltage_off_matched,test,7,3,tenant,7.7471418380737305
tariff/voltage_off_matched,test,7,4,tenant,6.222867965698242
tariff/voltage_off_matched,test,7,5,tenant,6.531595706939697
tariff/voltage_off_matched,test,7,6,pv_only,25.52037811279297
tariff/voltage_off_matched,test,7,7,pv_battery,25.48200225830078
tariff/voltage_off_matched,test,7,8,pv_battery,22.88204574584961
tariff/voltage_off_matched,test,7,9,pv_battery,37.72654724121094
tariff/voltage_off_matched,test,7,10,pv_only,28.271902084350586
tariff/voltage_off_matched,test,7,11,pv_battery,45.53889083862305
tariff/voltage_off_matched,test,7,12,large_flex,32.09461212158203
tariff/voltage_off_matched,test,7,13,large_flex,18.39157485961914
tariff/voltage_off_matched,test,7,14,large_flex,12.705155372619629
tariff/voltage_off_matched,test,7,15,pv_battery,24.874698638916016
tariff/voltage_off_matched,test,7,16,pv_battery,29.589088439941406
tariff/voltage_off_matched,test,7,17,large_flex,36.390220642089844
tariff/voltage_off_matched,test,8,0,tenant,-10.88951301574707
tariff/voltage_off_matched,test,8,1,tenant,-11.242417335510254
tariff/voltage_off_matched,test,8,2,tenant,-11.729516983032227
tariff/voltage_off_matched,test,8,3,tenant,-12.749067306518555
tariff/voltage_off_matched,test,8,4,tenant,-10.325943946838379
tariff/voltage_off_matched,test,8,5,tenant,-12.041763305664062
tariff/voltage_off_matched,test,8,6,pv_only,-3.945664644241333
tariff/voltage_off_matched,test,8,7,pv_battery,38.606781005859375
tariff/voltage_off_matched,test,8,8,pv_battery,13.06064224243164
tariff/voltage_off_matched,test,8,9,pv_battery,26.17416763305664
tariff/voltage_off_matched,test,8,10,pv_only,25.385276794433594
tariff/voltage_off_matched,test,8,11,pv_battery,11.955384254455566
tariff/voltage_off_matched,test,8,12,large_flex,36.000553131103516
tariff/voltage_off_matched,test,8,13,large_flex,54.92292785644531
tariff/voltage_off_matched,test,8,14,large_flex,23.278350830078125
tariff/voltage_off_matched,test,8,15,pv_battery,15.41873836517334
tariff/voltage_off_matched,test,8,16,pv_battery,17.4577579498291
tariff/voltage_off_matched,test,8,17,large_flex,36.10881805419922
tariff/voltage_off_matched,test,9,0,tenant,-15.182950973510742
tariff/voltage_off_matched,test,9,1,tenant,-11.926639556884766
tariff/voltage_off_matched,test,9,2,tenant,-15.051097869873047
tariff/voltage_off_matched,test,9,3,tenant,-13.515390396118164
tariff/voltage_off_matched,test,9,4,tenant,-13.111467361450195
tariff/voltage_off_matched,test,9,5,tenant,-13.469101905822754
tariff/voltage_off_matched,test,9,6,pv_only,25.289569854736328
tariff/voltage_off_matched,test,9,7,pv_battery,31.395736694335938
tariff/voltage_off_matched,test,9,8,pv_battery,12.246562957763672
tariff/voltage_off_matched,test,9,9,pv_battery,52.26805877685547
tariff/voltage_off_matched,test,9,10,pv_only,34.787574768066406
tariff/voltage_off_matched,test,9,11,pv_battery,2.35036039352417
tariff/voltage_off_matched,test,9,12,large_flex,-13.817658424377441
tariff/voltage_off_matched,test,9,13,large_flex,-17.724647521972656
tariff/voltage_off_matched,test,9,14,large_flex,18.37152862548828
tariff/voltage_off_matched,test,9,15,pv_battery,64.95665740966797
tariff/voltage_off_matched,test,9,16,pv_battery,28.8709716796875
tariff/voltage_off_matched,test,9,17,large_flex,14.378250122070312
tariff/voltage_off_matched,test,10,0,tenant,-9.532106399536133
tariff/voltage_off_matched,test,10,1,tenant,-7.315616607666016
tariff/voltage_off_matched,test,10,2,tenant,-8.023605346679688
tariff/voltage_off_matched,test,10,3,tenant,-9.265558242797852
tariff/voltage_off_matched,test,10,4,tenant,-9.667503356933594
tariff/voltage_off_matched,test,10,5,tenant,-8.001992225646973
tariff/voltage_off_matched,test,10,6,pv_only,30.89655113220215
tariff/voltage_off_matched,test,10,7,pv_battery,25.655818939208984
tariff/voltage_off_matched,test,10,8,pv_battery,32.90641784667969
tariff/voltage_off_matched,test,10,9,pv_battery,1.7881431579589844
tariff/voltage_off_matched,test,10,10,pv_only,6.340607643127441
tariff/voltage_off_matched,test,10,11,pv_battery,27.159189224243164
tariff/voltage_off_matched,test,10,12,large_flex,51.14590835571289
tariff/voltage_off_matched,test,10,13,large_flex,29.140785217285156
tariff/voltage_off_matched,test,10,14,large_flex,11.854338645935059
tariff/voltage_off_matched,test,10,15,pv_battery,55.20002365112305
tariff/voltage_off_matched,test,10,16,pv_battery,11.542895317077637
tariff/voltage_off_matched,test,10,17,large_flex,29.748031616210938
tariff/voltage_off_matched,test,11,0,tenant,3.238670825958252
tariff/voltage_off_matched,test,11,1,tenant,5.553158283233643
tariff/voltage_off_matched,test,11,2,tenant,3.8961896896362305
tariff/voltage_off_matched,test,11,3,tenant,4.893311977386475
tariff/voltage_off_matched,test,11,4,tenant,4.468287467956543
tariff/voltage_off_matched,test,11,5,tenant,5.370369911193848
tariff/voltage_off_matched,test,11,6,pv_only,22.680932998657227
tariff/voltage_off_matched,test,11,7,pv_battery,31.392166137695312
tariff/voltage_off_matched,test,11,8,pv_battery,19.624279022216797
tariff/voltage_off_matched,test,11,9,pv_battery,37.16249084472656
tariff/voltage_off_matched,test,11,10,pv_only,15.041362762451172
tariff/voltage_off_matched,test,11,11,pv_battery,42.37437438964844
tariff/voltage_off_matched,test,11,12,large_flex,-5.592738151550293
tariff/voltage_off_matched,test,11,13,large_flex,26.583038330078125
tariff/voltage_off_matched,test,11,14,large_flex,39.0194091796875
tariff/voltage_off_matched,test,11,15,pv_battery,42.735939025878906
tariff/voltage_off_matched,test,11,16,pv_battery,31.73788833618164
tariff/voltage_off_matched,test,11,17,large_flex,36.47352600097656
tariff/voltage_off_matched,test,12,0,tenant,-10.84742546081543
tariff/voltage_off_matched,test,12,1,tenant,-10.406811714172363
tariff/voltage_off_matched,test,12,2,tenant,-11.758111953735352
tariff/voltage_off_matched,test,12,3,tenant,-12.648178100585938
tariff/voltage_off_matched,test,12,4,tenant,-10.924439430236816
tariff/voltage_off_matched,test,12,5,tenant,-11.994667053222656
tariff/voltage_off_matched,test,12,6,pv_only,13.40530014038086
tariff/voltage_off_matched,test,12,7,pv_battery,46.00077438354492
tariff/voltage_off_matched,test,12,8,pv_battery,40.261756896972656
tariff/voltage_off_matched,test,12,9,pv_battery,5.880166053771973
tariff/voltage_off_matched,test,12,10,pv_only,37.41319274902344
tariff/voltage_off_matched,test,12,11,pv_battery,56.961814880371094
tariff/voltage_off_matched,test,12,12,large_flex,31.540925979614258
tariff/voltage_off_matched,test,12,13,large_flex,18.484777450561523
tariff/voltage_off_matched,test,12,14,large_flex,-7.785061359405518
tariff/voltage_off_matched,test,12,15,pv_battery,4.747076034545898
tariff/voltage_off_matched,test,12,16,pv_battery,6.010087013244629
tariff/voltage_off_matched,test,12,17,large_flex,43.0601806640625
tariff/voltage_off_matched,test,13,0,tenant,-6.900084495544434
tariff/voltage_off_matched,test,13,1,tenant,-8.018789291381836
tariff/voltage_off_matched,test,13,2,tenant,-5.099392414093018
tariff/voltage_off_matched,test,13,3,tenant,-7.5240678787231445
tariff/voltage_off_matched,test,13,4,tenant,-6.460617542266846
tariff/voltage_off_matched,test,13,5,tenant,-7.349282264709473
tariff/voltage_off_matched,test,13,6,pv_only,-2.5535624027252197
tariff/voltage_off_matched,test,13,7,pv_battery,33.73381805419922
tariff/voltage_off_matched,test,13,8,pv_battery,40.403282165527344
tariff/voltage_off_matched,test,13,9,pv_battery,5.891822814941406
tariff/voltage_off_matched,test,13,10,pv_only,25.784320831298828
tariff/voltage_off_matched,test,13,11,pv_battery,38.575927734375
tariff/voltage_off_matched,test,13,12,large_flex,24.59374237060547
tariff/voltage_off_matched,test,13,13,large_flex,51.40028381347656
tariff/voltage_off_matched,test,13,14,large_flex,33.956512451171875
tariff/voltage_off_matched,test,13,15,pv_battery,10.376676559448242
tariff/voltage_off_matched,test,13,16,pv_battery,36.047603607177734
tariff/voltage_off_matched,test,13,17,large_flex,44.23162078857422
tariff/voltage_off_matched,test,14,0,tenant,1.9702969789505005
tariff/voltage_off_matched,test,14,1,tenant,4.3531670570373535
tariff/voltage_off_matched,test,14,2,tenant,0.5174695253372192
tariff/voltage_off_matched,test,14,3,tenant,2.544942855834961
tariff/voltage_off_matched,test,14,4,tenant,1.2283720970153809
tariff/voltage_off_matched,test,14,5,tenant,1.743727684020996
tariff/voltage_off_matched,test,14,6,pv_only,8.640143394470215
tariff/voltage_off_matched,test,14,7,pv_battery,41.90860366821289
tariff/voltage_off_matched,test,14,8,pv_battery,44.60736083984375
tariff/voltage_off_matched,test,14,9,pv_battery,36.29142761230469
tariff/voltage_off_matched,test,14,10,pv_only,27.562713623046875
tariff/voltage_off_matched,test,14,11,pv_battery,37.830078125
tariff/voltage_off_matched,test,14,12,large_flex,13.2870512008667
tariff/voltage_off_matched,test,14,13,large_flex,33.39057159423828
tariff/voltage_off_matched,test,14,14,large_flex,9.434109687805176
tariff/voltage_off_matched,test,14,15,pv_battery,42.91663360595703
tariff/voltage_off_matched,test,14,16,pv_battery,24.216915130615234
tariff/voltage_off_matched,test,14,17,large_flex,10.328445434570312
tariff/voltage_off_matched,test,15,0,tenant,-9.182861328125
tariff/voltage_off_matched,test,15,1,tenant,-7.118511199951172
tariff/voltage_off_matched,test,15,2,tenant,-6.527980804443359
tariff/voltage_off_matched,test,15,3,tenant,-6.536744117736816
tariff/voltage_off_matched,test,15,4,tenant,-5.529810905456543
tariff/voltage_off_matched,test,15,5,tenant,-6.503921985626221
tariff/voltage_off_matched,test,15,6,pv_only,12.569009780883789
tariff/voltage_off_matched,test,15,7,pv_battery,14.389163970947266
tariff/voltage_off_matched,test,15,8,pv_battery,45.461570739746094
tariff/voltage_off_matched,test,15,9,pv_battery,4.776418685913086
tariff/voltage_off_matched,test,15,10,pv_only,15.676929473876953
tariff/voltage_off_matched,test,15,11,pv_battery,53.65574264526367
tariff/voltage_off_matched,test,15,12,large_flex,9.223255157470703
tariff/voltage_off_matched,test,15,13,large_flex,27.449989318847656
tariff/voltage_off_matched,test,15,14,large_flex,39.81596755981445
tariff/voltage_off_matched,test,15,15,pv_battery,33.71581268310547
tariff/voltage_off_matched,test,15,16,pv_battery,32.91944122314453
tariff/voltage_off_matched,test,15,17,large_flex,33.97209167480469
tariff/voltage_off_matched,test,16,0,tenant,1.3720145225524902
tariff/voltage_off_matched,test,16,1,tenant,4.119380950927734
tariff/voltage_off_matched,test,16,2,tenant,1.242311954498291
tariff/voltage_off_matched,test,16,3,tenant,2.5849828720092773
tariff/voltage_off_matched,test,16,4,tenant,3.3806052207946777
tariff/voltage_off_matched,test,16,5,tenant,3.4699225425720215
tariff/voltage_off_matched,test,16,6,pv_only,28.34218978881836
tariff/voltage_off_matched,test,16,7,pv_battery,26.905099868774414
tariff/voltage_off_matched,test,16,8,pv_battery,19.906938552856445
tariff/voltage_off_matched,test,16,9,pv_battery,29.61191177368164
tariff/voltage_off_matched,test,16,10,pv_only,20.123802185058594
tariff/voltage_off_matched,test,16,11,pv_battery,39.9249153137207
tariff/voltage_off_matched,test,16,12,large_flex,5.216841697692871
tariff/voltage_off_matched,test,16,13,large_flex,4.413619041442871
tariff/voltage_off_matched,test,16,14,large_flex,33.35902786254883
tariff/voltage_off_matched,test,16,15,pv_battery,35.555885314941406
tariff/voltage_off_matched,test,16,16,pv_battery,45.05052947998047
tariff/voltage_off_matched,test,16,17,large_flex,20.175779342651367
tariff/voltage_off_matched,test,17,0,tenant,5.404847621917725
tariff/voltage_off_matched,test,17,1,tenant,6.471547603607178
tariff/voltage_off_matched,test,17,2,tenant,7.293588161468506
tariff/voltage_off_matched,test,17,3,tenant,4.9469428062438965
tariff/voltage_off_matched,test,17,4,tenant,6.32111930847168
tariff/voltage_off_matched,test,17,5,tenant,5.271331310272217
tariff/voltage_off_matched,test,17,6,pv_only,20.881513595581055
tariff/voltage_off_matched,test,17,7,pv_battery,38.21691131591797
tariff/voltage_off_matched,test,17,8,pv_battery,27.055301666259766
tariff/voltage_off_matched,test,17,9,pv_battery,35.981048583984375
tariff/voltage_off_matched,test,17,10,pv_only,23.16104507446289
tariff/voltage_off_matched,test,17,11,pv_battery,31.72594451904297
tariff/voltage_off_matched,test,17,12,large_flex,27.621400833129883
tariff/voltage_off_matched,test,17,13,large_flex,18.36223793029785
tariff/voltage_off_matched,test,17,14,large_flex,26.07360076904297
tariff/voltage_off_matched,test,17,15,pv_battery,44.099796295166016
tariff/voltage_off_matched,test,17,16,pv_battery,24.088727951049805
tariff/voltage_off_matched,test,17,17,large_flex,28.278703689575195
tariff/voltage_off_matched,test,18,0,tenant,7.281398773193359
tariff/voltage_off_matched,test,18,1,tenant,7.227974891662598
tariff/voltage_off_matched,test,18,2,tenant,6.766457557678223
tariff/voltage_off_matched,test,18,3,tenant,7.355132102966309
tariff/voltage_off_matched,test,18,4,tenant,8.241599082946777
tariff/voltage_off_matched,test,18,5,tenant,5.387560844421387
tariff/voltage_off_matched,test,18,6,pv_only,7.615020275115967
tariff/voltage_off_matched,test,18,7,pv_battery,29.457530975341797
tariff/voltage_off_matched,test,18,8,pv_battery,29.873600006103516
tariff/voltage_off_matched,test,18,9,pv_battery,35.25384521484375
tariff/voltage_off_matched,test,18,10,pv_only,26.46761131286621
tariff/voltage_off_matched,test,18,11,pv_battery,34.91058349609375
tariff/voltage_off_matched,test,18,12,large_flex,30.075769424438477
tariff/voltage_off_matched,test,18,13,large_flex,30.95827865600586
tariff/voltage_off_matched,test,18,14,large_flex,32.62907028198242
tariff/voltage_off_matched,test,18,15,pv_battery,37.905704498291016
tariff/voltage_off_matched,test,18,16,pv_battery,35.623355865478516
tariff/voltage_off_matched,test,18,17,large_flex,6.111306190490723
tariff/voltage_off_matched,test,19,0,tenant,-9.944083213806152
tariff/voltage_off_matched,test,19,1,tenant,-7.82377290725708
tariff/voltage_off_matched,test,19,2,tenant,-7.793114185333252
tariff/voltage_off_matched,test,19,3,tenant,-7.64107608795166
tariff/voltage_off_matched,test,19,4,tenant,-8.07522964477539
tariff/voltage_off_matched,test,19,5,tenant,-6.3638763427734375
tariff/voltage_off_matched,test,19,6,pv_only,23.50869369506836
tariff/voltage_off_matched,test,19,7,pv_battery,55.327171325683594
tariff/voltage_off_matched,test,19,8,pv_battery,11.738462448120117
tariff/voltage_off_matched,test,19,9,pv_battery,15.424992561340332
tariff/voltage_off_matched,test,19,10,pv_only,35.362186431884766
tariff/voltage_off_matched,test,19,11,pv_battery,24.608747482299805
tariff/voltage_off_matched,test,19,12,large_flex,20.45568084716797
tariff/voltage_off_matched,test,19,13,large_flex,32.84376525878906
tariff/voltage_off_matched,test,19,14,large_flex,25.47687530517578
tariff/voltage_off_matched,test,19,15,pv_battery,11.218342781066895
tariff/voltage_off_matched,test,19,16,pv_battery,18.8652286529541
tariff/voltage_off_matched,test,19,17,large_flex,53.89924621582031
