tariff,tariff_parameters,controller_policy_id,controller_name,controller_parameters,split,validation_seed_count,train_mean_settlement_chf_per_agent,train_settlement_gap_chf_per_agent,credible_response_tolerance_chf_per_agent,fair_leg_reference_controller_policy_id,fair_leg_reference_controller_name,tariff_passes_acceptance_screens,tariff_is_finalist,pareto_objectives,controller_active,controller_charge_start_h,controller_spread_h,controller_charge_fraction,controller_reserve_fraction,controller_release_h,controller_export_cap_kw,controller_voltage_gain_kw_per_pu,controller_voltage_level_gain_kw_per_pu,controller_voltage_reference_pu,controller_voltage_deadband_pu,controller_voltage_max_kw,controller_exchange_mix,controller_grid_charge_fraction,controller_grid_charge_start_h,controller_grid_charge_end_h,controller_grid_charge_target_soc,controller_battery_export_fraction,controller_battery_export_start_h,controller_battery_export_end_h,transformer_draw_peak_kw,transformer_export_peak_kw,reverse_flow_share,losses_share,voltage_p99_pu,over_voltage_share,coincidence_factor,peak_to_average,max_ramp_kw,flex_synchrony,community_settlement_chf,curtailed_share,self_consumption_share,cost_per_kwh_spread_chf,tenant_cost_per_kwh_chf,pv_only_cost_per_kwh_chf,pv_battery_cost_per_kwh_chf,large_flex_cost_per_kwh_chf,owner_cost_per_kwh_chf,tenant_import_share,valid_share,projection_mae_kw,tenant_cost_per_load_kwh_chf,pv_only_cost_per_load_kwh_chf,pv_battery_cost_per_load_kwh_chf,large_flex_cost_per_load_kwh_chf,fair_leg_reference_tenant_cost_per_load_kwh_chf,tenant_cost_delta_vs_fair_leg_chf_per_load_kwh,fair_leg_reference_pv_only_cost_per_load_kwh_chf,pv_only_cost_delta_vs_fair_leg_chf_per_load_kwh,fair_leg_reference_pv_battery_cost_per_load_kwh_chf,pv_battery_cost_delta_vs_fair_leg_chf_per_load_kwh,fair_leg_reference_large_flex_cost_per_load_kwh_chf,large_flex_cost_delta_vs_fair_leg_chf_per_load_kwh,worst_group_cost_increase_vs_fair_leg_chf_per_load_kwh,tariff_scenario_id,is_pareto
fair_leg,null,4,delay_13,"{""policy_id"": 4.0}",validation,8,33.941322326660156,0.0,0.1,4,delay_13,,False,transformer_export_peak_kw;transformer_draw_peak_kw;max_ramp_kw;curtailed_share;tenant_cost_delta_vs_fair_leg_chf_per_load_kwh;pv_only_cost_delta_vs_fair_leg_chf_per_load_kwh;pv_battery_cost_delta_vs_fair_leg_chf_per_load_kwh;large_flex_cost_delta_vs_fair_leg_chf_per_load_kwh,1.0,13.0,0.0,1.0,0.0,17.0,1000.0,0.0,0.0,1.0,0.005,1.0,1.0,0.0,0.0,0.0,0.0,0.0,0.0,0.0,9.377837181091309,63.93289613723755,0.4596354179084301,0.07081815367564559,1.0800153762102127,0.06520206714048982,0.7637733221054077,3.519452780485153,10.187506675720215,0.7172819897532463,297.9040050506592,0.0023024828513484863,0.292871624516459,24238745.330173545,0.22318584582645756,-0.3758297865002752,-24238745.1069877,-2.029241815169291,-2.0212395461662522,0.6393399015069008,1.0,1.3602866388850998e-08,0.2231858465820551,-0.1964150513522327,-0.4546947292983532,-0.14683324098587036,0.2231858465820551,0.0,-0.1964150513522327,0.0,-0.4546947292983532,0.0,-0.14683324098587036,0.0,0.0,,True
fair_leg,null,7,slow_stagger,"{""policy_id"": 7.0}",validation,8,33.9044075012207,0.036914825439453125,0.1,4,delay_13,,False,transformer_export_peak_kw;transformer_draw_peak_kw;max_ramp_kw;curtailed_share;tenant_cost_delta_vs_fair_leg_chf_per_load_kwh;pv_only_cost_delta_vs_fair_leg_chf_per_load_kwh;pv_battery_cost_delta_vs_fair_leg_chf_per_load_kwh;large_flex_cost_delta_vs_fair_leg_chf_per_load_kwh,1.0,11.0,2.0,0.5,0.0,17.0,1000.0,0.0,0.0,1.0,0.005,1.0,1.0,0.0,0.0,0.0,0.0,0.0,0.0,0.0,10.032296180725098,62.462448596954346,0.4585193507373333,0.06963598821312189,1.0769278556108475,0.06473214272409678,0.7523927018046379,3.323030650615692,5.9105753898620605,0.7398773357272148,296.9982376098633,0.0023397648547368345,0.27924034552801413,24245805.239214048,0.22320206482639737,-0.3754970748240771,-24245805.016011987,-1.234452231420553,-1.6278866316477547,0.5919906571507454,1.0,1.3733862713749545e-08,0.22320206463336945,-0.1962385941296816,-0.4546933379024267,-0.14582536555826664,0.2231858465820551,1.6218051314353943e-05,-0.1964150513522327,0.0001764572225511074,-0.4546947292983532,1.391395926475525e-06,-0.14683324098587036,0.0010078754276037216,0.0010078754276037216,,True
fair_leg,null,31,instant_slow_stagger_1h,"{""policy_id"": 31.0}",validation,8,33.90327453613281,0.03804779052734375,0.1,4,delay_13,,False,transformer_export_peak_kw;transformer_draw_peak_kw;max_ramp_kw;curtailed_share;tenant_cost_delta_vs_fair_leg_chf_per_load_kwh;pv_only_cost_delta_vs_fair_leg_chf_per_load_kwh;pv_battery_cost_delta_vs_fair_leg_chf_per_load_kwh;large_flex_cost_delta_vs_fair_leg_chf_per_load_kwh,1.0,11.0,1.0,0.5,0.0,17.0,1000.0,0.0,10.0,1.0,0.005,1.0,1.0,0.0,0.0,0.0,0.0,0.0,0.0,0.0,7.973611354827881,58.36606025695801,0.4603794738650322,0.06561028538271785,1.0697836428880692,0.0575559982098639,0.7136711180210114,3.2468832433223724,7.850706577301025,0.7602918967604637,297.96482276916504,0.0030184937440935755,0.3035961656659809,464.37478171249404,0.22317531461766776,-0.37566138106200336,-464.1516063978764,-3.645010390049674,-2.4049030840787085,0.6758133172988892,1.0,1.324178278139243e-08,0.2231753133237362,-0.19632640108466148,-0.453707342967391,-0.14746992848813534,0.2231858465820551,-1.0533258318901062e-05,-0.1964150513522327,8.865026757121086e-05,-0.4546947292983532,0.000987386330962181,-0.14683324098587036,-0.0006366875022649765,0.000987386330962181,,True
fair_leg,null,6,stagger_11_2h,"{""policy_id"": 6.0}",validation,8,33.880615234375,0.06070709228515625,0.1,4,delay_13,,False,transformer_export_peak_kw;transformer_draw_peak_kw;max_ramp_kw;curtailed_share;tenant_cost_delta_vs_fair_leg_chf_per_load_kwh;pv_only_cost_delta_vs_fair_leg_chf_per_load_kwh;pv_battery_cost_delta_vs_fair_leg_chf_per_load_kwh;large_flex_cost_delta_vs_fair_leg_chf_per_load_kwh,1.0,11.0,2.0,1.0,0.0,17.0,1000.0,0.0,0.0,1.0,0.005,1.0,1.0,0.0,0.0,0.0,0.0,0.0,0.0,0.0,8.262276649475098,61.499595165252686,0.460007444024086,0.0667214635759592,1.0736812949180603,0.05728187598288059,0.7336159721016884,3.431496798992157,9.577751159667969,0.6486298143863678,297.5925636291504,0.0031608147437509615,0.3034372609290172,24232515.178191528,0.22317254879715565,-0.37568594955719375,-24232514.95501898,-3.6529709324712507,-2.3738764741459617,0.6746954992413521,1.0,1.3510677354666711e-08,0.22317254915833473,-0.1963396742939949,-0.4539100844413042,-0.14691724721342325,0.2231858465820551,-1.3297423720359802e-05,-0.1964150513522327,7.537705823779106e-05,-0.4546947292983532,0.0007846448570489883,-0.14683324098587036,-8.400622755289078e-05,0.0007846448570489883,,True
fair_leg,null,5,stagger_11_1h,"{""policy_id"": 5.0}",validation,8,33.85593795776367,0.08538436889648438,0.1,4,delay_13,,False,transformer_export_peak_kw;transformer_draw_peak_kw;max_ramp_kw;curtailed_share;tenant_cost_delta_vs_fair_leg_chf_per_load_kwh;pv_only_cost_delta_vs_fair_leg_chf_per_load_kwh;pv_battery_cost_delta_vs_fair_leg_chf_per_load_kwh;large_flex_cost_delta_vs_fair_leg_chf_per_load_kwh,1.0,11.0,1.0,1.0,0.0,17.0,1000.0,0.0,0.0,1.0,0.005,1.0,1.0,0.0,0.0,0.0,0.0,0.0,0.0,0.0,7.688343524932861,60.380101680755615,0.4603794738650322,0.06584421545267105,1.0721373707056046,0.0560972741805017,0.7210002988576889,3.3856402039527893,13.226926326751709,0.6966892257332802,297.2932777404785,0.003794290456426097,0.3071623829524064,40609467.757409066,0.22316958873742687,-0.37572400081532314,-40609467.53423947,-4.189617688124479,-2.5023671645471692,0.6869873255491257,1.0,1.367816682140699e-08,0.22316958755254745,-0.1963604842312634,-0.45353799872100353,-0.14676453545689583,0.2231858465820551,-1.6259029507637024e-05,-0.1964150513522327,5.45671209692955e-05,-0.4546947292983532,0.0011567305773496628,-0.14683324098587036,6.870552897453308e-05,0.0011567305773496628,,True
fair_leg,null,28,instant_stagger_2h_10,"{""policy_id"": 28.0}",validation,8,33.847076416015625,0.09424591064453125,0.1,4,delay_13,,False,transformer_export_peak_kw;transformer_draw_peak_kw;max_ramp_kw;curtailed_share;tenant_cost_delta_vs_fair_leg_chf_per_load_kwh;pv_only_cost_delta_vs_fair_leg_chf_per_load_kwh;pv_battery_cost_delta_vs_fair_leg_chf_per_load_kwh;large_flex_cost_delta_vs_fair_leg_chf_per_load_kwh,1.0,11.0,2.0,1.0,0.0,17.0,1000.0,0.0,10.0,1.0,0.005,1.0,1.0,0.0,0.0,0.0,0.0,0.0,0.0,0.0,7.4043869972229,58.643639087677,0.4609375111758709,0.06507851695641875,1.0707576721906662,0.05477561056613922,0.7041191309690475,3.319744735956192,12.815296649932861,0.6609846577048302,297.2311305999756,0.004174396861344576,0.31037561683383263,465.50744924002777,0.22316746008989133,-0.3757466556861962,-465.2842817799379,-6.441743828784433,-2.635797533960276,0.6988474801182747,1.0,1.2610737898377522e-08,0.22316746227443218,-0.1963724377565086,-0.45306592620909214,-0.14695170149207115,0.2231858465820551,-1.8384307622909546e-05,-0.1964150513522327,4.2613595724105835e-05,-0.4546947292983532,0.001628803089261055,-0.14683324098587036,-0.0001184605062007904,0.001628803089261055,,True
fair_leg_passthrough,"{""scenario_id"": 0.0}",4,delay_13,"{""policy_id"": 4.0}",validation,8,33.941322326660156,0.0,0.1,4,delay_13,True,False,transformer_export_peak_kw;transformer_draw_peak_kw;max_ramp_kw;curtailed_share;tenant_cost_delta_vs_fair_leg_chf_per_load_kwh;pv_only_cost_delta_vs_fair_leg_chf_per_load_kwh;pv_battery_cost_delta_vs_fair_leg_chf_per_load_kwh;large_flex_cost_delta_vs_fair_leg_chf_per_load_kwh,1.0,13.0,0.0,1.0,0.0,17.0,1000.0,0.0,0.0,1.0,0.005,1.0,1.0,0.0,0.0,0.0,0.0,0.0,0.0,0.0,9.377837181091309,63.93289613723755,0.4596354179084301,0.07081815367564559,1.0800153762102127,0.06520206714048982,0.7637733221054077,3.519452780485153,10.187506675720215,0.7172819897532463,297.9040050506592,0.0023024828513484863,0.292871624516459,24238745.330173545,0.22318584582645756,-0.3758297865002752,-24238745.1069877,-2.029241815169291,-2.0212395461662522,0.6393399015069008,1.0,1.3602866388850998e-08,0.2231858465820551,-0.1964150513522327,-0.4546947292983532,-0.14683324098587036,0.2231858465820551,0.0,-0.1964150513522327,0.0,-0.4546947292983532,0.0,-0.14683324098587036,0.0,0.0,0.0,True
fair_leg_passthrough,"{""scenario_id"": 0.0}",7,slow_stagger,"{""policy_id"": 7.0}",validation,8,33.9044075012207,0.036914825439453125,0.1,4,delay_13,True,False,transformer_export_peak_kw;transformer_draw_peak_kw;max_ramp_kw;curtailed_share;tenant_cost_delta_vs_fair_leg_chf_per_load_kwh;pv_only_cost_delta_vs_fair_leg_chf_per_load_kwh;pv_battery_cost_delta_vs_fair_leg_chf_per_load_kwh;large_flex_cost_delta_vs_fair_leg_chf_per_load_kwh,1.0,11.0,2.0,0.5,0.0,17.0,1000.0,0.0,0.0,1.0,0.005,1.0,1.0,0.0,0.0,0.0,0.0,0.0,0.0,0.0,10.032296180725098,62.462448596954346,0.4585193507373333,0.06963598821312189,1.0769278556108475,0.06473214272409678,0.7523927018046379,3.323030650615692,5.9105753898620605,0.7398773357272148,296.9982376098633,0.0023397648547368345,0.27924034552801413,24245805.239214048,0.22320206482639737,-0.3754970748240771,-24245805.016011987,-1.234452231420553,-1.6278866316477547,0.5919906571507454,1.0,1.3733862713749545e-08,0.22320206463336945,-0.1962385941296816,-0.4546933379024267,-0.14582536555826664,0.2231858465820551,1.6218051314353943e-05,-0.1964150513522327,0.0001764572225511074,-0.4546947292983532,1.391395926475525e-06,-0.14683324098587036,0.0010078754276037216,0.0010078754276037216,0.0,True
fair_leg_passthrough,"{""scenario_id"": 0.0}",31,instant_slow_stagger_1h,"{""policy_id"": 31.0}",validation,8,33.90327453613281,0.03804779052734375,0.1,4,delay_13,True,False,transformer_export_peak_kw;transformer_draw_peak_kw;max_ramp_kw;curtailed_share;tenant_cost_delta_vs_fair_leg_chf_per_load_kwh;pv_only_cost_delta_vs_fair_leg_chf_per_load_kwh;pv_battery_cost_delta_vs_fair_leg_chf_per_load_kwh;large_flex_cost_delta_vs_fair_leg_chf_per_load_kwh,1.0,11.0,1.0,0.5,0.0,17.0,1000.0,0.0,10.0,1.0,0.005,1.0,1.0,0.0,0.0,0.0,0.0,0.0,0.0,0.0,7.973611354827881,58.36606025695801,0.4603794738650322,0.06561028538271785,1.0697836428880692,0.0575559982098639,0.7136711180210114,3.2468832433223724,7.850706577301025,0.7602918967604637,297.96482276916504,0.0030184937440935755,0.3035961656659809,464.37478171249404,0.22317531461766776,-0.37566138106200336,-464.1516063978764,-3.645010390049674,-2.4049030840787085,0.6758133172988892,1.0,1.324178278139243e-08,0.2231753133237362,-0.19632640108466148,-0.453707342967391,-0.14746992848813534,0.2231858465820551,-1.0533258318901062e-05,-0.1964150513522327,8.865026757121086e-05,-0.4546947292983532,0.000987386330962181,-0.14683324098587036,-0.0006366875022649765,0.000987386330962181,0.0,True
fair_leg_passthrough,"{""scenario_id"": 0.0}",6,stagger_11_2h,"{""policy_id"": 6.0}",validation,8,33.880615234375,0.06070709228515625,0.1,4,delay_13,True,False,transformer_export_peak_kw;transformer_draw_peak_kw;max_ramp_kw;curtailed_share;tenant_cost_delta_vs_fair_leg_chf_per_load_kwh;pv_only_cost_delta_vs_fair_leg_chf_per_load_kwh;pv_battery_cost_delta_vs_fair_leg_chf_per_load_kwh;large_flex_cost_delta_vs_fair_leg_chf_per_load_kwh,1.0,11.0,2.0,1.0,0.0,17.0,1000.0,0.0,0.0,1.0,0.005,1.0,1.0,0.0,0.0,0.0,0.0,0.0,0.0,0.0,8.262276649475098,61.499595165252686,0.460007444024086,0.0667214635759592,1.0736812949180603,0.05728187598288059,0.7336159721016884,3.431496798992157,9.577751159667969,0.6486298143863678,297.5925636291504,0.0031608147437509615,0.3034372609290172,24232515.178191528,0.22317254879715565,-0.37568594955719375,-24232514.95501898,-3.6529709324712507,-2.3738764741459617,0.6746954992413521,1.0,1.3510677354666711e-08,0.22317254915833473,-0.1963396742939949,-0.4539100844413042,-0.14691724721342325,0.2231858465820551,-1.3297423720359802e-05,-0.1964150513522327,7.537705823779106e-05,-0.4546947292983532,0.0007846448570489883,-0.14683324098587036,-8.400622755289078e-05,0.0007846448570489883,0.0,True
fair_leg_passthrough,"{""scenario_id"": 0.0}",5,stagger_11_1h,"{""policy_id"": 5.0}",validation,8,33.85593795776367,0.08538436889648438,0.1,4,delay_13,True,False,transformer_export_peak_kw;transformer_draw_peak_kw;max_ramp_kw;curtailed_share;tenant_cost_delta_vs_fair_leg_chf_per_load_kwh;pv_only_cost_delta_vs_fair_leg_chf_per_load_kwh;pv_battery_cost_delta_vs_fair_leg_chf_per_load_kwh;large_flex_cost_delta_vs_fair_leg_chf_per_load_kwh,1.0,11.0,1.0,1.0,0.0,17.0,1000.0,0.0,0.0,1.0,0.005,1.0,1.0,0.0,0.0,0.0,0.0,0.0,0.0,0.0,7.688343524932861,60.380101680755615,0.4603794738650322,0.06584421545267105,1.0721373707056046,0.0560972741805017,0.7210002988576889,3.3856402039527893,13.226926326751709,0.6966892257332802,297.2932777404785,0.003794290456426097,0.3071623829524064,40609467.757409066,0.22316958873742687,-0.37572400081532314,-40609467.53423947,-4.189617688124479,-2.5023671645471692,0.6869873255491257,1.0,1.367816682140699e-08,0.22316958755254745,-0.1963604842312634,-0.45353799872100353,-0.14676453545689583,0.2231858465820551,-1.6259029507637024e-05,-0.1964150513522327,5.45671209692955e-05,-0.4546947292983532,0.0011567305773496628,-0.14683324098587036,6.870552897453308e-05,0.0011567305773496628,0.0,True
fair_leg_passthrough,"{""scenario_id"": 0.0}",28,instant_stagger_2h_10,"{""policy_id"": 28.0}",validation,8,33.847076416015625,0.09424591064453125,0.1,4,delay_13,True,False,transformer_export_peak_kw;transformer_draw_peak_kw;max_ramp_kw;curtailed_share;tenant_cost_delta_vs_fair_leg_chf_per_load_kwh;pv_only_cost_delta_vs_fair_leg_chf_per_load_kwh;pv_battery_cost_delta_vs_fair_leg_chf_per_load_kwh;large_flex_cost_delta_vs_fair_leg_chf_per_load_kwh,1.0,11.0,2.0,1.0,0.0,17.0,1000.0,0.0,10.0,1.0,0.005,1.0,1.0,0.0,0.0,0.0,0.0,0.0,0.0,0.0,7.4043869972229,58.643639087677,0.4609375111758709,0.06507851695641875,1.0707576721906662,0.05477561056613922,0.7041191309690475,3.319744735956192,12.815296649932861,0.6609846577048302,297.2311305999756,0.004174396861344576,0.31037561683383263,465.50744924002777,0.22316746008989133,-0.3757466556861962,-465.2842817799379,-6.441743828784433,-2.635797533960276,0.6988474801182747,1.0,1.2610737898377522e-08,0.22316746227443218,-0.1963724377565086,-0.45306592620909214,-0.14695170149207115,0.2231858465820551,-1.8384307622909546e-05,-0.1964150513522327,4.2613595724105835e-05,-0.4546947292983532,0.001628803089261055,-0.14683324098587036,-0.0001184605062007904,0.001628803089261055,0.0,True
joint_system_cost,"{""scenario_id"": 26.0}",23,instant_10,"{""policy_id"": 23.0}",validation,8,23.394296646118164,0.0,0.1,4,delay_13,False,False,transformer_export_peak_kw;transformer_draw_peak_kw;max_ramp_kw;curtailed_share;tenant_cost_delta_vs_fair_leg_chf_per_load_kwh;pv_only_cost_delta_vs_fair_leg_chf_per_load_kwh;pv_battery_cost_delta_vs_fair_leg_chf_per_load_kwh;large_flex_cost_delta_vs_fair_leg_chf_per_load_kwh,1.0,11.0,0.0,1.0,0.0,17.0,1000.0,0.0,10.0,1.0,0.005,1.0,1.0,0.0,0.0,0.0,0.0,0.0,0.0,0.0,7.385849952697754,59.95202016830444,0.4611235223710537,0.06443556491285563,1.0701498240232468,0.05358121846802533,0.7133114188909531,3.437301367521286,14.12057876586914,0.7012583687901497,295.42131423950195,0.006580701476195827,0.31465322227074777,284.9606854203651,-0.0599750556478905,-0.34498286963672203,-285.02066047601295,-4.752864677962048,-1.9280490862426938,0.7100849598646164,1.0,1.2527815007601362e-08,-0.05997505439881934,-0.18408859975170344,-0.32106019742786884,-0.09827347379177809,0.2231858465820551,-0.28316090098087443,-0.1964150513522327,0.012326451600529253,-0.4546947292983532,0.13363453187048435,-0.14683324098587036,0.048559767194092274,0.13363453187048435,26.0,True
joint_system_cost,"{""scenario_id"": 26.0}",29,instant_stagger_1h_10_ref101,"{""policy_id"": 29.0}",validation,8,23.361328125,0.03296852111816406,0.1,4,delay_13,False,False,transformer_export_peak_kw;transformer_draw_peak_kw;max_ramp_kw;curtailed_share;tenant_cost_delta_vs_fair_leg_chf_per_load_kwh;pv_only_cost_delta_vs_fair_leg_chf_per_load_kwh;pv_battery_cost_delta_vs_fair_leg_chf_per_load_kwh;large_flex_cost_delta_vs_fair_leg_chf_per_load_kwh,1.0,11.0,1.0,1.0,0.0,17.0,1000.0,0.0,10.0,1.01,0.005,1.0,1.0,0.0,0.0,0.0,0.0,0.0,0.0,0.0,7.484078407287598,58.74466896057129,0.4607514999806881,0.06477066595107317,1.0704415291547775,0.05454064719378948,0.7024675831198692,3.326879620552063,12.720763683319092,0.69414222240448,296.7852668762207,0.004817308399651665,0.3116124824558113,5629.809197438888,-0.06294860291227138,-0.3446076447299268,-5629.872146041801,-4.241748557796196,-1.8792148666821293,0.7024975493550301,1.0,1.2822837680559473e-08,-0.06294860295020044,-0.1839700541459024,-0.3228896278887987,-0.0975545784458518,0.2231858465820551,-0.28613444953225553,-0.1964150513522327,0.0124449972063303,-0.4546947292983532,0.13180510140955448,-0.14683324098587036,0.04927866254001856,0.13180510140955448,26.0,True
joint_system_cost,"{""scenario_id"": 26.0}",22,instant_5,"{""policy_id"": 22.0}",validation,8,23.360034942626953,0.03426170349121094,0.1,4,delay_13,False,False,transformer_export_peak_kw;transformer_draw_peak_kw;max_ramp_kw;curtailed_share;tenant_cost_delta_vs_fair_leg_chf_per_load_kwh;pv_only_cost_delta_vs_fair_leg_chf_per_load_kwh;pv_battery_cost_delta_vs_fair_leg_chf_per_load_kwh;large_flex_cost_delta_vs_fair_leg_chf_per_load_kwh,1.0,11.0,0.0,1.0,0.0,17.0,1000.0,0.0,5.0,1.0,0.005,1.0,1.0,0.0,0.0,0.0,0.0,0.0,0.0,0.0,7.405757904052734,59.58932590484619,0.4601934626698494,0.0647135772742331,1.0705191045999527,0.05434484640136361,0.7058500424027443,3.3980832695961,13.838231086730957,0.7053150981664658,295.9701957702637,0.005831282411236316,0.3128325372191501,449.9310915926477,-0.06235841054864402,-0.34831150187622884,-449.99345000319636,-3.6195674005812966,-1.8812320931039845,0.7045670226216316,1.0,1.2607684340970593e-08,-0.06235841172747314,-0.185896719340235,-0.3219611570239067,-0.09701284114271402,0.2231858465820551,-0.28554425830952823,-0.1964150513522327,0.0105183320119977,-0.4546947292983532,0.1327335722744465,-0.14683324098587036,0.04982039984315634,0.1327335722744465,26.0,True
joint_system_cost,"{""scenario_id"": 26.0}",26,instant_stagger_1h_10,"{""policy_id"": 26.0}",validation,8,23.327564239501953,0.06673240661621094,0.1,4,delay_13,False,False,transformer_export_peak_kw;transformer_draw_peak_kw;max_ramp_kw;curtailed_share;tenant_cost_delta_vs_fair_leg_chf_per_load_kwh;pv_only_cost_delta_vs_fair_leg_chf_per_load_kwh;pv_battery_cost_delta_vs_fair_leg_chf_per_load_kwh;large_flex_cost_delta_vs_fair_leg_chf_per_load_kwh,1.0,11.0,1.0,1.0,0.0,17.0,1000.0,0.0,10.0,1.0,0.005,1.0,1.0,0.0,0.0,0.0,0.0,0.0,0.0,0.0,7.400095462799072,58.960318088531494,0.4611235223710537,0.06475628213956952,1.070232704281807,0.05435463646426797,0.7024599388241768,3.346191853284836,13.07767629623413,0.6923825144767761,296.4783020019531,0.0051213028928032145,0.31258793075858493,284.9594335374648,-0.06319421886702292,-0.34288317504297616,-285.0226277563319,-4.674785120094521,-1.8930817037457044,0.705148346722126,1.0,1.2866955279022818e-08,-0.06319421762600541,-0.18305959191638976,-0.3217443469911814,-0.09790901467204094,0.2231858465820551,-0.2863800642080605,-0.1964150513522327,0.013355459435842931,-0.4546947292983532,0.13295038230717182,-0.14683324098587036,0.04892422631382942,0.13295038230717182,26.0,True
joint_system_cost,"{""scenario_id"": 26.0}",3,delay_11,"{""policy_id"": 3.0}",validation,8,23.320842742919922,0.07345390319824219,0.1,4,delay_13,False,False,transformer_export_peak_kw;transformer_draw_peak_kw;max_ramp_kw;curtailed_share;tenant_cost_delta_vs_fair_leg_chf_per_load_kwh;pv_only_cost_delta_vs_fair_leg_chf_per_load_kwh;pv_battery_cost_delta_vs_fair_leg_chf_per_load_kwh;large_flex_cost_delta_vs_fair_leg_chf_per_load_kwh,1.0,11.0,0.0,1.0,0.0,17.0,1000.0,0.0,0.0,1.0,0.005,1.0,1.0,0.0,0.0,0.0,0.0,0.0,0.0,0.0,7.594048976898193,59.298158168792725,0.4603794738650322,0.06519872276112437,1.0712036192417145,0.05497141252271831,0.7037639692425728,3.348622888326645,13.635993003845215,0.7111844792962074,296.42562675476074,0.005021935299737379,0.3103008944216147,27262979.698447987,-0.065542945947412,-0.3527647087573958,-27262979.76399093,-2.8018746098768457,-1.8102222167672342,0.6959897801280022,1.0,1.3634742335177918e-08,-0.06554294307716191,-0.18831939529627562,-0.32237906754016876,-0.09545168932527304,0.2231858465820551,-0.288728789659217,-0.1964150513522327,0.008095656055957079,-0.4546947292983532,0.13231566175818443,-0.14683324098587036,0.051381551660597324,0.13231566175818443,26.0,True
joint_system_cost,"{""scenario_id"": 26.0}",25,instant_stagger_1h_5,"{""policy_id"": 25.0}",validation,8,23.32082748413086,0.07346916198730469,0.1,4,delay_13,False,False,transformer_export_peak_kw;transformer_draw_peak_kw;max_ramp_kw;curtailed_share;tenant_cost_delta_vs_fair_leg_chf_per_load_kwh;pv_only_cost_delta_vs_fair_leg_chf_per_load_kwh;pv_battery_cost_delta_vs_fair_leg_chf_per_load_kwh;large_flex_cost_delta_vs_fair_leg_chf_per_load_kwh,1.0,11.0,1.0,1.0,0.0,17.0,1000.0,0.0,5.0,1.0,0.005,1.0,1.0,0.0,0.0,0.0,0.0,0.0,0.0,0.0,7.515251636505127,59.13919258117676,0.4601934626698494,0.06515346886590123,1.0710985213518143,0.054432956501841545,0.7066693007946014,3.3388316333293915,13.067245483398438,0.6942074596881866,296.9479064941406,0.0044329121155897155,0.3102620654308439,451.5670912202333,-0.06533592710109438,-0.34828111346974616,-451.6324271473344,-3.264037237814903,-1.8304670463379278,0.6973951682448387,1.0,1.2711041996738004e-08,-0.06533592601772398,-0.18596608005464077,-0.32300164736807346,-0.09625460859388113,0.2231858465820551,-0.28852177259977907,-0.1964150513522327,0.010448971297591925,-0.4546947292983532,0.13169308193027973,-0.14683324098587036,0.05057863239198923,0.13169308193027973,26.0,True
joint_system_cost,"{""scenario_id"": 26.0}",24,instant_25,"{""policy_id"": 24.0}",validation,8,23.31855010986328,0.07574653625488281,0.1,4,delay_13,False,False,transformer_export_peak_kw;transformer_draw_peak_kw;max_ramp_kw;curtailed_share;tenant_cost_delta_vs_fair_leg_chf_per_load_kwh;pv_only_cost_delta_vs_fair_leg_chf_per_load_kwh;pv_battery_cost_delta_vs_fair_leg_chf_per_load_kwh;large_flex_cost_delta_vs_fair_leg_chf_per_load_kwh,1.0,11.0,0.0,1.0,0.0,17.0,1000.0,0.0,25.0,1.0,0.005,1.0,1.0,0.0,0.0,0.0,0.0,0.0,0.0,0.0,7.240533828735352,60.78958559036255,0.4601934552192688,0.06469057966023684,1.0706420093774796,0.05358121800236404,0.7212095409631729,3.5198552906513214,14.61571455001831,0.6812195032835007,294.28673553466797,0.008008041186258197,0.3172389518935975,176.9438481771708,-0.05994881581771507,-0.3439128059868889,-177.0037969929885,-4.572155832663811,-1.9635481371677375,0.7162417992949486,1.0,1.2078206879095887e-08,-0.05994881663355045,-0.18354326323606074,-0.3173037637025118,-0.09920082613825798,0.2231858465820551,-0.28313466321560554,-0.1964150513522327,0.012871788116171956,-0.4546947292983532,0.1373909655958414,-0.14683324098587036,0.04763241484761238,0.1373909655958414,26.0,True
joint_system_cost,"{""scenario_id"": 26.0}",5,stagger_11_1h,"{""policy_id"": 5.0}",validation,8,23.307283401489258,0.08701324462890625,0.1,4,delay_13,False,False,transformer_export_peak_kw;transformer_draw_peak_kw;max_ramp_kw;curtailed_share;tenant_cost_delta_vs_fair_leg_chf_per_load_kwh;pv_only_cost_delta_vs_fair_leg_chf_per_load_kwh;pv_battery_cost_delta_vs_fair_leg_chf_per_load_kwh;large_flex_cost_delta_vs_fair_leg_chf_per_load_kwh,1.0,11.0,1.0,1.0,0.0,17.0,1000.0,0.0,0.0,1.0,0.005,1.0,1.0,0.0,0.0,0.0,0.0,0.0,0.0,0.0,7.688343524932861,60.380101680755615,0.4603794738650322,0.06584421545267105,1.0721373707056046,0.0560972741805017,0.7210002988576889,3.3856402039527893,13.226926326751709,0.6966892257332802,297.2932777404785,0.003794290456426097,0.3071623829524064,27501109.158984877,-0.06891638840025642,-0.3558399184675667,-27501109.227901265,-2.505889030066118,-1.7494843114322722,0.6869873255491257,1.0,1.367816682140699e-08,-0.06891638645902276,-0.19003269425593317,-0.32376283407211304,-0.0938852084800601,0.2231858465820551,-0.29210223304107785,-0.1964150513522327,0.006382357096299529,-0.4546947292983532,0.13093189522624016,-0.14683324098587036,0.05294803250581026,0.13093189522624016,26.0,True
joint_system_cost,"{""scenario_id"": 26.0}",28,instant_stagger_2h_10,"{""policy_id"": 28.0}",validation,8,23.300548553466797,0.09374809265136719,0.1,4,delay_13,False,False,transformer_export_peak_kw;transformer_draw_peak_kw;max_ramp_kw;curtailed_share;tenant_cost_delta_vs_fair_leg_chf_per_load_kwh;pv_only_cost_delta_vs_fair_leg_chf_per_load_kwh;pv_battery_cost_delta_vs_fair_leg_chf_per_load_kwh;large_flex_cost_delta_vs_fair_leg_chf_per_load_kwh,1.0,11.0,2.0,1.0,0.0,17.0,1000.0,0.0,10.0,1.0,0.005,1.0,1.0,0.0,0.0,0.0,0.0,0.0,0.0,0.0,7.4043869972229,58.643639087677,0.4609375111758709,0.06507851695641875,1.0707576721906662,0.05477561056613922,0.7041191309690475,3.319744735956192,12.815296649932861,0.6609846577048302,297.23115158081055,0.004174396861344576,0.31037561683383263,283.65190702437087,-0.06574113546976904,-0.34203801505211834,-283.7176481598407,-4.077604869206261,-1.8476081249767409,0.6988474801182747,1.0,1.2610737898377522e-08,-0.06574113469105214,-0.18267396371811628,-0.32276206463575363,-0.0971903121098876,0.2231858465820551,-0.28892698127310723,-0.1964150513522327,0.013741087634116411,-0.4546947292983532,0.13193266466259956,-0.14683324098587036,0.04964292887598276,0.13193266466259956,26.0,True
kva_charge_class_neutral,"{""scenario_id"": 10.0}",4,delay_13,"{""policy_id"": 4.0}",validation,8,33.941322326660156,0.0,0.1,4,delay_13,True,False,transformer_export_peak_kw;transformer_draw_peak_kw;max_ramp_kw;curtailed_share;tenant_cost_delta_vs_fair_leg_chf_per_load_kwh;pv_only_cost_delta_vs_fair_leg_chf_per_load_kwh;pv_battery_cost_delta_vs_fair_leg_chf_per_load_kwh;large_flex_cost_delta_vs_fair_leg_chf_per_load_kwh,1.0,13.0,0.0,1.0,0.0,17.0,1000.0,0.0,0.0,1.0,0.005,1.0,1.0,0.0,0.0,0.0,0.0,0.0,0.0,0.0,9.377837181091309,63.93289613723755,0.4596354179084301,0.07081815367564559,1.0800153762102127,0.06520206714048982,0.7637733221054077,3.519452780485153,10.187506675720215,0.7172819897532463,297.90400886535645,0.0023024828513484863,0.292871624516459,23905478.722220425,0.22318584582645756,-0.44333771486689977,-23905478.49903458,-1.8996934344322747,-2.0212396668882278,0.6393399015069008,1.0,1.3602866388850998e-08,0.2231858465820551,-0.23406170215457678,-0.4528786838054657,-0.14071121904999018,0.2231858465820551,0.0,-0.1964150513522327,-0.037646650802344084,-0.4546947292983532,0.001816045492887497,-0.14683324098587036,0.006122021935880184,0.006122021935880184,10.0,True
kva_charge_class_neutral,"{""scenario_id"": 10.0}",7,slow_stagger,"{""policy_id"": 7.0}",validation,8,33.90440368652344,0.03691864013671875,0.1,4,delay_13,True,False,transformer_export_peak_kw;transformer_draw_peak_kw;max_ramp_kw;curtailed_share;tenant_cost_delta_vs_fair_leg_chf_per_load_kwh;pv_only_cost_delta_vs_fair_leg_chf_per_load_kwh;pv_battery_cost_delta_vs_fair_leg_chf_per_load_kwh;large_flex_cost_delta_vs_fair_leg_chf_per_load_kwh,1.0,11.0,2.0,0.5,0.0,17.0,1000.0,0.0,0.0,1.0,0.005,1.0,1.0,0.0,0.0,0.0,0.0,0.0,0.0,0.0,10.032296180725098,62.462448596954346,0.4585193507373333,0.06963598821312189,1.0769278556108475,0.06473214272409678,0.7523927018046379,3.323030650615692,5.9105753898620605,0.7398773357272148,296.99824714660645,0.0023397648547368345,0.27924034552801413,23588263.584135324,0.22320206482639737,-0.42963872832193306,-23588263.360933255,-1.177834169948837,-1.627886560259429,0.5919906571507454,1.0,1.3733862713749545e-08,0.22320206463336945,-0.22655438911169767,-0.45201108790934086,-0.14161820989102125,0.2231858465820551,1.6218051314353943e-05,-0.1964150513522327,-0.03013933775946498,-0.4546947292983532,0.0026836413890123367,-0.14683324098587036,0.00521503109484911,0.00521503109484911,10.0,True
kva_charge_class_neutral,"{""scenario_id"": 10.0}",31,instant_slow_stagger_1h,"{""policy_id"": 31.0}",validation,8,33.90327453613281,0.03804779052734375,0.1,4,delay_13,True,False,transformer_export_peak_kw;transformer_draw_peak_kw;max_ramp_kw;curtailed_share;tenant_cost_delta_vs_fair_leg_chf_per_load_kwh;pv_only_cost_delta_vs_fair_leg_chf_per_load_kwh;pv_battery_cost_delta_vs_fair_leg_chf_per_load_kwh;large_flex_cost_delta_vs_fair_leg_chf_per_load_kwh,1.0,11.0,1.0,0.5,0.0,17.0,1000.0,0.0,10.0,1.0,0.005,1.0,1.0,0.0,0.0,0.0,0.0,0.0,0.0,0.0,7.973611354827881,58.36606025695801,0.4603794738650322,0.06561028538271785,1.0697836428880692,0.0575559982098639,0.7136711180210114,3.2468832433223724,7.850706577301025,0.7602918967604637,297.96482276916504,0.0030184937440935755,0.3035961656659809,453.8506633810338,0.22317531461766776,-0.4111865195692375,-453.62748806641616,-3.5168657112898165,-2.404903233695301,0.6758133172988892,1.0,1.324178278139243e-08,0.2231753133237362,-0.2165731987915933,-0.45128254778683186,-0.14503308478742838,0.2231858465820551,-1.0533258318901062e-05,-0.1964150513522327,-0.02015814743936062,-0.4546947292983532,0.0034121815115213394,-0.14683324098587036,0.0018001561984419823,0.0034121815115213394,10.0,True
kva_charge_class_neutral,"{""scenario_id"": 10.0}",6,stagger_11_2h,"{""policy_id"": 6.0}",validation,8,33.880615234375,0.06070709228515625,0.1,4,delay_13,True,False,transformer_export_peak_kw;transformer_draw_peak_kw;max_ramp_kw;curtailed_share;tenant_cost_delta_vs_fair_leg_chf_per_load_kwh;pv_only_cost_delta_vs_fair_leg_chf_per_load_kwh;pv_battery_cost_delta_vs_fair_leg_chf_per_load_kwh;large_flex_cost_delta_vs_fair_leg_chf_per_load_kwh,1.0,11.0,2.0,1.0,0.0,17.0,1000.0,0.0,0.0,1.0,0.005,1.0,1.0,0.0,0.0,0.0,0.0,0.0,0.0,0.0,8.262276649475098,61.499595165252686,0.460007444024086,0.0667214635759592,1.0736812949180603,0.05728187598288059,0.7336159721016884,3.431496798992157,9.577751159667969,0.6486298143863678,297.5925521850586,0.0031608147437509615,0.3034372609290172,23645974.556338936,0.22317254879715565,-0.4191412745325615,-23645974.33316639,-3.5219034352646235,-2.373876415687513,0.6746954992413521,1.0,1.3510677354666711e-08,0.22317254915833473,-0.22080706804990768,-0.4517021216452122,-0.1435474157333374,0.2231858465820551,-1.3297423720359802e-05,-0.1964150513522327,-0.02439201669767499,-0.4546947292983532,0.0029926076531410217,-0.14683324098587036,0.003285825252532959,0.003285825252532959,10.0,True
kva_charge_class_neutral,"{""scenario_id"": 10.0}",5,stagger_11_1h,"{""policy_id"": 5.0}",validation,8,33.85593795776367,0.08538436889648438,0.1,4,delay_13,True,False,transformer_export_peak_kw;transformer_draw_peak_kw;max_ramp_kw;curtailed_share;tenant_cost_delta_vs_fair_leg_chf_per_load_kwh;pv_only_cost_delta_vs_fair_leg_chf_per_load_kwh;pv_battery_cost_delta_vs_fair_leg_chf_per_load_kwh;large_flex_cost_delta_vs_fair_leg_chf_per_load_kwh,1.0,11.0,1.0,1.0,0.0,17.0,1000.0,0.0,0.0,1.0,0.005,1.0,1.0,0.0,0.0,0.0,0.0,0.0,0.0,0.0,7.688343524932861,60.380101680755615,0.4603794738650322,0.06584421545267105,1.0721373707056046,0.0560972741805017,0.7210002988576889,3.3856402039527893,13.226926326751709,0.6966892257332802,297.2932929992676,0.003794290456426097,0.3071623829524064,40182355.22156243,0.22316958873742687,-0.4161836283946392,-40182354.99839284,-4.035674271476918,-2.5023672462893933,0.6869873255491257,1.0,1.367816682140699e-08,0.22316958755254745,-0.2192872865125537,-0.4514600299298763,-0.14360913261771202,0.2231858465820551,-1.6259029507637024e-05,-0.1964150513522327,-0.022872235160320997,-0.4546947292983532,0.0032346993684768677,-0.14683324098587036,0.0032241083681583405,0.0032346993684768677,10.0,True
kva_charge_class_neutral,"{""scenario_id"": 10.0}",28,instant_stagger_2h_10,"{""policy_id"": 28.0}",validation,8,33.847076416015625,0.09424591064453125,0.1,4,delay_13,True,False,transformer_export_peak_kw;transformer_draw_peak_kw;max_ramp_kw;curtailed_share;tenant_cost_delta_vs_fair_leg_chf_per_load_kwh;pv_only_cost_delta_vs_fair_leg_chf_per_load_kwh;pv_battery_cost_delta_vs_fair_leg_chf_per_load_kwh;large_flex_cost_delta_vs_fair_leg_chf_per_load_kwh,1.0,11.0,2.0,1.0,0.0,17.0,1000.0,0.0,10.0,1.0,0.005,1.0,1.0,0.0,0.0,0.0,0.0,0.0,0.0,0.0,7.4043869972229,58.643639087677,0.4609375111758709,0.06507851695641875,1.0707576721906662,0.05477561056613922,0.7041191309690475,3.319744735956192,12.815296649932861,0.6609846577048302,297.2311153411865,0.004174396861344576,0.31037561683383263,456.0567611037236,0.22316746008989133,-0.41126644411723434,-455.8335936436337,-6.277801348850684,-2.635797355415793,0.6988474801182747,1.0,1.2610737898377522e-08,0.22316746227443218,-0.2166213016025722,-0.4510252382606268,-0.14428742974996567,0.2231858465820551,-1.8384307622909546e-05,-0.1964150513522327,-0.020206250250339508,-0.4546947292983532,0.0036694910377264023,-0.14683324098587036,0.0025458112359046936,0.0036694910377264023,10.0,True
kva_coincident_charge,"{""scenario_id"": 9.0}",31,instant_slow_stagger_1h,"{""policy_id"": 31.0}",validation,8,32.63631820678711,0.0,0.1,4,delay_13,False,False,transformer_export_peak_kw;transformer_draw_peak_kw;max_ramp_kw;curtailed_share;tenant_cost_delta_vs_fair_leg_chf_per_load_kwh;pv_only_cost_delta_vs_fair_leg_chf_per_load_kwh;pv_battery_cost_delta_vs_fair_leg_chf_per_load_kwh;large_flex_cost_delta_vs_fair_leg_chf_per_load_kwh,1.0,11.0,1.0,0.5,0.0,17.0,1000.0,0.0,10.0,1.0,0.005,1.0,1.0,0.0,0.0,0.0,0.0,0.0,0.0,0.0,7.973611354827881,58.36606025695801,0.4603794738650322,0.06561028538271785,1.0697836428880692,0.0575559982098639,0.7136711180210114,3.2468832433223724,7.850706577301025,0.7602918967604637,297.96483039855957,0.0030184937440935755,0.3035961656659809,403.6739186310027,0.18495394170856833,-0.38456003793955196,-403.4889646892941,-3.28837265298315,-2.2896362653453317,0.6758133172988892,1.0,1.324178278139243e-08,0.18495394242927432,-0.20179095678031445,-0.436764819547534,-0.13938271533697844,0.2231858465820551,-0.03823190415278077,-0.1964150513522327,-0.005375905428081751,-0.4546947292983532,0.017929909750819206,-0.14683324098587036,0.007450525648891926,0.017929909750819206,9.0,True
kva_peak_ratchet,"{""scenario_id"": 11.0}",31,instant_slow_stagger_1h,"{""policy_id"": 31.0}",validation,8,33.480628967285156,0.0,0.1,4,delay_13,True,True,transformer_export_peak_kw;transformer_draw_peak_kw;max_ramp_kw;curtailed_share;tenant_cost_delta_vs_fair_leg_chf_per_load_kwh;pv_only_cost_delta_vs_fair_leg_chf_per_load_kwh;pv_battery_cost_delta_vs_fair_leg_chf_per_load_kwh;large_flex_cost_delta_vs_fair_leg_chf_per_load_kwh,1.0,11.0,1.0,0.5,0.0,17.0,1000.0,0.0,10.0,1.0,0.005,1.0,1.0,0.0,0.0,0.0,0.0,0.0,0.0,0.0,7.973611354827881,58.36606025695801,0.4603794738650322,0.06561028538271785,1.0697836428880692,0.0575559982098639,0.7136711180210114,3.2468832433223724,7.850706577301025,0.7602918967604637,297.96481132507324,0.0030184937440935755,0.3035961656659809,456.6395763898864,0.2119475193428361,-0.37699221804045624,-456.4276288705435,-3.5716389610288712,-2.3758064024106282,0.6758133172988892,1.0,1.324178278139243e-08,0.2119475193321705,-0.19719060137867928,-0.4488933701068163,-0.1451482241973281,0.2231858465820551,-0.011238327249884605,-0.1964150513522327,-0.0007755500264465809,-0.4546947292983532,0.005801359191536903,-0.14683324098587036,0.0016850167885422707,0.005801359191536903,11.0,True
kva_peak_ratchet,"{""scenario_id"": 11.0}",28,instant_stagger_2h_10,"{""policy_id"": 28.0}",validation,8,33.39384460449219,0.08678436279296875,0.1,4,delay_13,True,True,transformer_export_peak_kw;transformer_draw_peak_kw;max_ramp_kw;curtailed_share;tenant_cost_delta_vs_fair_leg_chf_per_load_kwh;pv_only_cost_delta_vs_fair_leg_chf_per_load_kwh;pv_battery_cost_delta_vs_fair_leg_chf_per_load_kwh;large_flex_cost_delta_vs_fair_leg_chf_per_load_kwh,1.0,11.0,2.0,1.0,0.0,17.0,1000.0,0.0,10.0,1.0,0.005,1.0,1.0,0.0,0.0,0.0,0.0,0.0,0.0,0.0,7.4043869972229,58.643639087677,0.4609375111758709,0.06507851695641875,1.0707576721906662,0.05477561056613922,0.7041191309690475,3.319744735956192,12.815296649932861,0.6609846577048302,297.2311191558838,0.004174396861344576,0.31037561683383263,457.61394545346536,0.2116359944161477,-0.37655073406923345,-457.4023094590492,-6.326074737166233,-2.6030897563976954,0.6988474801182747,1.0,1.2610737898377522e-08,0.2116359956562519,-0.19694771291688085,-0.4481599275022745,-0.14459513779729605,0.2231858465820551,-0.011549850925803185,-0.1964150513522327,-0.0005326615646481514,-0.4546947292983532,0.006534801796078682,-0.14683324098587036,0.002238103188574314,0.006534801796078682,11.0,True
kw_peak_ratchet,"{""scenario_id"": 12.0}",31,instant_slow_stagger_1h,"{""policy_id"": 31.0}",validation,8,33.49563980102539,0.0,0.1,4,delay_13,True,False,transformer_export_peak_kw;transformer_draw_peak_kw;max_ramp_kw;curtailed_share;tenant_cost_delta_vs_fair_leg_chf_per_load_kwh;pv_only_cost_delta_vs_fair_leg_chf_per_load_kwh;pv_battery_cost_delta_vs_fair_leg_chf_per_load_kwh;large_flex_cost_delta_vs_fair_leg_chf_per_load_kwh,1.0,11.0,1.0,0.5,0.0,17.0,1000.0,0.0,10.0,1.0,0.005,1.0,1.0,0.0,0.0,0.0,0.0,0.0,0.0,0.0,7.973611354827881,58.36606025695801,0.4603794738650322,0.06561028538271785,1.0697836428880692,0.0575559982098639,0.7136711180210114,3.2468832433223724,7.850706577301025,0.7602918967604637,297.964807510376,0.0030184937440935755,0.3035961656659809,457.496663269565,0.21135648131440876,-0.3772375790295854,-457.2853067882506,-3.575432973704464,-2.375335081355174,0.6758133172988892,1.0,1.324178278139243e-08,0.2113564796745777,-0.19734018901363015,-0.4485072214156389,-0.1450845254585147,0.2231858465820551,-0.011829366907477379,-0.1964150513522327,-0.0009251376613974571,-0.4546947292983532,0.0061875078827142715,-0.14683324098587036,0.001748715527355671,0.0061875078827142715,12.0,True
kw_peak_ratchet,"{""scenario_id"": 12.0}",28,instant_stagger_2h_10,"{""policy_id"": 28.0}",validation,8,33.42718505859375,0.06845474243164062,0.1,4,delay_13,True,False,transformer_export_peak_kw;transformer_draw_peak_kw;max_ramp_kw;curtailed_share;tenant_cost_delta_vs_fair_leg_chf_per_load_kwh;pv_only_cost_delta_vs_fair_leg_chf_per_load_kwh;pv_battery_cost_delta_vs_fair_leg_chf_per_load_kwh;large_flex_cost_delta_vs_fair_leg_chf_per_load_kwh,1.0,11.0,2.0,1.0,0.0,17.0,1000.0,0.0,10.0,1.0,0.005,1.0,1.0,0.0,0.0,0.0,0.0,0.0,0.0,0.0,7.4043869972229,58.643639087677,0.4609375111758709,0.06507851695641875,1.0707576721906662,0.05477561056613922,0.7041191309690475,3.319744735956192,12.815296649932861,0.6609846577048302,297.2311267852783,0.004174396861344576,0.31037561683383263,458.49350106338744,0.21110900856310086,-0.37697151316728233,-458.28239205482436,-6.329351502080492,-2.602687857811633,0.6988474801182747,1.0,1.2610737898377522e-08,0.2111090086400509,-0.19719291338697076,-0.4478309154510498,-0.14451246988028288,0.2231858465820551,-0.012076837942004204,-0.1964150513522327,-0.0007778620347380638,-0.4546947292983532,0.0068638138473033905,-0.14683324098587036,0.0023207711055874825,0.0068638138473033905,12.0,True
loss_share_linear,"{""scenario_id"": 13.0}",31,instant_slow_stagger_1h,"{""policy_id"": 31.0}",validation,8,32.94580078125,0.0,0.1,4,delay_13,False,False,transformer_export_peak_kw;transformer_draw_peak_kw;max_ramp_kw;curtailed_share;tenant_cost_delta_vs_fair_leg_chf_per_load_kwh;pv_only_cost_delta_vs_fair_leg_chf_per_load_kwh;pv_battery_cost_delta_vs_fair_leg_chf_per_load_kwh;large_flex_cost_delta_vs_fair_leg_chf_per_load_kwh,1.0,11.0,1.0,0.5,0.0,17.0,1000.0,0.0,10.0,1.0,0.005,1.0,1.0,0.0,0.0,0.0,0.0,0.0,0.0,0.0,7.973611354827881,58.36606025695801,0.4603794738650322,0.06561028538271785,1.0697836428880692,0.0575559982098639,0.7136711180210114,3.2468832433223724,7.850706577301025,0.7602918967604637,297.9648551940918,0.0030184937440935755,0.3035961656659809,446.1988863964742,0.1955137492700567,-0.3735912707579242,-446.0033726472042,-3.5083673565255586,-2.337051019479881,0.6758133172988892,1.0,1.324178278139243e-08,0.1955137476325035,-0.19576193299144506,-0.4409051612019539,-0.14278233982622623,0.2231858465820551,-0.027672098949551582,-0.1964150513522327,0.0006531183607876301,-0.4546947292983532,0.013789568096399307,-0.14683324098587036,0.004050901159644127,0.013789568096399307,13.0,True
loss_share_linear,"{""scenario_id"": 13.0}",6,stagger_11_2h,"{""policy_id"": 6.0}",validation,8,32.90955352783203,0.03624725341796875,0.1,4,delay_13,False,False,transformer_export_peak_kw;transformer_draw_peak_kw;max_ramp_kw;curtailed_share;tenant_cost_delta_vs_fair_leg_chf_per_load_kwh;pv_only_cost_delta_vs_fair_leg_chf_per_load_kwh;pv_battery_cost_delta_vs_fair_leg_chf_per_load_kwh;large_flex_cost_delta_vs_fair_leg_chf_per_load_kwh,1.0,11.0,2.0,1.0,0.0,17.0,1000.0,0.0,0.0,1.0,0.005,1.0,1.0,0.0,0.0,0.0,0.0,0.0,0.0,0.0,8.262276649475098,61.499595165252686,0.460007444024086,0.0667214635759592,1.0736812949180603,0.05728187598288059,0.7336159721016884,3.431496798992157,9.577751159667969,0.6486298143863678,297.59255599975586,0.0031608147437509615,0.3034372609290172,23262343.648629114,0.1949738364826683,-0.3747075753182813,-23262343.453655276,-3.517065235549511,-2.3058101575706735,0.6746954992413521,1.0,1.3510677354666711e-08,0.19497383758425713,-0.19635968236252666,-0.4410537164658308,-0.14191147219389677,0.2231858465820551,-0.028212008997797966,-0.1964150513522327,5.536898970603943e-05,-0.4546947292983532,0.013641012832522392,-0.14683324098587036,0.004921768791973591,0.013641012832522392,13.0,True
loss_share_linear,"{""scenario_id"": 13.0}",28,instant_stagger_2h_10,"{""policy_id"": 28.0}",validation,8,32.90260696411133,0.043193817138671875,0.1,4,delay_13,False,False,transformer_export_peak_kw;transformer_draw_peak_kw;max_ramp_kw;curtailed_share;tenant_cost_delta_vs_fair_leg_chf_per_load_kwh;pv_only_cost_delta_vs_fair_leg_chf_per_load_kwh;pv_battery_cost_delta_vs_fair_leg_chf_per_load_kwh;large_flex_cost_delta_vs_fair_leg_chf_per_load_kwh,1.0,11.0,2.0,1.0,0.0,17.0,1000.0,0.0,10.0,1.0,0.005,1.0,1.0,0.0,0.0,0.0,0.0,0.0,0.0,0.0,7.4043869972229,58.643639087677,0.4609375111758709,0.06507851695641875,1.0707576721906662,0.05477561056613922,0.7041191309690475,3.319744735956192,12.815296649932861,0.6609846577048302,297.23111724853516,0.004174396861344576,0.31037561683383263,447.431734675497,0.19611655324505334,-0.3736501774334611,-447.23561812225194,-6.234691276575373,-2.5632535800308993,0.6988474801182747,1.0,1.2610737898377522e-08,0.19611654989421368,-0.19578506471589208,-0.4403711427003145,-0.14247365668416023,0.2231858465820551,-0.027069296687841415,-0.1964150513522327,0.0006299866363406181,-0.4546947292983532,0.014323586598038673,-0.14683324098587036,0.004359584301710129,0.014323586598038673,13.0,True
loss_share_linear,"{""scenario_id"": 13.0}",5,stagger_11_1h,"{""policy_id"": 5.0}",validation,8,32.899261474609375,0.046539306640625,0.1,4,delay_13,False,False,transformer_export_peak_kw;transformer_draw_peak_kw;max_ramp_kw;curtailed_share;tenant_cost_delta_vs_fair_leg_chf_per_load_kwh;pv_only_cost_delta_vs_fair_leg_chf_per_load_kwh;pv_battery_cost_delta_vs_fair_leg_chf_per_load_kwh;large_flex_cost_delta_vs_fair_leg_chf_per_load_kwh,1.0,11.0,1.0,1.0,0.0,17.0,1000.0,0.0,0.0,1.0,0.005,1.0,1.0,0.0,0.0,0.0,0.0,0.0,0.0,0.0,7.688343524932861,60.380101680755615,0.4603794738650322,0.06584421545267105,1.0721373707056046,0.0560972741805017,0.7210002988576889,3.3856402039527893,13.226926326751709,0.6966892257332802,297.2933044433594,0.003794290456426097,0.3071623829524064,39356449.95892133,0.1955803232821959,-0.3746075411085533,-39356449.76334101,-4.037257914711115,-2.432140656808093,0.6869873255491257,1.0,1.367816682140699e-08,0.19558032415807247,-0.1963000502437353,-0.4407542049884796,-0.14199791010469198,0.2231858465820551,-0.02760552242398262,-0.1964150513522327,0.00011500110849738121,-0.4546947292983532,0.013940524309873581,-0.14683324098587036,0.004835330881178379,0.013940524309873581,13.0,True
loss_share_linear,"{""scenario_id"": 13.0}",4,delay_13,"{""policy_id"": 4.0}",validation,8,32.88846206665039,0.057338714599609375,0.1,4,delay_13,False,False,transformer_export_peak_kw;transformer_draw_peak_kw;max_ramp_kw;curtailed_share;tenant_cost_delta_vs_fair_leg_chf_per_load_kwh;pv_only_cost_delta_vs_fair_leg_chf_per_load_kwh;pv_battery_cost_delta_vs_fair_leg_chf_per_load_kwh;large_flex_cost_delta_vs_fair_leg_chf_per_load_kwh,1.0,13.0,0.0,1.0,0.0,17.0,1000.0,0.0,0.0,1.0,0.005,1.0,1.0,0.0,0.0,0.0,0.0,0.0,0.0,0.0,9.377837181091309,63.93289613723755,0.4596354179084301,0.07081815367564559,1.0800153762102127,0.06520206714048982,0.7637733221054077,3.519452780485153,10.187506675720215,0.7172819897532463,297.9040107727051,0.0023024828513484863,0.292871624516459,23281481.92500158,0.19243992887378386,-0.37673157675055735,-23281481.732561648,-1.939265918904532,-1.9583245294141096,0.6393399015069008,1.0,1.3602866388850998e-08,0.19243992678821087,-0.1974638462997973,-0.4413983356207609,-0.14075630344450474,0.2231858465820551,-0.030745919793844223,-0.1964150513522327,-0.001048794947564602,-0.4546947292983532,0.013296393677592278,-0.14683324098587036,0.0060769375413656235,0.013296393677592278,13.0,True
loss_share_linear,"{""scenario_id"": 13.0}",25,instant_stagger_1h_5,"{""policy_id"": 25.0}",validation,8,32.88774108886719,0.0580596923828125,0.1,4,delay_13,False,False,transformer_export_peak_kw;transformer_draw_peak_kw;max_ramp_kw;curtailed_share;tenant_cost_delta_vs_fair_leg_chf_per_load_kwh;pv_only_cost_delta_vs_fair_leg_chf_per_load_kwh;pv_battery_cost_delta_vs_fair_leg_chf_per_load_kwh;large_flex_cost_delta_vs_fair_leg_chf_per_load_kwh,1.0,11.0,1.0,1.0,0.0,17.0,1000.0,0.0,5.0,1.0,0.005,1.0,1.0,0.0,0.0,0.0,0.0,0.0,0.0,0.0,7.515251636505127,59.13919258117676,0.4601934626698494,0.06515346886590123,1.0710985213518143,0.054432956501841545,0.7066693007946014,3.3388316333293915,13.067245483398438,0.6942074596881866,296.9478931427002,0.0044329121155897155,0.3102620654308439,709.2779639602245,0.19607538490951845,-0.3741082103032868,-709.0818885753151,-5.0882705394398045,-2.535953268841971,0.6973951682448387,1.0,1.2711041996738004e-08,0.19607538543641567,-0.19602723605930805,-0.440148439258337,-0.1422043526545167,0.2231858465820551,-0.02711046114563942,-0.1964150513522327,0.00038781529292464256,-0.4546947292983532,0.014546290040016174,-0.14683324098587036,0.004628888331353664,0.014546290040016174,13.0,True
loss_share_linear,"{""scenario_id"": 13.0}",29,instant_stagger_1h_10_ref101,"{""policy_id"": 29.0}",validation,8,32.88089370727539,0.06490707397460938,0.1,4,delay_13,False,False,transformer_export_peak_kw;transformer_draw_peak_kw;max_ramp_kw;curtailed_share;tenant_cost_delta_vs_fair_leg_chf_per_load_kwh;pv_only_cost_delta_vs_fair_leg_chf_per_load_kwh;pv_battery_cost_delta_vs_fair_leg_chf_per_load_kwh;large_flex_cost_delta_vs_fair_leg_chf_per_load_kwh,1.0,11.0,1.0,1.0,0.0,17.0,1000.0,0.0,10.0,1.01,0.005,1.0,1.0,0.0,0.0,0.0,0.0,0.0,0.0,0.0,7.484078407287598,58.74466896057129,0.4607514999806881,0.06477066595107317,1.0704415291547775,0.05454064719378948,0.7024675831198692,3.326879620552063,12.720763683319092,0.69414222240448,296.78533363342285,0.004817308399651665,0.3116124824558113,9025.426377977888,0.19633477685353865,-0.373822809853844,-9025.230043201034,-6.4357713648484935,-2.5968158971632533,0.7024975493550301,1.0,1.2822837680559473e-08,0.19633477926254272,-0.1958717149682343,-0.4399135857820511,-0.14229255076497793,0.2231858465820551,-0.026851067319512367,-0.1964150513522327,0.000543336383998394,-0.4546947292983532,0.014781143516302109,-0.14683324098587036,0.004540690220892429,0.014781143516302109,13.0,True
loss_share_linear,"{""scenario_id"": 13.0}",26,instant_stagger_1h_10,"{""policy_id"": 26.0}",validation,8,32.86005783081055,0.08574295043945312,0.1,4,delay_13,False,False,transformer_export_peak_kw;transformer_draw_peak_kw;max_ramp_kw;curtailed_share;tenant_cost_delta_vs_fair_leg_chf_per_load_kwh;pv_only_cost_delta_vs_fair_leg_chf_per_load_kwh;pv_battery_cost_delta_vs_fair_leg_chf_per_load_kwh;large_flex_cost_delta_vs_fair_leg_chf_per_load_kwh,1.0,11.0,1.0,1.0,0.0,17.0,1000.0,0.0,10.0,1.0,0.005,1.0,1.0,0.0,0.0,0.0,0.0,0.0,0.0,0.0,7.400095462799072,58.960318088531494,0.4611235223710537,0.06475628213956952,1.070232704281807,0.05435463646426797,0.7024599388241768,3.346191853284836,13.07767629623413,0.6923825144767761,296.4783191680908,0.0051213028928032145,0.31258793075858493,446.6622634695478,0.19639513769822042,-0.3737469792348568,-446.4658683318495,-7.024147088469157,-2.617861240555251,0.705148346722126,1.0,1.2866955279022818e-08,0.19639513827860355,-0.19583098776638508,-0.43941422924399376,-0.14225152879953384,0.2231858465820551,-0.026790708303451538,-0.1964150513522327,0.0005840635858476162,-0.4546947292983532,0.015280500054359436,-0.14683324098587036,0.004581712186336517,0.015280500054359436,13.0,True
loss_share_linear,"{""scenario_id"": 13.0}",3,delay_11,"{""policy_id"": 3.0}",validation,8,32.85950469970703,0.08629608154296875,0.1,4,delay_13,False,False,transformer_export_peak_kw;transformer_draw_peak_kw;max_ramp_kw;curtailed_share;tenant_cost_delta_vs_fair_leg_chf_per_load_kwh;pv_only_cost_delta_vs_fair_leg_chf_per_load_kwh;pv_battery_cost_delta_vs_fair_leg_chf_per_load_kwh;large_flex_cost_delta_vs_fair_leg_chf_per_load_kwh,1.0,11.0,0.0,1.0,0.0,17.0,1000.0,0.0,0.0,1.0,0.005,1.0,1.0,0.0,0.0,0.0,0.0,0.0,0.0,0.0,7.594048976898193,59.298158168792725,0.4603794738650322,0.06519872276112437,1.0712036192417145,0.05497141252271831,0.7037639692425728,3.348622888326645,13.635993003845215,0.7111844792962074,296.42565536499023,0.005021935299737379,0.3103008944216147,39159332.28503307,0.19607519656927636,-0.37439193759684003,-39159332.088957876,-4.447091238931024,-2.509423709638055,0.6959897801280022,1.0,1.3634742335177918e-08,0.19607519544661045,-0.19617643440142274,-0.4396219104528427,-0.14186687488108873,0.2231858465820551,-0.02711065113544464,-0.1964150513522327,0.0002386169508099556,-0.4546947292983532,0.015072818845510483,-0.14683324098587036,0.004966366104781628,0.015072818845510483,13.0,True
loss_share_linear,"{""scenario_id"": 13.0}",7,slow_stagger,"{""policy_id"": 7.0}",validation,8,32.85260772705078,0.09319305419921875,0.1,4,delay_13,False,False,transformer_export_peak_kw;transformer_draw_peak_kw;max_ramp_kw;curtailed_share;tenant_cost_delta_vs_fair_leg_chf_per_load_kwh;pv_only_cost_delta_vs_fair_leg_chf_per_load_kwh;pv_battery_cost_delta_vs_fair_leg_chf_per_load_kwh;large_flex_cost_delta_vs_fair_leg_chf_per_load_kwh,1.0,11.0,2.0,0.5,0.0,17.0,1000.0,0.0,0.0,1.0,0.005,1.0,1.0,0.0,0.0,0.0,0.0,0.0,0.0,0.0,10.032296180725098,62.462448596954346,0.4585193507373333,0.06963598821312189,1.0769278556108475,0.06473214272409678,0.7523927018046379,3.323030650615692,5.9105753898620605,0.7398773357272148,296.998254776001,0.0023397648547368345,0.27924034552801413,23262775.209451582,0.1922257909420379,-0.37550035704816387,-23262775.01722579,-1.1792954739017718,-1.576370092386945,0.5919906571507454,1.0,1.3733862713749545e-08,0.19222579151391983,-0.19681350514292717,-0.441380450502038,-0.13975435495376587,0.2231858465820551,-0.03096005506813526,-0.1964150513522327,-0.0003984537906944752,-0.4546947292983532,0.013314278796315193,-0.14683324098587036,0.007078886032104492,0.013314278796315193,13.0,True
loss_share_quadratic,"{""scenario_id"": 14.0}",31,instant_slow_stagger_1h,"{""policy_id"": 31.0}",validation,8,32.81705093383789,0.0,0.1,4,delay_13,False,False,transformer_export_peak_kw;transformer_draw_peak_kw;max_ramp_kw;curtailed_share;tenant_cost_delta_vs_fair_leg_chf_per_load_kwh;pv_only_cost_delta_vs_fair_leg_chf_per_load_kwh;pv_battery_cost_delta_vs_fair_leg_chf_per_load_kwh;large_flex_cost_delta_vs_fair_leg_chf_per_load_kwh,1.0,11.0,1.0,0.5,0.0,17.0,1000.0,0.0,10.0,1.0,0.005,1.0,1.0,0.0,0.0,0.0,0.0,0.0,0.0,0.0,7.973611354827881,58.36606025695801,0.4603794738650322,0.06561028538271785,1.0697836428880692,0.0575559982098639,0.7136711180210114,3.2468832433223724,7.850706577301025,0.7602918967604637,297.96484375,0.0030184937440935755,0.3035961656659809,445.70387819831427,0.19164654970010525,-0.38261305712260735,-445.5122316486142,-3.4623548719783663,-2.328045577418097,0.6758133172988892,1.0,1.324178278139243e-08,0.19164654985070229,-0.20077141234651208,-0.43882388435304165,-0.14130181819200516,0.2231858465820551,-0.031539296731352806,-0.1964150513522327,-0.004356360994279385,-0.4546947292983532,0.015870844945311546,-0.14683324098587036,0.005531422793865204,0.015870844945311546,14.0,True
loss_share_quadratic,"{""scenario_id"": 14.0}",6,stagger_11_2h,"{""policy_id"": 6.0}",validation,8,32.78120422363281,0.035846710205078125,0.1,4,delay_13,False,False,transformer_export_peak_kw;transformer_draw_peak_kw;max_ramp_kw;curtailed_share;tenant_cost_delta_vs_fair_leg_chf_per_load_kwh;pv_only_cost_delta_vs_fair_leg_chf_per_load_kwh;pv_battery_cost_delta_vs_fair_leg_chf_per_load_kwh;large_flex_cost_delta_vs_fair_leg_chf_per_load_kwh,1.0,11.0,2.0,1.0,0.0,17.0,1000.0,0.0,0.0,1.0,0.005,1.0,1.0,0.0,0.0,0.0,0.0,0.0,0.0,0.0,8.262276649475098,61.499595165252686,0.460007444024086,0.0667214635759592,1.0736812949180603,0.05728187598288059,0.7336159721016884,3.431496798992157,9.577751159667969,0.6486298143863678,297.5925350189209,0.0031608147437509615,0.3034372609290172,23275492.086950425,0.1910973234177858,-0.38535862134498233,-23275491.8958531,-3.4605516940635184,-2.296889540620322,0.6746954992413521,1.0,1.3510677354666711e-08,0.19109732285141945,-0.20221824198961258,-0.43976215831935406,-0.13980460818856955,0.2231858465820551,-0.03208852373063564,-0.1964150513522327,-0.005803190637379885,-0.4546947292983532,0.014932570978999138,-0.14683324098587036,0.007028632797300816,0.014932570978999138,14.0,True
loss_share_quadratic,"{""scenario_id"": 14.0}",28,instant_stagger_2h_10,"{""policy_id"": 28.0}",validation,8,32.77497100830078,0.042079925537109375,0.1,4,delay_13,False,False,transformer_export_peak_kw;transformer_draw_peak_kw;max_ramp_kw;curtailed_share;tenant_cost_delta_vs_fair_leg_chf_per_load_kwh;pv_only_cost_delta_vs_fair_leg_chf_per_load_kwh;pv_battery_cost_delta_vs_fair_leg_chf_per_load_kwh;large_flex_cost_delta_vs_fair_leg_chf_per_load_kwh,1.0,11.0,2.0,1.0,0.0,17.0,1000.0,0.0,10.0,1.0,0.005,1.0,1.0,0.0,0.0,0.0,0.0,0.0,0.0,0.0,7.4043869972229,58.643639087677,0.4609375111758709,0.06507851695641875,1.0707576721906662,0.05477561056613922,0.7041191309690475,3.319744735956192,12.815296649932861,0.6609846577048302,297.2311325073242,0.004174396861344576,0.31037561683383263,447.4972431596519,0.19232004934771987,-0.38374395441605696,-447.3049231103042,-6.145110836439777,-2.553515224181212,0.6988474801182747,1.0,1.2610737898377522e-08,0.1923200488090515,-0.20134969102218747,-0.4390324503183365,-0.14048658311367035,0.2231858465820551,-0.030865797773003578,-0.1964150513522327,-0.004934639669954777,-0.4546947292983532,0.01566227898001671,-0.14683324098587036,0.006346657872200012,0.01566227898001671,14.0,True
loss_share_quadratic,"{""scenario_id"": 14.0}",5,stagger_11_1h,"{""policy_id"": 5.0}",validation,8,32.771793365478516,0.045257568359375,0.1,4,delay_13,False,False,transformer_export_peak_kw;transformer_draw_peak_kw;max_ramp_kw;curtailed_share;tenant_cost_delta_vs_fair_leg_chf_per_load_kwh;pv_only_cost_delta_vs_fair_leg_chf_per_load_kwh;pv_battery_cost_delta_vs_fair_leg_chf_per_load_kwh;large_flex_cost_delta_vs_fair_leg_chf_per_load_kwh,1.0,11.0,1.0,1.0,0.0,17.0,1000.0,0.0,0.0,1.0,0.005,1.0,1.0,0.0,0.0,0.0,0.0,0.0,0.0,0.0,7.688343524932861,60.380101680755615,0.4603794738650322,0.06584421545267105,1.0721373707056046,0.0560972741805017,0.7210002988576889,3.3856402039527893,13.226926326751709,0.6966892257332802,297.29326248168945,0.003794290456426097,0.3071623829524064,39356035.498224564,0.19175865678606613,-0.38478672013996185,-39356035.3064659,-3.973079596329276,-2.422853911226183,0.6869873255491257,1.0,1.367816682140699e-08,0.1917586550116539,-0.20190637931227684,-0.43955724872648716,-0.13990953005850315,0.2231858465820551,-0.03142719157040119,-0.1964150513522327,-0.005491327960044146,-0.4546947292983532,0.015137480571866035,-0.14683324098587036,0.00692371092736721,0.015137480571866035,14.0,True
loss_share_quadratic,"{""scenario_id"": 14.0}",25,instant_stagger_1h_5,"{""policy_id"": 25.0}",validation,8,32.76048278808594,0.056568145751953125,0.1,4,delay_13,False,False,transformer_export_peak_kw;transformer_draw_peak_kw;max_ramp_kw;curtailed_share;tenant_cost_delta_vs_fair_leg_chf_per_load_kwh;pv_only_cost_delta_vs_fair_leg_chf_per_load_kwh;pv_battery_cost_delta_vs_fair_leg_chf_per_load_kwh;large_flex_cost_delta_vs_fair_leg_chf_per_load_kwh,1.0,11.0,1.0,1.0,0.0,17.0,1000.0,0.0,5.0,1.0,0.005,1.0,1.0,0.0,0.0,0.0,0.0,0.0,0.0,0.0,7.515251636505127,59.13919258117676,0.4601934626698494,0.06515346886590123,1.0710985213518143,0.054432956501841545,0.7066693007946014,3.3388316333293915,13.067245483398438,0.6942074596881866,296.9478950500488,0.0044329121155897155,0.3102620654308439,709.6863187548425,0.1922881759020729,-0.3841008300243113,-709.4940305789403,-5.011590391746919,-2.526334179270309,0.6973951682448387,1.0,1.2711041996738004e-08,0.19228817522525787,-0.2015361813828349,-0.4389411825686693,-0.14015645906329155,0.2231858465820551,-0.03089767135679722,-0.1964150513522327,-0.005121130030602217,-0.4546947292983532,0.015753546729683876,-0.14683324098587036,0.006676781922578812,0.015753546729683876,14.0,True
loss_share_quadratic,"{""scenario_id"": 14.0}",4,delay_13,"{""policy_id"": 4.0}",validation,8,32.75832748413086,0.05872344970703125,0.1,4,delay_13,False,False,transformer_export_peak_kw;transformer_draw_peak_kw;max_ramp_kw;curtailed_share;tenant_cost_delta_vs_fair_leg_chf_per_load_kwh;pv_only_cost_delta_vs_fair_leg_chf_per_load_kwh;pv_battery_cost_delta_vs_fair_leg_chf_per_load_kwh;large_flex_cost_delta_vs_fair_leg_chf_per_load_kwh,1.0,13.0,0.0,1.0,0.0,17.0,1000.0,0.0,0.0,1.0,0.005,1.0,1.0,0.0,0.0,0.0,0.0,0.0,0.0,0.0,9.377837181091309,63.93289613723755,0.4596354179084301,0.07081815367564559,1.0800153762102127,0.06520206714048982,0.7637733221054077,3.519452780485153,10.187506675720215,0.7172819897532463,297.9039840698242,0.0023024828513484863,0.292871624516459,23334542.21364071,0.18844354382936562,-0.3880689135266172,-23334542.025197167,-1.90290695913236,-1.950530678792369,0.6393399015069008,1.0,1.3602866388850998e-08,0.18844354152679443,-0.20369593473151326,-0.4404203910380602,-0.1383394794538617,0.2231858465820551,-0.03474230505526066,-0.1964150513522327,-0.007280883379280567,-0.4546947292983532,0.014274338260293007,-0.14683324098587036,0.008493761532008648,0.014274338260293007,14.0,True
loss_share_quadratic,"{""scenario_id"": 14.0}",29,instant_stagger_1h_10_ref101,"{""policy_id"": 29.0}",validation,8,32.75382614135742,0.06322479248046875,0.1,4,delay_13,False,False,transformer_export_peak_kw;transformer_draw_peak_kw;max_ramp_kw;curtailed_share;tenant_cost_delta_vs_fair_leg_chf_per_load_kwh;pv_only_cost_delta_vs_fair_leg_chf_per_load_kwh;pv_battery_cost_delta_vs_fair_leg_chf_per_load_kwh;large_flex_cost_delta_vs_fair_leg_chf_per_load_kwh,1.0,11.0,1.0,1.0,0.0,17.0,1000.0,0.0,10.0,1.01,0.005,1.0,1.0,0.0,0.0,0.0,0.0,0.0,0.0,0.0,7.484078407287598,58.74466896057129,0.4607514999806881,0.06477066595107317,1.0704415291547775,0.05454064719378948,0.7024675831198692,3.326879620552063,12.720763683319092,0.69414222240448,296.78531074523926,0.004817308399651665,0.3116124824558113,9030.731108083937,0.1925596619938406,-0.383692148933632,-9030.538548421944,-6.344040733194974,-2.586992143282787,0.7024975493550301,1.0,1.2822837680559473e-08,0.19255965948104858,-0.2013155990280211,-0.43866240605711937,-0.1402881983667612,0.2231858465820551,-0.030626187101006508,-0.1964150513522327,-0.0049005476757884026,-0.4546947292983532,0.016032323241233826,-0.14683324098587036,0.006545042619109154,0.016032323241233826,14.0,True
loss_share_quadratic,"{""scenario_id"": 14.0}",26,instant_stagger_1h_10,"{""policy_id"": 26.0}",validation,8,32.73295593261719,0.08409500122070312,0.1,4,delay_13,False,False,transformer_export_peak_kw;transformer_draw_peak_kw;max_ramp_kw;curtailed_share;tenant_cost_delta_vs_fair_leg_chf_per_load_kwh;pv_only_cost_delta_vs_fair_leg_chf_per_load_kwh;pv_battery_cost_delta_vs_fair_leg_chf_per_load_kwh;large_flex_cost_delta_vs_fair_leg_chf_per_load_kwh,1.0,11.0,1.0,1.0,0.0,17.0,1000.0,0.0,10.0,1.0,0.005,1.0,1.0,0.0,0.0,0.0,0.0,0.0,0.0,0.0,7.400095462799072,58.960318088531494,0.4611235223710537,0.06475628213956952,1.070232704281807,0.05435463646426797,0.7024599388241768,3.346191853284836,13.07767629623413,0.6923825144767761,296.47832107543945,0.0051213028928032145,0.31258793075858493,446.8031647316211,0.19262873702845257,-0.3836131848273455,-446.6105359945927,-6.925249767322092,-2.6079645416843347,0.705148346722126,1.0,1.2866955279022818e-08,0.1926287394016981,-0.20127369184046984,-0.4381885454058647,-0.14023622870445251,0.2231858465820551,-0.03055710718035698,-0.1964150513522327,-0.0048586404882371426,-0.4546947292983532,0.01650618389248848,-0.14683324098587036,0.006597012281417847,0.01650618389248848,14.0,True
loss_share_quadratic,"{""scenario_id"": 14.0}",3,delay_11,"{""policy_id"": 3.0}",validation,8,32.732276916503906,0.08477401733398438,0.1,4,delay_13,False,False,transformer_export_peak_kw;transformer_draw_peak_kw;max_ramp_kw;curtailed_share;tenant_cost_delta_vs_fair_leg_chf_per_load_kwh;pv_only_cost_delta_vs_fair_leg_chf_per_load_kwh;pv_battery_cost_delta_vs_fair_leg_chf_per_load_kwh;large_flex_cost_delta_vs_fair_leg_chf_per_load_kwh,1.0,11.0,0.0,1.0,0.0,17.0,1000.0,0.0,0.0,1.0,0.005,1.0,1.0,0.0,0.0,0.0,0.0,0.0,0.0,0.0,7.594048976898193,59.298158168792725,0.4603794738650322,0.06519872276112437,1.0712036192417145,0.05497141252271831,0.7037639692425728,3.348622888326645,13.635993003845215,0.7111844792962074,296.4256534576416,0.005021935299737379,0.3103008944216147,39172010.17223909,0.19228234689989315,-0.38428080933615194,-39172009.979956746,-4.376550892147505,-2.4998736675602657,0.6959897801280022,1.0,1.3634742335177918e-08,0.19228234700858593,-0.2016284829005599,-0.4385543651878834,-0.13974577374756336,0.2231858465820551,-0.030903499573469162,-0.1964150513522327,-0.0052134315483272076,-0.4546947292983532,0.016140364110469818,-0.14683324098587036,0.007087467238306999,0.016140364110469818,14.0,True
loss_share_quadratic,"{""scenario_id"": 14.0}",7,slow_stagger,"{""policy_id"": 7.0}",validation,8,32.71785354614258,0.0991973876953125,0.1,4,delay_13,False,False,transformer_export_peak_kw;transformer_draw_peak_kw;max_ramp_kw;curtailed_share;tenant_cost_delta_vs_fair_leg_chf_per_load_kwh;pv_only_cost_delta_vs_fair_leg_chf_per_load_kwh;pv_battery_cost_delta_vs_fair_leg_chf_per_load_kwh;large_flex_cost_delta_vs_fair_leg_chf_per_load_kwh,1.0,11.0,2.0,0.5,0.0,17.0,1000.0,0.0,0.0,1.0,0.005,1.0,1.0,0.0,0.0,0.0,0.0,0.0,0.0,0.0,10.032296180725098,62.462448596954346,0.4585193507373333,0.06963598821312189,1.0769278556108475,0.06473214272409678,0.7523927018046379,3.323030650615692,5.9105753898620605,0.7398773357272148,296.9982395172119,0.0023397648547368345,0.27924034552801413,23242779.411509566,0.18809240659317353,-0.3857009442117861,-23242779.223417155,-1.1613204050338446,-1.569847903273504,0.5919906571507454,1.0,1.3733862713749545e-08,0.18809240497648716,-0.20244986470788717,-0.43958664685487747,-0.13786789029836655,0.2231858465820551,-0.03509344160556793,-0.1964150513522327,-0.006034813355654478,-0.4546947292983532,0.015108082443475723,-0.14683324098587036,0.008965350687503815,0.015108082443475723,14.0,True
own_deviation_charge,"{""scenario_id"": 19.0}",31,instant_slow_stagger_1h,"{""policy_id"": 31.0}",validation,8,31.522554397583008,0.0,0.1,4,delay_13,False,False,transformer_export_peak_kw;transformer_draw_peak_kw;max_ramp_kw;curtailed_share;tenant_cost_delta_vs_fair_leg_chf_per_load_kwh;pv_only_cost_delta_vs_fair_leg_chf_per_load_kwh;pv_battery_cost_delta_vs_fair_leg_chf_per_load_kwh;large_flex_cost_delta_vs_fair_leg_chf_per_load_kwh,1.0,11.0,1.0,0.5,0.0,17.0,1000.0,0.0,10.0,1.0,0.005,1.0,1.0,0.0,0.0,0.0,0.0,0.0,0.0,0.0,7.973611354827881,58.36606025695801,0.4603794738650322,0.06561028538271785,1.0697836428880692,0.0575559982098639,0.7136711180210114,3.2468832433223724,7.850706577301025,0.7602918967604637,297.9648208618164,0.0030184937440935755,0.3035961656659809,430.43402393513924,0.14996855828129801,-0.3531078399881422,-430.2840553768579,-3.347100350554963,-2.2331657977354884,0.6758133172988892,1.0,1.324178278139243e-08,0.14996855892241,-0.18548423144966364,-0.42231658287346363,-0.1354349423199892,0.2231858465820551,-0.07321728765964508,-0.1964150513522327,0.010930819902569056,-0.4546947292983532,0.032378146424889565,-0.14683324098587036,0.011398298665881157,0.032378146424889565,19.0,True
own_deviation_charge,"{""scenario_id"": 19.0}",7,slow_stagger,"{""policy_id"": 7.0}",validation,8,31.43124008178711,0.09131431579589844,0.1,4,delay_13,False,False,transformer_export_peak_kw;transformer_draw_peak_kw;max_ramp_kw;curtailed_share;tenant_cost_delta_vs_fair_leg_chf_per_load_kwh;pv_only_cost_delta_vs_fair_leg_chf_per_load_kwh;pv_battery_cost_delta_vs_fair_leg_chf_per_load_kwh;large_flex_cost_delta_vs_fair_leg_chf_per_load_kwh,1.0,11.0,2.0,0.5,0.0,17.0,1000.0,0.0,0.0,1.0,0.005,1.0,1.0,0.0,0.0,0.0,0.0,0.0,0.0,0.0,10.032296180725098,62.462448596954346,0.4585193507373333,0.06963598821312189,1.0769278556108475,0.06473214272409678,0.7523927018046379,3.323030650615692,5.9105753898620605,0.7398773357272148,296.998254776001,0.0023397648547368345,0.27924034552801413,22546913.5376169,0.1462565728215901,-0.35826105620827975,-22546913.39136033,-1.1097263746507589,-1.5058895028567578,0.5919906571507454,1.0,1.3733862713749545e-08,0.14625657442957163,-0.18822506512515247,-0.4253828842192888,-0.13040089793503284,0.2231858465820551,-0.07692927215248346,-0.1964150513522327,0.008189986227080226,-0.4546947292983532,0.02931184507906437,-0.14683324098587036,0.016432343050837517,0.02931184507906437,19.0,True
own_peak_ratchet,"{""scenario_id"": 18.0}",4,delay_13,"{""policy_id"": 4.0}",validation,8,33.3925666809082,0.0,0.1,4,delay_13,True,False,transformer_export_peak_kw;transformer_draw_peak_kw;max_ramp_kw;curtailed_share;tenant_cost_delta_vs_fair_leg_chf_per_load_kwh;pv_only_cost_delta_vs_fair_leg_chf_per_load_kwh;pv_battery_cost_delta_vs_fair_leg_chf_per_load_kwh;large_flex_cost_delta_vs_fair_leg_chf_per_load_kwh,1.0,13.0,0.0,1.0,0.0,17.0,1000.0,0.0,0.0,1.0,0.005,1.0,1.0,0.0,0.0,0.0,0.0,0.0,0.0,0.0,9.377837181091309,63.93289613723755,0.4596354179084301,0.07081815367564559,1.0800153762102127,0.06520206714048982,0.7637733221054077,3.519452780485153,10.187506675720215,0.7172819897532463,297.90402030944824,0.0023024828513484863,0.292871624516459,23937239.110246804,0.20703494160857439,-0.38145109282593204,-23937238.903211858,-1.9744961374443577,-1.989696379761122,0.6393399015069008,1.0,1.3602866388850998e-08,0.20703494176268578,-0.1996759558096528,-0.44863384030759335,-0.14257162902504206,0.2231858465820551,-0.016150904819369316,-0.1964150513522327,-0.0032609044574201107,-0.4546947292983532,0.0060608889907598495,-0.14683324098587036,0.004261611960828304,0.0060608889907598495,18.0,True
own_peak_ratchet,"{""scenario_id"": 18.0}",31,instant_slow_stagger_1h,"{""policy_id"": 31.0}",validation,8,33.38707733154297,0.005489349365234375,0.1,4,delay_13,True,False,transformer_export_peak_kw;transformer_draw_peak_kw;max_ramp_kw;curtailed_share;tenant_cost_delta_vs_fair_leg_chf_per_load_kwh;pv_only_cost_delta_vs_fair_leg_chf_per_load_kwh;pv_battery_cost_delta_vs_fair_leg_chf_per_load_kwh;large_flex_cost_delta_vs_fair_leg_chf_per_load_kwh,1.0,11.0,1.0,0.5,0.0,17.0,1000.0,0.0,10.0,1.0,0.005,1.0,1.0,0.0,0.0,0.0,0.0,0.0,0.0,0.0,7.973611354827881,58.36606025695801,0.4603794738650322,0.06561028538271785,1.0697836428880692,0.0575559982098639,0.7136711180210114,3.2468832433223724,7.850706577301025,0.7602918967604637,297.96484756469727,0.0030184937440935755,0.3035961656659809,458.26655417189716,0.20789426794295546,-0.38001353780183067,-458.05865990395426,-3.5578624456242878,-2.3692033573388387,0.6758133172988892,1.0,1.324178278139243e-08,0.20789426937699318,-0.19890613527968526,-0.44751775451004505,-0.1437861304730177,0.2231858465820551,-0.015291577205061913,-0.1964150513522327,-0.0024910839274525642,-0.4546947292983532,0.007176974788308144,-0.14683324098587036,0.0030471105128526688,0.007176974788308144,18.0,True
own_peak_ratchet,"{""scenario_id"": 18.0}",7,slow_stagger,"{""policy_id"": 7.0}",validation,8,33.37535095214844,0.017215728759765625,0.1,4,delay_13,True,False,transformer_export_peak_kw;transformer_draw_peak_kw;max_ramp_kw;curtailed_share;tenant_cost_delta_vs_fair_leg_chf_per_load_kwh;pv_only_cost_delta_vs_fair_leg_chf_per_load_kwh;pv_battery_cost_delta_vs_fair_leg_chf_per_load_kwh;large_flex_cost_delta_vs_fair_leg_chf_per_load_kwh,1.0,11.0,2.0,0.5,0.0,17.0,1000.0,0.0,0.0,1.0,0.005,1.0,1.0,0.0,0.0,0.0,0.0,0.0,0.0,0.0,10.032296180725098,62.462448596954346,0.4585193507373333,0.06963598821312189,1.0769278556108475,0.06473214272409678,0.7523927018046379,3.323030650615692,5.9105753898620605,0.7398773357272148,296.9982223510742,0.0023397648547368345,0.27924034552801413,23951180.753044497,0.2074016565924626,-0.38061458169905493,-23951180.545642838,-1.201842535453262,-1.602946472937446,0.5919906571507454,1.0,1.3733862713749545e-08,0.20740165747702122,-0.1992315105162561,-0.4487445168197155,-0.14170359261333942,0.2231858465820551,-0.015784189105033875,-0.1964150513522327,-0.0028164591640233994,-0.4546947292983532,0.005950212478637695,-0.14683324098587036,0.005129648372530937,0.005950212478637695,18.0,True
own_peak_ratchet,"{""scenario_id"": 18.0}",6,stagger_11_2h,"{""policy_id"": 6.0}",validation,8,33.33573913574219,0.056827545166015625,0.1,4,delay_13,True,False,transformer_export_peak_kw;transformer_draw_peak_kw;max_ramp_kw;curtailed_share;tenant_cost_delta_vs_fair_leg_chf_per_load_kwh;pv_only_cost_delta_vs_fair_leg_chf_per_load_kwh;pv_battery_cost_delta_vs_fair_leg_chf_per_load_kwh;large_flex_cost_delta_vs_fair_leg_chf_per_load_kwh,1.0,11.0,2.0,1.0,0.0,17.0,1000.0,0.0,0.0,1.0,0.005,1.0,1.0,0.0,0.0,0.0,0.0,0.0,0.0,0.0,8.262276649475098,61.499595165252686,0.460007444024086,0.0667214635759592,1.0736812949180603,0.05728187598288059,0.7336159721016884,3.431496798992157,9.577751159667969,0.6486298143863678,297.5925579071045,0.0031608147437509615,0.3034372609290172,23938180.6678295,0.20719705227987267,-0.38105188986234917,-23938180.46063245,-3.554870127320624,-2.3370521653790983,0.6746954992413521,1.0,1.3510677354666711e-08,0.20719705149531364,-0.19946435606107116,-0.4478240180760622,-0.14277024380862713,0.2231858465820551,-0.015988795086741447,-0.1964150513522327,-0.003049304708838463,-0.4546947292983532,0.006870711222290993,-0.14683324098587036,0.004062997177243233,0.006870711222290993,18.0,True
own_peak_ratchet,"{""scenario_id"": 18.0}",5,stagger_11_1h,"{""policy_id"": 5.0}",validation,8,33.31428146362305,0.07828521728515625,0.1,4,delay_13,True,False,transformer_export_peak_kw;transformer_draw_peak_kw;max_ramp_kw;curtailed_share;tenant_cost_delta_vs_fair_leg_chf_per_load_kwh;pv_only_cost_delta_vs_fair_leg_chf_per_load_kwh;pv_battery_cost_delta_vs_fair_leg_chf_per_load_kwh;large_flex_cost_delta_vs_fair_leg_chf_per_load_kwh,1.0,11.0,1.0,1.0,0.0,17.0,1000.0,0.0,0.0,1.0,0.005,1.0,1.0,0.0,0.0,0.0,0.0,0.0,0.0,0.0,7.688343524932861,60.380101680755615,0.4603794738650322,0.06584421545267105,1.0721373707056046,0.0560972741805017,0.7210002988576889,3.3856402039527893,13.226926326751709,0.6966892257332802,297.2932834625244,0.003794290456426097,0.3071623829524064,40169722.05264413,0.20730416370696403,-0.38092450208498196,-40169721.84533997,-4.079362881473207,-2.4637381817215873,0.6869873255491257,1.0,1.367816682140699e-08,0.20730416476726532,-0.19939894322305918,-0.4474077671766281,-0.14270596206188202,0.2231858465820551,-0.015881681814789772,-0.1964150513522327,-0.0029838918708264828,-0.4546947292983532,0.007286962121725082,-0.14683324098587036,0.004127278923988342,0.007286962121725082,18.0,True
own_peak_ratchet,"{""scenario_id"": 18.0}",28,instant_stagger_2h_10,"{""policy_id"": 28.0}",validation,8,33.30747985839844,0.08508682250976562,0.1,4,delay_13,True,False,transformer_export_peak_kw;transformer_draw_peak_kw;max_ramp_kw;curtailed_share;tenant_cost_delta_vs_fair_leg_chf_per_load_kwh;pv_only_cost_delta_vs_fair_leg_chf_per_load_kwh;pv_battery_cost_delta_vs_fair_leg_chf_per_load_kwh;large_flex_cost_delta_vs_fair_leg_chf_per_load_kwh,1.0,11.0,2.0,1.0,0.0,17.0,1000.0,0.0,10.0,1.0,0.005,1.0,1.0,0.0,0.0,0.0,0.0,0.0,0.0,0.0,7.4043869972229,58.643639087677,0.4609375111758709,0.06507851695641875,1.0707576721906662,0.05477561056613922,0.7041191309690475,3.319744735956192,12.815296649932861,0.6609846577048302,297.2311363220215,0.004174396861344576,0.31037561683383263,459.42088328740914,0.2073540985013309,-0.38085446151001334,-459.21352918890784,-6.271113364500715,-2.5951264059654333,0.6988474801182747,1.0,1.2610737898377522e-08,0.2073540985584259,-0.1993587459437549,-0.44680329225957394,-0.1429985836148262,0.2231858465820551,-0.01583174802362919,-0.1964150513522327,-0.002943694591522217,-0.4546947292983532,0.007891437038779259,-0.14683324098587036,0.003834657371044159,0.007891437038779259,18.0,True
reverse_flow_charge,"{""scenario_id"": 20.0}",31,instant_slow_stagger_1h,"{""policy_id"": 31.0}",validation,8,30.314823150634766,0.0,0.1,4,delay_13,False,False,transformer_export_peak_kw;transformer_draw_peak_kw;max_ramp_kw;curtailed_share;tenant_cost_delta_vs_fair_leg_chf_per_load_kwh;pv_only_cost_delta_vs_fair_leg_chf_per_load_kwh;pv_battery_cost_delta_vs_fair_leg_chf_per_load_kwh;large_flex_cost_delta_vs_fair_leg_chf_per_load_kwh,1.0,11.0,1.0,0.5,0.0,17.0,1000.0,0.0,10.0,1.0,0.005,1.0,1.0,0.0,0.0,0.0,0.0,0.0,0.0,0.0,7.973611354827881,58.36606025695801,0.4603794738650322,0.06561028538271785,1.0697836428880692,0.0575559982098639,0.7136711180210114,3.2468832433223724,7.850706577301025,0.7602918967604637,297.96484184265137,0.0030184937440935755,0.3035961656659809,411.2918586385281,0.11463995425729195,-0.35685777645999917,-411.1772186842708,-3.212592767067878,-2.15032692157126,0.6758133172988892,1.0,1.324178278139243e-08,0.1146399537101388,-0.18816860747756436,-0.4025213047862053,-0.13074541464447975,0.2231858465820551,-0.1085458928719163,-0.1964150513522327,0.00824644387466833,-0.4546947292983532,0.0521734245121479,-0.14683324098587036,0.01608782634139061,0.0521734245121479,20.0,True
reverse_flow_charge,"{""scenario_id"": 20.0}",4,delay_13,"{""policy_id"": 4.0}",validation,8,30.31264877319336,0.00217437744140625,0.1,4,delay_13,False,False,transformer_export_peak_kw;transformer_draw_peak_kw;max_ramp_kw;curtailed_share;tenant_cost_delta_vs_fair_leg_chf_per_load_kwh;pv_only_cost_delta_vs_fair_leg_chf_per_load_kwh;pv_battery_cost_delta_vs_fair_leg_chf_per_load_kwh;large_flex_cost_delta_vs_fair_leg_chf_per_load_kwh,1.0,13.0,0.0,1.0,0.0,17.0,1000.0,0.0,0.0,1.0,0.005,1.0,1.0,0.0,0.0,0.0,0.0,0.0,0.0,0.0,9.377837181091309,63.93289613723755,0.4596354179084301,0.07081815367564559,1.0800153762102127,0.06520206714048982,0.7637733221054077,3.519452780485153,10.187506675720215,0.7172819897532463,297.9040222167969,0.0023024828513484863,0.292871624516459,21525381.285503924,0.11295355285120866,-0.3594693353922651,-21525381.17255037,-1.778803996724481,-1.8041582070857647,0.6393399015069008,1.0,1.3602866388850998e-08,0.11295355297625065,-0.1895753518329002,-0.403636010363698,-0.12903716322034597,0.2231858465820551,-0.11023229360580444,-0.1964150513522327,0.006839699519332498,-0.4546947292983532,0.05105871893465519,-0.14683324098587036,0.017796077765524387,0.05105871893465519,20.0,True
reverse_flow_charge,"{""scenario_id"": 20.0}",6,stagger_11_2h,"{""policy_id"": 6.0}",validation,8,30.28947639465332,0.025346755981445312,0.1,4,delay_13,False,False,transformer_export_peak_kw;transformer_draw_peak_kw;max_ramp_kw;curtailed_share;tenant_cost_delta_vs_fair_leg_chf_per_load_kwh;pv_only_cost_delta_vs_fair_leg_chf_per_load_kwh;pv_battery_cost_delta_vs_fair_leg_chf_per_load_kwh;large_flex_cost_delta_vs_fair_leg_chf_per_load_kwh,1.0,11.0,2.0,1.0,0.0,17.0,1000.0,0.0,0.0,1.0,0.005,1.0,1.0,0.0,0.0,0.0,0.0,0.0,0.0,0.0,8.262276649475098,61.499595165252686,0.460007444024086,0.0667214635759592,1.0736812949180603,0.05728187598288059,0.7336159721016884,3.431496798992157,9.577751159667969,0.6486298143863678,297.59259033203125,0.0031608147437509615,0.3034372609290172,21498867.67615292,0.11462208905031054,-0.35692937139715497,-21498867.56153083,-3.231019940784277,-2.1221980612868965,0.6746954992413521,1.0,1.3510677354666711e-08,0.11462208814918995,-0.18820118420990184,-0.4022640101611614,-0.13045046851038933,0.2231858465820551,-0.10856375843286514,-0.1964150513522327,0.008213867142330855,-0.4546947292983532,0.05243071913719177,-0.14683324098587036,0.016382772475481033,0.05243071913719177,20.0,True
reverse_flow_charge,"{""scenario_id"": 20.0}",28,instant_stagger_2h_10,"{""policy_id"": 28.0}",validation,8,30.281421661376953,0.0334014892578125,0.1,4,delay_13,False,False,transformer_export_peak_kw;transformer_draw_peak_kw;max_ramp_kw;curtailed_share;tenant_cost_delta_vs_fair_leg_chf_per_load_kwh;pv_only_cost_delta_vs_fair_leg_chf_per_load_kwh;pv_battery_cost_delta_vs_fair_leg_chf_per_load_kwh;large_flex_cost_delta_vs_fair_leg_chf_per_load_kwh,1.0,11.0,2.0,1.0,0.0,17.0,1000.0,0.0,10.0,1.0,0.005,1.0,1.0,0.0,0.0,0.0,0.0,0.0,0.0,0.0,7.4043869972229,58.643639087677,0.4609375111758709,0.06507851695641875,1.0707576721906662,0.05477561056613922,0.7041191309690475,3.319744735956192,12.815296649932861,0.6609846577048302,297.2311477661133,0.004174396861344576,0.31037561683383263,412.0335232378046,0.11576588728652268,-0.35532222134875135,-411.91775735051806,-5.734746806678193,-2.358472398763339,0.6988474801182747,1.0,1.2610737898377522e-08,0.1157658863812685,-0.18733096972573549,-0.40137310326099396,-0.13118554558604956,0.2231858465820551,-0.10741996020078659,-0.1964150513522327,0.009084081626497209,-0.4546947292983532,0.05332162603735924,-0.14683324098587036,0.015647695399820805,0.05332162603735924,20.0,True
reverse_flow_charge,"{""scenario_id"": 20.0}",5,stagger_11_1h,"{""policy_id"": 5.0}",validation,8,30.279340744018555,0.03548240661621094,0.1,4,delay_13,False,False,transformer_export_peak_kw;transformer_draw_peak_kw;max_ramp_kw;curtailed_share;tenant_cost_delta_vs_fair_leg_chf_per_load_kwh;pv_only_cost_delta_vs_fair_leg_chf_per_load_kwh;pv_battery_cost_delta_vs_fair_leg_chf_per_load_kwh;large_flex_cost_delta_vs_fair_leg_chf_per_load_kwh,1.0,11.0,1.0,1.0,0.0,17.0,1000.0,0.0,0.0,1.0,0.005,1.0,1.0,0.0,0.0,0.0,0.0,0.0,0.0,0.0,7.688343524932861,60.380101680755615,0.4603794738650322,0.06584421545267105,1.0721373707056046,0.0560972741805017,0.7210002988576889,3.3856402039527893,13.226926326751709,0.6966892257332802,297.2933006286621,0.003794290456426097,0.3071623829524064,36542109.951128416,0.11525019902875305,-0.35604583380908095,-36542109.83587822,-3.7101771918409567,-2.238111427549395,0.6869873255491257,1.0,1.367816682140699e-08,0.11525019817054272,-0.18772236909717321,-0.4018242936581373,-0.13070308975875378,0.2231858465820551,-0.10793564841151237,-0.1964150513522327,0.00869268225505948,-0.4546947292983532,0.052870435640215874,-0.14683324098587036,0.016130151227116585,0.052870435640215874,20.0,True
reverse_flow_charge,"{""scenario_id"": 20.0}",29,instant_stagger_1h_10_ref101,"{""policy_id"": 29.0}",validation,8,30.260894775390625,0.053928375244140625,0.1,4,delay_13,False,False,transformer_export_peak_kw;transformer_draw_peak_kw;max_ramp_kw;curtailed_share;tenant_cost_delta_vs_fair_leg_chf_per_load_kwh;pv_only_cost_delta_vs_fair_leg_chf_per_load_kwh;pv_battery_cost_delta_vs_fair_leg_chf_per_load_kwh;large_flex_cost_delta_vs_fair_leg_chf_per_load_kwh,1.0,11.0,1.0,1.0,0.0,17.0,1000.0,0.0,10.0,1.01,0.005,1.0,1.0,0.0,0.0,0.0,0.0,0.0,0.0,0.0,7.484078407287598,58.74466896057129,0.4607514999806881,0.06477066595107317,1.0704415291547775,0.05454064719378948,0.7024675831198692,3.326879620552063,12.720763683319092,0.69414222240448,296.78531646728516,0.004817308399651665,0.3116124824558113,8335.26810044805,0.11603173662874816,-0.3549401299417778,-8335.15206871142,-5.921149718036618,-2.3890857811619775,0.7024975493550301,1.0,1.2822837680559473e-08,0.11603173706680536,-0.18712241627508774,-0.4008435755968094,-0.1311208652332425,0.2231858465820551,-0.10715410951524973,-0.1964150513522327,0.00929263507714495,-0.4546947292983532,0.05385115370154381,-0.14683324098587036,0.01571237575262785,0.05385115370154381,20.0,True
reverse_flow_charge,"{""scenario_id"": 20.0}",26,instant_stagger_1h_10,"{""policy_id"": 26.0}",validation,8,30.244007110595703,0.0708160400390625,0.1,4,delay_13,False,False,transformer_export_peak_kw;transformer_draw_peak_kw;max_ramp_kw;curtailed_share;tenant_cost_delta_vs_fair_leg_chf_per_load_kwh;pv_only_cost_delta_vs_fair_leg_chf_per_load_kwh;pv_battery_cost_delta_vs_fair_leg_chf_per_load_kwh;large_flex_cost_delta_vs_fair_leg_chf_per_load_kwh,1.0,11.0,1.0,1.0,0.0,17.0,1000.0,0.0,10.0,1.0,0.005,1.0,1.0,0.0,0.0,0.0,0.0,0.0,0.0,0.0,7.400095462799072,58.960318088531494,0.4611235223710537,0.06475628213956952,1.070232704281807,0.05435463646426797,0.7024599388241768,3.346191853284836,13.07767629623413,0.6923825144767761,296.4783363342285,0.0051213028928032145,0.31258793075858493,411.27382405092465,0.11620945098666483,-0.3547338667328427,-411.15761459993803,-6.464219687391928,-2.408465600098326,0.705148346722126,1.0,1.2866955279022818e-08,0.11620945017784834,-0.18701003538444638,-0.4003874883055687,-0.1311200764030218,0.2231858465820551,-0.10697639640420675,-0.1964150513522327,0.009405015967786312,-0.4546947292983532,0.0543072409927845,-0.14683324098587036,0.01571316458284855,0.0543072409927845,20.0,True
staggered_class_tou,"{""scenario_id"": 17.0}",4,delay_13,"{""policy_id"": 4.0}",validation,8,31.61111831665039,0.0,0.1,4,delay_13,False,False,transformer_export_peak_kw;transformer_draw_peak_kw;max_ramp_kw;curtailed_share;tenant_cost_delta_vs_fair_leg_chf_per_load_kwh;pv_only_cost_delta_vs_fair_leg_chf_per_load_kwh;pv_battery_cost_delta_vs_fair_leg_chf_per_load_kwh;large_flex_cost_delta_vs_fair_leg_chf_per_load_kwh,1.0,13.0,0.0,1.0,0.0,17.0,1000.0,0.0,0.0,1.0,0.005,1.0,1.0,0.0,0.0,0.0,0.0,0.0,0.0,0.0,9.377837181091309,63.93289613723755,0.4596354179084301,0.07081815367564559,1.0800153762102127,0.06520206714048982,0.7637733221054077,3.519452780485153,10.187506675720215,0.7172819897532463,297.9040126800537,0.0023024828513484863,0.292871624516459,22297754.21728258,0.15236523466545535,-0.3431529825963586,-22297754.06491735,-1.920924714184328,-1.8821054148922212,0.6393399015069008,1.0,1.3602866388850998e-08,0.15236523374915123,-0.18015229073353112,-0.41948554292321205,-0.13914030510932207,0.2231858465820551,-0.07082061283290386,-0.1964150513522327,0.016262760618701577,-0.4546947292983532,0.035209186375141144,-0.14683324098587036,0.00769293587654829,0.035209186375141144,17.0,True
staggered_class_tou,"{""scenario_id"": 17.0}",6,stagger_11_2h,"{""policy_id"": 6.0}",validation,8,31.589082717895508,0.022035598754882812,0.1,4,delay_13,False,False,transformer_export_peak_kw;transformer_draw_peak_kw;max_ramp_kw;curtailed_share;tenant_cost_delta_vs_fair_leg_chf_per_load_kwh;pv_only_cost_delta_vs_fair_leg_chf_per_load_kwh;pv_battery_cost_delta_vs_fair_leg_chf_per_load_kwh;large_flex_cost_delta_vs_fair_leg_chf_per_load_kwh,1.0,11.0,2.0,1.0,0.0,17.0,1000.0,0.0,0.0,1.0,0.005,1.0,1.0,0.0,0.0,0.0,0.0,0.0,0.0,0.0,8.262276649475098,61.499595165252686,0.460007444024086,0.0667214635759592,1.0736812949180603,0.05728187598288059,0.7336159721016884,3.431496798992157,9.577751159667969,0.6486298143863678,297.5926036834717,0.0031608147437509615,0.3034372609290172,22429197.448701303,0.15357349434964956,-0.34101635905511807,-22429197.295127813,-3.4545405237350213,-2.2127466628905084,0.6746954992413521,1.0,1.3510677354666711e-08,0.15357349440455437,-0.17900614300742745,-0.4189454074949026,-0.13980822544544935,0.2231858465820551,-0.06961235217750072,-0.1964150513522327,0.01740890834480524,-0.4546947292983532,0.035749321803450584,-0.14683324098587036,0.007025015540421009,0.035749321803450584,17.0,True
staggered_class_tou,"{""scenario_id"": 17.0}",5,stagger_11_1h,"{""policy_id"": 5.0}",validation,8,31.552234649658203,0.0588836669921875,0.1,4,delay_13,False,False,transformer_export_peak_kw;transformer_draw_peak_kw;max_ramp_kw;curtailed_share;tenant_cost_delta_vs_fair_leg_chf_per_load_kwh;pv_only_cost_delta_vs_fair_leg_chf_per_load_kwh;pv_battery_cost_delta_vs_fair_leg_chf_per_load_kwh;large_flex_cost_delta_vs_fair_leg_chf_per_load_kwh,1.0,11.0,1.0,1.0,0.0,17.0,1000.0,0.0,0.0,1.0,0.005,1.0,1.0,0.0,0.0,0.0,0.0,0.0,0.0,0.0,7.688343524932861,60.380101680755615,0.4603794738650322,0.06584421545267105,1.0721373707056046,0.0560972741805017,0.7210002988576889,3.3856402039527893,13.226926326751709,0.6966892257332802,297.2932872772217,0.003794290456426097,0.3071623829524064,37913204.03261672,0.1534084847554419,-0.3418254419857035,-37913203.87920824,-3.955458436379026,-2.331818523352465,0.6869873255491257,1.0,1.367816682140699e-08,0.15340848453342915,-0.1794511426705867,-0.4185490794479847,-0.13949656952172518,0.2231858465820551,-0.06977736204862595,-0.1964150513522327,0.01696390868164599,-0.4546947292983532,0.0361456498503685,-0.14683324098587036,0.0073366714641451836,0.0361456498503685,17.0,True
stress_bidirectional,"{""scenario_id"": 4.0}",23,instant_10,"{""policy_id"": 23.0}",validation,8,25.719457626342773,0.0,0.1,4,delay_13,False,False,transformer_export_peak_kw;transformer_draw_peak_kw;max_ramp_kw;curtailed_share;tenant_cost_delta_vs_fair_leg_chf_per_load_kwh;pv_only_cost_delta_vs_fair_leg_chf_per_load_kwh;pv_battery_cost_delta_vs_fair_leg_chf_per_load_kwh;large_flex_cost_delta_vs_fair_leg_chf_per_load_kwh,1.0,11.0,0.0,1.0,0.0,17.0,1000.0,0.0,10.0,1.0,0.005,1.0,1.0,0.0,0.0,0.0,0.0,0.0,0.0,0.0,7.385849952697754,59.95202016830444,0.4611235223710537,0.06443556491285563,1.0701498240232468,0.05358121846802533,0.7133114188909531,3.437301367521286,14.12057876586914,0.7012583687901497,295.42131996154785,0.006580701476195827,0.31465322227074777,315.8279426646245,0.009023099643360104,-0.34271268291311496,-315.8189195649811,-5.427112094305621,-2.1136092350820963,0.7100849598646164,1.0,1.2527815007601362e-08,0.009023100195918232,-0.18199774669483304,-0.35123406164348125,-0.11174987070262432,0.2231858465820551,-0.21416274638613686,-0.1964150513522327,0.014417304657399654,-0.4546947292983532,0.10346066765487194,-0.14683324098587036,0.03508337028324604,0.10346066765487194,4.0,True
stress_bidirectional,"{""scenario_id"": 4.0}",22,instant_5,"{""policy_id"": 22.0}",validation,8,25.689109802246094,0.030347824096679688,0.1,4,delay_13,False,False,transformer_export_peak_kw;transformer_draw_peak_kw;max_ramp_kw;curtailed_share;tenant_cost_delta_vs_fair_leg_chf_per_load_kwh;pv_only_cost_delta_vs_fair_leg_chf_per_load_kwh;pv_battery_cost_delta_vs_fair_leg_chf_per_load_kwh;large_flex_cost_delta_vs_fair_leg_chf_per_load_kwh,1.0,11.0,0.0,1.0,0.0,17.0,1000.0,0.0,5.0,1.0,0.005,1.0,1.0,0.0,0.0,0.0,0.0,0.0,0.0,0.0,7.405757904052734,59.58932590484619,0.4601934626698494,0.0647135772742331,1.0705191045999527,0.05434484640136361,0.7058500424027443,3.3980832695961,13.838231086730957,0.7053150981664658,295.9701957702637,0.005831282411236316,0.3128325372191501,498.43501323807476,0.007067205339191605,-0.3454450010964501,-498.42794603273563,-4.162581427065479,-2.0635977343507848,0.7045670226216316,1.0,1.2607684340970593e-08,0.007067204627674073,-0.18347774643916637,-0.3522647228091955,-0.11066583637148142,0.2231858465820551,-0.21611864195438102,-0.1964150513522327,0.012937304913066328,-0.4546947292983532,0.10243000648915768,-0.14683324098587036,0.03616740461438894,0.10243000648915768,4.0,True
stress_bidirectional,"{""scenario_id"": 4.0}",29,instant_stagger_1h_10_ref101,"{""policy_id"": 29.0}",validation,8,25.677391052246094,0.04206657409667969,0.1,4,delay_13,False,False,transformer_export_peak_kw;transformer_draw_peak_kw;max_ramp_kw;curtailed_share;tenant_cost_delta_vs_fair_leg_chf_per_load_kwh;pv_only_cost_delta_vs_fair_leg_chf_per_load_kwh;pv_battery_cost_delta_vs_fair_leg_chf_per_load_kwh;large_flex_cost_delta_vs_fair_leg_chf_per_load_kwh,1.0,11.0,1.0,1.0,0.0,17.0,1000.0,0.0,10.0,1.01,0.005,1.0,1.0,0.0,0.0,0.0,0.0,0.0,0.0,0.0,7.484078407287598,58.74466896057129,0.4607514999806881,0.06477066595107317,1.0704415291547775,0.05454064719378948,0.7024675831198692,3.326879620552063,12.720763683319092,0.69414222240448,296.78532218933105,0.004817308399651665,0.3116124824558113,6254.5763752069615,0.00622083956927268,-0.3423586092276326,-6254.570154367392,-4.844224052462421,-2.0602372911761346,0.7024975493550301,1.0,1.2822837680559473e-08,0.006220837705768645,-0.1818761377944611,-0.35337948240339756,-0.11092258524149656,0.2231858465820551,-0.21696500887628645,-0.1964150513522327,0.014538913557771593,-0.4546947292983532,0.10131524689495564,-0.14683324098587036,0.0359106557443738,0.10131524689495564,4.0,True
stress_bidirectional,"{""scenario_id"": 4.0}",3,delay_11,"{""policy_id"": 3.0}",validation,8,25.652263641357422,0.06719398498535156,0.1,4,delay_13,False,False,transformer_export_peak_kw;transformer_draw_peak_kw;max_ramp_kw;curtailed_share;tenant_cost_delta_vs_fair_leg_chf_per_load_kwh;pv_only_cost_delta_vs_fair_leg_chf_per_load_kwh;pv_battery_cost_delta_vs_fair_leg_chf_per_load_kwh;large_flex_cost_delta_vs_fair_leg_chf_per_load_kwh,1.0,11.0,0.0,1.0,0.0,17.0,1000.0,0.0,0.0,1.0,0.005,1.0,1.0,0.0,0.0,0.0,0.0,0.0,0.0,0.0,7.594048976898193,59.298158168792725,0.4603794738650322,0.06519872276112437,1.0712036192417145,0.05497141252271831,0.7037639692425728,3.348622888326645,13.635993003845215,0.7111844792962074,296.4256534576416,0.005021935299737379,0.3103008944216147,29663014.213686433,0.004289972944673842,-0.3493135107607053,-29663014.209396463,-3.2381556635597075,-1.9870087822123705,0.6959897801280022,1.0,1.3634742335177918e-08,0.004289972159313038,-0.1855802071513608,-0.3530235383659601,-0.10915010701864958,0.2231858465820551,-0.21889587442274205,-0.1964150513522327,0.010834844200871885,-0.4546947292983532,0.10167119093239307,-0.14683324098587036,0.03768313396722078,0.10167119093239307,4.0,True
stress_bidirectional,"{""scenario_id"": 4.0}",24,instant_25,"{""policy_id"": 24.0}",validation,8,25.651485443115234,0.06797218322753906,0.1,4,delay_13,False,False,transformer_export_peak_kw;transformer_draw_peak_kw;max_ramp_kw;curtailed_share;tenant_cost_delta_vs_fair_leg_chf_per_load_kwh;pv_only_cost_delta_vs_fair_leg_chf_per_load_kwh;pv_battery_cost_delta_vs_fair_leg_chf_per_load_kwh;large_flex_cost_delta_vs_fair_leg_chf_per_load_kwh,1.0,11.0,0.0,1.0,0.0,17.0,1000.0,0.0,25.0,1.0,0.005,1.0,1.0,0.0,0.0,0.0,0.0,0.0,0.0,0.0,7.240533828735352,60.78958559036255,0.4601934552192688,0.06469057966023684,1.0706420093774796,0.05358121800236404,0.7212095409631729,3.5198552906513214,14.61571455001831,0.6812195032835007,294.2867031097412,0.008008041186258197,0.3172389518935975,196.1417731819199,0.009012572458742516,-0.3418367694347605,-196.13276060946114,-5.228732122715767,-2.153286601915827,0.7162417992949486,1.0,1.2078206879095887e-08,0.009012573485961184,-0.18155647319508716,-0.3473486006259918,-0.11271008383482695,0.2231858465820551,-0.2141732730960939,-0.1964150513522327,0.01485857815714553,-0.4546947292983532,0.10734612867236137,-0.14683324098587036,0.034123157151043415,0.10734612867236137,4.0,True
stress_bidirectional,"{""scenario_id"": 4.0}",26,instant_stagger_1h_10,"{""policy_id"": 26.0}",validation,8,25.64678192138672,0.07267570495605469,0.1,4,delay_13,False,False,transformer_export_peak_kw;transformer_draw_peak_kw;max_ramp_kw;curtailed_share;tenant_cost_delta_vs_fair_leg_chf_per_load_kwh;pv_only_cost_delta_vs_fair_leg_chf_per_load_kwh;pv_battery_cost_delta_vs_fair_leg_chf_per_load_kwh;large_flex_cost_delta_vs_fair_leg_chf_per_load_kwh,1.0,11.0,1.0,1.0,0.0,17.0,1000.0,0.0,10.0,1.0,0.005,1.0,1.0,0.0,0.0,0.0,0.0,0.0,0.0,0.0,7.400095462799072,58.960318088531494,0.4611235223710537,0.06475628213956952,1.070232704281807,0.05435463646426797,0.7024599388241768,3.346191853284836,13.07767629623413,0.6923825144767761,296.47833824157715,0.0051213028928032145,0.31258793075858493,316.2132601646564,0.005951897182067761,-0.34073241029540313,-316.2073082674744,-5.332940123679492,-2.075770286086249,0.705148346722126,1.0,1.2866955279022818e-08,0.0059518974157981575,-0.18101641268003732,-0.3521395083516836,-0.11131304036825895,0.2231858465820551,-0.21723394916625693,-0.1964150513522327,0.015398638672195375,-0.4546947292983532,0.10255522094666958,-0.14683324098587036,0.03552020061761141,0.10255522094666958,4.0,True
stress_bidirectional,"{""scenario_id"": 4.0}",25,instant_stagger_1h_5,"{""policy_id"": 25.0}",validation,8,25.645483016967773,0.073974609375,0.1,4,delay_13,False,False,transformer_export_peak_kw;transformer_draw_peak_kw;max_ramp_kw;curtailed_share;tenant_cost_delta_vs_fair_leg_chf_per_load_kwh;pv_only_cost_delta_vs_fair_leg_chf_per_load_kwh;pv_battery_cost_delta_vs_fair_leg_chf_per_load_kwh;large_flex_cost_delta_vs_fair_leg_chf_per_load_kwh,1.0,11.0,1.0,1.0,0.0,17.0,1000.0,0.0,5.0,1.0,0.005,1.0,1.0,0.0,0.0,0.0,0.0,0.0,0.0,0.0,7.515251636505127,59.13919258117676,0.4601934626698494,0.06515346886590123,1.0710985213518143,0.054432956501841545,0.7066693007946014,3.3388316333293915,13.067245483398438,0.6942074596881866,296.94793128967285,0.0044329121155897155,0.3102620654308439,500.6354827772204,0.0041949739999826985,-0.34548121827057676,-500.63128780322035,-3.753227415018081,-2.0081445764763286,0.6973951682448387,1.0,1.2711041996738004e-08,0.004194973676931113,-0.18357048649340868,-0.3535983804613352,-0.10977663192898035,0.2231858465820551,-0.21899087290512398,-0.1964150513522327,0.012844564858824015,-0.4546947292983532,0.10109634883701801,-0.14683324098587036,0.03705660905689001,0.10109634883701801,4.0,True
stress_bidirectional,"{""scenario_id"": 4.0}",5,stagger_11_1h,"{""policy_id"": 5.0}",validation,8,25.64375877380371,0.0756988525390625,0.1,4,delay_13,False,False,transformer_export_peak_kw;transformer_draw_peak_kw;max_ramp_kw;curtailed_share;tenant_cost_delta_vs_fair_leg_chf_per_load_kwh;pv_only_cost_delta_vs_fair_leg_chf_per_load_kwh;pv_battery_cost_delta_vs_fair_leg_chf_per_load_kwh;large_flex_cost_delta_vs_fair_leg_chf_per_load_kwh,1.0,11.0,1.0,1.0,0.0,17.0,1000.0,0.0,0.0,1.0,0.005,1.0,1.0,0.0,0.0,0.0,0.0,0.0,0.0,0.0,7.688343524932861,60.380101680755615,0.4603794738650322,0.06584421545267105,1.0721373707056046,0.0560972741805017,0.7210002988576889,3.3856402039527893,13.226926326751709,0.6966892257332802,297.29332160949707,0.003794290456426097,0.3071623829524064,29915115.365284745,0.0013637714136997617,-0.35166955819859397,-29915115.363920975,-2.9053837150221318,-1.921424338139186,0.6869873255491257,1.0,1.367816682140699e-08,0.0013637715601362288,-0.18689603335224092,-0.35476143658161163,-0.10764892399311066,0.2231858465820551,-0.22182207502191886,-0.1964150513522327,0.009519017999991775,-0.4546947292983532,0.09993329271674156,-0.14683324098587036,0.039184316992759705,0.09993329271674156,4.0,True
stress_class_neutral,"{""scenario_id"": 25.0}",4,delay_13,"{""policy_id"": 4.0}",validation,8,33.94131851196289,0.0,0.1,4,delay_13,False,False,transformer_export_peak_kw;transformer_draw_peak_kw;max_ramp_kw;curtailed_share;tenant_cost_delta_vs_fair_leg_chf_per_load_kwh;pv_only_cost_delta_vs_fair_leg_chf_per_load_kwh;pv_battery_cost_delta_vs_fair_leg_chf_per_load_kwh;large_flex_cost_delta_vs_fair_leg_chf_per_load_kwh,1.0,13.0,0.0,1.0,0.0,17.0,1000.0,0.0,0.0,1.0,0.005,1.0,1.0,0.0,0.0,0.0,0.0,0.0,0.0,0.0,9.377837181091309,63.93289613723755,0.4596354179084301,0.07081815367564559,1.0800153762102127,0.06520206714048982,0.7637733221054077,3.519452780485153,10.187506675720215,0.7172819897532463,297.90400886535645,0.0023024828513484863,0.292871624516459,23221409.412043173,0.22318584582645756,-0.5577559629529513,-23221409.188857332,-1.775053070360657,-2.021239616797352,0.6393399015069008,1.0,1.3602866388850998e-08,0.2231858465820551,-0.29880512598901987,-0.44572944194078445,-0.1325697349384427,0.2231858465820551,0.0,-0.1964150513522327,-0.10239007463678718,-0.4546947292983532,0.00896528735756874,-0.14683324098587036,0.014263506047427654,0.014263506047427654,25.0,True
stress_class_neutral,"{""scenario_id"": 25.0}",7,slow_stagger,"{""policy_id"": 7.0}",validation,8,33.9044075012207,0.0369110107421875,0.1,4,delay_13,False,False,transformer_export_peak_kw;transformer_draw_peak_kw;max_ramp_kw;curtailed_share;tenant_cost_delta_vs_fair_leg_chf_per_load_kwh;pv_only_cost_delta_vs_fair_leg_chf_per_load_kwh;pv_battery_cost_delta_vs_fair_leg_chf_per_load_kwh;large_flex_cost_delta_vs_fair_leg_chf_per_load_kwh,1.0,11.0,2.0,0.5,0.0,17.0,1000.0,0.0,0.0,1.0,0.005,1.0,1.0,0.0,0.0,0.0,0.0,0.0,0.0,0.0,10.032296180725098,62.462448596954346,0.4585193507373333,0.06963598821312189,1.0769278556108475,0.06473214272409678,0.7523927018046379,3.323030650615692,5.9105753898620605,0.7398773357272148,296.9982376098633,0.0023397648547368345,0.27924034552801413,22903222.396542817,0.22320206482639737,-0.5427879981369912,-22903222.173340753,-1.1008590491539287,-1.6278866486826868,0.5919906571507454,1.0,1.3733862713749545e-08,0.22320206463336945,-0.29070018604397774,-0.44361885264515877,-0.13434687536209822,0.2231858465820551,1.6218051314353943e-05,-0.1964150513522327,-0.09428513469174504,-0.4546947292983532,0.011075876653194427,-0.14683324098587036,0.012486365623772144,0.012486365623772144,25.0,True
stress_class_neutral,"{""scenario_id"": 25.0}",31,instant_slow_stagger_1h,"{""policy_id"": 31.0}",validation,8,33.90327072143555,0.03804779052734375,0.1,4,delay_13,False,False,transformer_export_peak_kw;transformer_draw_peak_kw;max_ramp_kw;curtailed_share;tenant_cost_delta_vs_fair_leg_chf_per_load_kwh;pv_only_cost_delta_vs_fair_leg_chf_per_load_kwh;pv_battery_cost_delta_vs_fair_leg_chf_per_load_kwh;large_flex_cost_delta_vs_fair_leg_chf_per_load_kwh,1.0,11.0,1.0,0.5,0.0,17.0,1000.0,0.0,10.0,1.0,0.005,1.0,1.0,0.0,0.0,0.0,0.0,0.0,0.0,0.0,7.973611354827881,58.36606025695801,0.4603794738650322,0.06561028538271785,1.0697836428880692,0.0575559982098639,0.7136711180210114,3.2468832433223724,7.850706577301025,0.7602918967604637,297.96482849121094,0.0030184937440935755,0.3035961656659809,435.31971880191514,0.22317531461766776,-0.5029741909426573,-435.09654348729754,-3.363956765937432,-2.404903111349356,0.6758133172988892,1.0,1.324178278139243e-08,0.2231753133237362,-0.26903216913342476,-0.43649544194340706,-0.143672788515687,0.2231858465820551,-1.0533258318901062e-05,-0.1964150513522327,-0.07261711778119206,-0.4546947292983532,0.018199287354946136,-0.14683324098587036,0.0031604524701833725,0.018199287354946136,25.0,True
stress_class_neutral,"{""scenario_id"": 25.0}",6,stagger_11_2h,"{""policy_id"": 6.0}",validation,8,33.880615234375,0.060703277587890625,0.1,4,delay_13,False,False,transformer_export_peak_kw;transformer_draw_peak_kw;max_ramp_kw;curtailed_share;tenant_cost_delta_vs_fair_leg_chf_per_load_kwh;pv_only_cost_delta_vs_fair_leg_chf_per_load_kwh;pv_battery_cost_delta_vs_fair_leg_chf_per_load_kwh;large_flex_cost_delta_vs_fair_leg_chf_per_load_kwh,1.0,11.0,2.0,1.0,0.0,17.0,1000.0,0.0,0.0,1.0,0.005,1.0,1.0,0.0,0.0,0.0,0.0,0.0,0.0,0.0,8.262276649475098,61.499595165252686,0.460007444024086,0.0667214635759592,1.0736812949180603,0.05728187598288059,0.7336159721016884,3.431496798992157,9.577751159667969,0.6486298143863678,297.592565536499,0.0031608147437509615,0.3034372609290172,22771042.701043393,0.22317254879715565,-0.5209657314656904,-22771042.477870848,-3.339600632635339,-2.373876547195622,0.6746954992413521,1.0,1.3510677354666711e-08,0.22317254915833473,-0.2786458535119891,-0.4400617778301239,-0.13932997919619083,0.2231858465820551,-1.3297423720359802e-05,-0.1964150513522327,-0.08223080215975642,-0.4546947292983532,0.014632951468229294,-0.14683324098587036,0.007503261789679527,0.014632951468229294,25.0,True
stress_class_neutral,"{""scenario_id"": 25.0}",5,stagger_11_1h,"{""policy_id"": 5.0}",validation,8,33.85593795776367,0.08538055419921875,0.1,4,delay_13,False,False,transformer_export_peak_kw;transformer_draw_peak_kw;max_ramp_kw;curtailed_share;tenant_cost_delta_vs_fair_leg_chf_per_load_kwh;pv_only_cost_delta_vs_fair_leg_chf_per_load_kwh;pv_battery_cost_delta_vs_fair_leg_chf_per_load_kwh;large_flex_cost_delta_vs_fair_leg_chf_per_load_kwh,1.0,11.0,1.0,1.0,0.0,17.0,1000.0,0.0,0.0,1.0,0.005,1.0,1.0,0.0,0.0,0.0,0.0,0.0,0.0,0.0,7.688343524932861,60.380101680755615,0.4603794738650322,0.06584421545267105,1.0721373707056046,0.0560972741805017,0.7210002988576889,3.3856402039527893,13.226926326751709,0.6966892257332802,297.2932815551758,0.003794290456426097,0.3071623829524064,40021412.99104218,0.22316958873742687,-0.514887786280244,-40021412.767872594,-3.8651275089724138,-2.5023672073941134,0.6869873255491257,1.0,1.367816682140699e-08,0.22316958755254745,-0.2752677998505533,-0.43774959444999695,-0.14092165231704712,0.2231858465820551,-1.6259029507637024e-05,-0.1964150513522327,-0.07885274849832058,-0.4546947292983532,0.016945134848356247,-0.14683324098587036,0.005911588668823242,0.016945134848356247,25.0,True
stress_class_neutral,"{""scenario_id"": 25.0}",28,instant_stagger_2h_10,"{""policy_id"": 28.0}",validation,8,33.847076416015625,0.09424209594726562,0.1,4,delay_13,False,False,transformer_export_peak_kw;transformer_draw_peak_kw;max_ramp_kw;curtailed_share;tenant_cost_delta_vs_fair_leg_chf_per_load_kwh;pv_only_cost_delta_vs_fair_leg_chf_per_load_kwh;pv_battery_cost_delta_vs_fair_leg_chf_per_load_kwh;large_flex_cost_delta_vs_fair_leg_chf_per_load_kwh,1.0,11.0,2.0,1.0,0.0,17.0,1000.0,0.0,10.0,1.0,0.005,1.0,1.0,0.0,0.0,0.0,0.0,0.0,0.0,0.0,7.4043869972229,58.643639087677,0.4609375111758709,0.06507851695641875,1.0707576721906662,0.05477561056613922,0.7041191309690475,3.319744735956192,12.815296649932861,0.6609846577048302,297.23110580444336,0.004174396861344576,0.31037561683383263,436.5867120939319,0.22316746008989133,-0.5005529641914397,-436.3635446338419,-6.099803915220085,-2.6357974790698493,0.6988474801182747,1.0,1.2610737898377522e-08,0.22316746227443218,-0.2675683721899986,-0.435959130525589,-0.14335674233734608,0.2231858465820551,-1.8384307622909546e-05,-0.1964150513522327,-0.07115332083776593,-0.4546947292983532,0.018735598772764206,-0.14683324098587036,0.0034764986485242844,0.018735598772764206,25.0,True
stress_export_biting,"{""scenario_id"": 3.0}",12,cap_2,"{""policy_id"": 12.0}",validation,8,14.155214309692383,0.0,0.1,4,delay_13,False,False,transformer_export_peak_kw;transformer_draw_peak_kw;max_ramp_kw;curtailed_share;tenant_cost_delta_vs_fair_leg_chf_per_load_kwh;pv_only_cost_delta_vs_fair_leg_chf_per_load_kwh;pv_battery_cost_delta_vs_fair_leg_chf_per_load_kwh;large_flex_cost_delta_vs_fair_leg_chf_per_load_kwh,1.0,11.0,0.0,1.0,0.0,17.0,2.0,0.0,0.0,1.0,0.005,1.0,1.0,0.0,0.0,0.0,0.0,0.0,0.0,0.0,7.593929767608643,21.044552326202393,0.4603794738650322,0.017339656013064086,1.0320567339658737,0.0,0.8624796271324158,2.2490677535533905,5.843818187713623,0.544559869915247,71.69928550720215,0.3767463229596615,0.4983803852806822,17763824.47565385,0.21985622055384163,-0.11087070634629301,-17763824.255797625,-1.898443040938316,-1.06857237041054,0.6996034234762192,1.0,1.0433782726693153e-08,0.21985621936619282,-0.05715682776644826,-0.19866182003170252,-0.05545191070996225,0.2231858465820551,-0.003329627215862274,-0.1964150513522327,0.13925822358578444,-0.4546947292983532,0.2560329092666507,-0.14683324098587036,0.09138133027590811,0.2560329092666507,3.0,True
stress_export_default,"{""scenario_id"": 1.0}",23,instant_10,"{""policy_id"": 23.0}",validation,8,25.687345504760742,0.0,0.1,4,delay_13,False,False,transformer_export_peak_kw;transformer_draw_peak_kw;max_ramp_kw;curtailed_share;tenant_cost_delta_vs_fair_leg_chf_per_load_kwh;pv_only_cost_delta_vs_fair_leg_chf_per_load_kwh;pv_battery_cost_delta_vs_fair_leg_chf_per_load_kwh;large_flex_cost_delta_vs_fair_leg_chf_per_load_kwh,1.0,11.0,0.0,1.0,0.0,17.0,1000.0,0.0,10.0,1.0,0.005,1.0,1.0,0.0,0.0,0.0,0.0,0.0,0.0,0.0,7.385849952697754,59.95202016830444,0.4611235223710537,0.06443556491285563,1.0701498240232468,0.05358121846802533,0.7133114188909531,3.437301367521286,14.12057876586914,0.7012583687901497,295.4213066101074,0.006580701476195827,0.31465322227074777,315.22252328595283,0.007769257230804315,-0.3466165178831525,-315.214754028722,-5.425388454581945,-2.110939832260826,0.7100849598646164,1.0,1.2527815007601362e-08,0.007769256713800132,-0.18414962518727407,-0.3493129778653383,-0.1118808202445507,0.2231858465820551,-0.21541658986825496,-0.1964150513522327,0.012265426164958626,-0.4546947292983532,0.10538175143301487,-0.14683324098587036,0.034952420741319656,0.10538175143301487,1.0,True
stress_export_default,"{""scenario_id"": 1.0}",22,instant_5,"{""policy_id"": 22.0}",validation,8,25.65523910522461,0.03210639953613281,0.1,4,delay_13,False,False,transformer_export_peak_kw;transformer_draw_peak_kw;max_ramp_kw;curtailed_share;tenant_cost_delta_vs_fair_leg_chf_per_load_kwh;pv_only_cost_delta_vs_fair_leg_chf_per_load_kwh;pv_battery_cost_delta_vs_fair_leg_chf_per_load_kwh;large_flex_cost_delta_vs_fair_leg_chf_per_load_kwh,1.0,11.0,0.0,1.0,0.0,17.0,1000.0,0.0,5.0,1.0,0.005,1.0,1.0,0.0,0.0,0.0,0.0,0.0,0.0,0.0,7.405757904052734,59.58932590484619,0.4601934626698494,0.0647135772742331,1.0705191045999527,0.05434484640136361,0.7058500424027443,3.3980832695961,13.838231086730957,0.7053150981664658,295.9701900482178,0.005831282411236316,0.3128325372191501,497.484180994561,0.005709939891383523,-0.34951354006494956,-497.4784710546696,-4.16222863199058,-2.0607451952416715,0.7045670226216316,1.0,1.2607684340970593e-08,0.005709940392989665,-0.1857182186213322,-0.3501671701669693,-0.1108338963240385,0.2231858465820551,-0.21747590618906543,-0.1964150513522327,0.010696832730900496,-0.4546947292983532,0.1045275591313839,-0.14683324098587036,0.035999344661831856,0.1045275591313839,1.0,True
stress_export_default,"{""scenario_id"": 1.0}",29,instant_stagger_1h_10_ref101,"{""policy_id"": 29.0}",validation,8,25.644134521484375,0.04321098327636719,0.1,4,delay_13,False,False,transformer_export_peak_kw;transformer_draw_peak_kw;max_ramp_kw;curtailed_share;tenant_cost_delta_vs_fair_leg_chf_per_load_kwh;pv_only_cost_delta_vs_fair_leg_chf_per_load_kwh;pv_battery_cost_delta_vs_fair_leg_chf_per_load_kwh;large_flex_cost_delta_vs_fair_leg_chf_per_load_kwh,1.0,11.0,1.0,1.0,0.0,17.0,1000.0,0.0,10.0,1.01,0.005,1.0,1.0,0.0,0.0,0.0,0.0,0.0,0.0,0.0,7.484078407287598,58.74466896057129,0.4607514999806881,0.06477066595107317,1.0704415291547775,0.05454064719378948,0.7024675831198692,3.326879620552063,12.720763683319092,0.69414222240448,296.7853183746338,0.004817308399651665,0.3116124824558113,6246.66631999946,0.004855171823263109,-0.346462574164379,-6246.661464827636,-4.843487238105361,-2.0574142581905854,0.7024975493550301,1.0,1.2822837680559473e-08,0.004855172708630562,-0.18413669284200296,-0.3512344267219305,-0.11111059319227934,0.2231858465820551,-0.21833067387342453,-0.1964150513522327,0.012278358510229737,-0.4546947292983532,0.10346030257642269,-0.14683324098587036,0.03572264779359102,0.10346030257642269,1.0,True
stress_export_default,"{""scenario_id"": 1.0}",24,instant_25,"{""policy_id"": 24.0}",validation,8,25.62061309814453,0.06673240661621094,0.1,4,delay_13,False,False,transformer_export_peak_kw;transformer_draw_peak_kw;max_ramp_kw;curtailed_share;tenant_cost_delta_vs_fair_leg_chf_per_load_kwh;pv_only_cost_delta_vs_fair_leg_chf_per_load_kwh;pv_battery_cost_delta_vs_fair_leg_chf_per_load_kwh;large_flex_cost_delta_vs_fair_leg_chf_per_load_kwh,1.0,11.0,0.0,1.0,0.0,17.0,1000.0,0.0,25.0,1.0,0.005,1.0,1.0,0.0,0.0,0.0,0.0,0.0,0.0,0.0,7.240533828735352,60.78958559036255,0.4601934552192688,0.06469057966023684,1.0706420093774796,0.05358121800236404,0.7212095409631729,3.5198552906513214,14.61571455001831,0.6812195032835007,294.2867088317871,0.008008041186258197,0.3172389518935975,195.72560408222165,0.007906121230411529,-0.3453322943130228,-195.71769796099125,-5.226967267687963,-2.1509085436832147,0.7162417992949486,1.0,1.2078206879095887e-08,0.007906121492851526,-0.18349088192917407,-0.345677787438035,-0.11280539445579052,0.2231858465820551,-0.21527972508920357,-0.1964150513522327,0.012924169423058629,-0.4546947292983532,0.10901694186031818,-0.14683324098587036,0.03402784653007984,0.10901694186031818,1.0,True
stress_export_default,"{""scenario_id"": 1.0}",3,delay_11,"{""policy_id"": 3.0}",validation,8,25.615253448486328,0.07209205627441406,0.1,4,delay_13,False,False,transformer_export_peak_kw;transformer_draw_peak_kw;max_ramp_kw;curtailed_share;tenant_cost_delta_vs_fair_leg_chf_per_load_kwh;pv_only_cost_delta_vs_fair_leg_chf_per_load_kwh;pv_battery_cost_delta_vs_fair_leg_chf_per_load_kwh;large_flex_cost_delta_vs_fair_leg_chf_per_load_kwh,1.0,11.0,0.0,1.0,0.0,17.0,1000.0,0.0,0.0,1.0,0.005,1.0,1.0,0.0,0.0,0.0,0.0,0.0,0.0,0.0,7.594048976898193,59.298158168792725,0.4603794738650322,0.06519872276112437,1.0712036192417145,0.05497141252271831,0.7037639692425728,3.348622888326645,13.635993003845215,0.7111844792962074,296.42565155029297,0.005021935299737379,0.3103008944216147,29621149.08667334,0.0027495750090553127,-0.3537323746936807,-29621149.083923765,-3.2389399590762373,-1.9838611620877047,0.6959897801280022,1.0,1.3634742335177918e-08,0.0027495755202835426,-0.18801166032517358,-0.3506277147680521,-0.10936834383755922,0.2231858465820551,-0.22043627106177155,-0.1964150513522327,0.008403391027059115,-0.4546947292983532,0.1040670145303011,-0.14683324098587036,0.03746489714831114,0.1040670145303011,1.0,True
stress_export_default,"{""scenario_id"": 1.0}",26,instant_stagger_1h_10,"{""policy_id"": 26.0}",validation,8,25.614179611206055,0.0731658935546875,0.1,4,delay_13,False,False,transformer_export_peak_kw;transformer_draw_peak_kw;max_ramp_kw;curtailed_share;tenant_cost_delta_vs_fair_leg_chf_per_load_kwh;pv_only_cost_delta_vs_fair_leg_chf_per_load_kwh;pv_battery_cost_delta_vs_fair_leg_chf_per_load_kwh;large_flex_cost_delta_vs_fair_leg_chf_per_load_kwh,1.0,11.0,1.0,1.0,0.0,17.0,1000.0,0.0,10.0,1.0,0.005,1.0,1.0,0.0,0.0,0.0,0.0,0.0,0.0,0.0,7.400095462799072,58.960318088531494,0.4611235223710537,0.06475628213956952,1.070232704281807,0.05435463646426797,0.7024599388241768,3.346191853284836,13.07767629623413,0.6923825144767761,296.4783420562744,0.0051213028928032145,0.31258793075858493,315.5668768745271,0.004646765188112072,-0.34472661772024715,-315.562230109339,-5.331581786576637,-2.073052497008796,0.705148346722126,1.0,1.2866955279022818e-08,0.004646765941288322,-0.1832180917263031,-0.3501055296510458,-0.11147621460258961,0.2231858465820551,-0.21853908064076677,-0.1964150513522327,0.013196959625929594,-0.4546947292983532,0.1045891996473074,-0.14683324098587036,0.035357026383280754,0.1045891996473074,1.0,True
stress_export_default,"{""scenario_id"": 1.0}",25,instant_stagger_1h_5,"{""policy_id"": 25.0}",validation,8,25.611610412597656,0.07573509216308594,0.1,4,delay_13,False,False,transformer_export_peak_kw;transformer_draw_peak_kw;max_ramp_kw;curtailed_share;tenant_cost_delta_vs_fair_leg_chf_per_load_kwh;pv_only_cost_delta_vs_fair_leg_chf_per_load_kwh;pv_battery_cost_delta_vs_fair_leg_chf_per_load_kwh;large_flex_cost_delta_vs_fair_leg_chf_per_load_kwh,1.0,11.0,1.0,1.0,0.0,17.0,1000.0,0.0,5.0,1.0,0.005,1.0,1.0,0.0,0.0,0.0,0.0,0.0,0.0,0.0,7.515251636505127,59.13919258117676,0.4601934626698494,0.06515346886590123,1.0710985213518143,0.054432956501841545,0.7066693007946014,3.3388316333293915,13.067245483398438,0.6942074596881866,296.9479160308838,0.0044329121155897155,0.3102620654308439,499.5862030549675,0.002749858464772926,-0.3497327456557601,-499.58345319650266,-3.7534837362076967,-2.005195589666049,0.6973951682448387,1.0,1.2711041996738004e-08,0.002749856503214687,-0.18591107537213247,-0.35131678730249405,-0.10999124404042959,0.2231858465820551,-0.2204359900788404,-0.1964150513522327,0.010503975980100222,-0.4546947292983532,0.10337794199585915,-0.14683324098587036,0.03684199694544077,0.10337794199585915,1.0,True
stress_export_default,"{""scenario_id"": 1.0}",5,stagger_11_1h,"{""policy_id"": 5.0}",validation,8,25.605083465576172,0.08226203918457031,0.1,4,delay_13,False,False,transformer_export_peak_kw;transformer_draw_peak_kw;max_ramp_kw;curtailed_share;tenant_cost_delta_vs_fair_leg_chf_per_load_kwh;pv_only_cost_delta_vs_fair_leg_chf_per_load_kwh;pv_battery_cost_delta_vs_fair_leg_chf_per_load_kwh;large_flex_cost_delta_vs_fair_leg_chf_per_load_kwh,1.0,11.0,1.0,1.0,0.0,17.0,1000.0,0.0,0.0,1.0,0.005,1.0,1.0,0.0,0.0,0.0,0.0,0.0,0.0,0.0,7.688343524932861,60.380101680755615,0.4603794738650322,0.06584421545267105,1.0721373707056046,0.0560972741805017,0.7210002988576889,3.3856402039527893,13.226926326751709,0.6966892257332802,297.2933120727539,0.003794290456426097,0.3071623829524064,29870053.08359451,-0.0003063346833712191,-0.3565511804217555,-29870053.08390084,-2.9068180880603243,-1.9181403394591479,0.6869873255491257,1.0,1.367816682140699e-08,-0.0003063353360630572,-0.18958247141563334,-0.3520437516272068,-0.10794369503855705,0.2231858465820551,-0.22349218191811815,-0.1964150513522327,0.006832579936599359,-0.4546947292983532,0.10265097767114639,-0.14683324098587036,0.03888954594731331,0.10265097767114639,1.0,True
stress_export_tuned,"{""scenario_id"": 2.0}",10,cap_8,"{""policy_id"": 10.0}",validation,8,29.412364959716797,0.0,0.1,4,delay_13,False,False,transformer_export_peak_kw;transformer_draw_peak_kw;max_ramp_kw;curtailed_share;tenant_cost_delta_vs_fair_leg_chf_per_load_kwh;pv_only_cost_delta_vs_fair_leg_chf_per_load_kwh;pv_battery_cost_delta_vs_fair_leg_chf_per_load_kwh;large_flex_cost_delta_vs_fair_leg_chf_per_load_kwh,1.0,11.0,0.0,1.0,0.0,17.0,8.0,0.0,0.0,1.0,0.005,1.0,1.0,0.0,0.0,0.0,0.0,0.0,0.0,0.0,7.593870162963867,55.61208772659302,0.4603794738650322,0.0625444371253252,1.0676965415477753,0.05059523764066398,0.758944496512413,3.179471105337143,13.124644756317139,0.6979924812912941,287.92859649658203,0.018842464545741677,0.31464284619320704,31395347.015451316,0.13011899942170338,-0.38486537546808697,-31395346.885332316,-3.6064653517471696,-2.2377936680426,0.6959897801280022,1.0,1.3571914925236683e-08,0.13011900149285793,-0.20282581355422735,-0.4026030842214823,-0.12286115996539593,0.2231858465820551,-0.09306684508919716,-0.1964150513522327,-0.0064107622019946575,-0.4546947292983532,0.05209164507687092,-0.14683324098587036,0.023972081020474434,0.05209164507687092,2.0,True
stress_funds_tenant_floor,"{""scenario_id"": 24.0}",11,cap_4,"{""policy_id"": 11.0}",validation,8,20.566904067993164,0.0,0.1,4,delay_13,False,False,transformer_export_peak_kw;transformer_draw_peak_kw;max_ramp_kw;curtailed_share;tenant_cost_delta_vs_fair_leg_chf_per_load_kwh;pv_only_cost_delta_vs_fair_leg_chf_per_load_kwh;pv_battery_cost_delta_vs_fair_leg_chf_per_load_kwh;large_flex_cost_delta_vs_fair_leg_chf_per_load_kwh,1.0,11.0,0.0,1.0,0.0,17.0,4.0,0.0,0.0,1.0,0.005,1.0,1.0,0.0,0.0,0.0,0.0,0.0,0.0,0.0,7.594048976898193,37.7538800239563,0.4603794738650322,0.03793741622939706,1.0499321222305298,0.010749530221801251,0.8554679229855537,2.6740145683288574,7.724523544311523,0.5444963872432709,190.34450340270996,0.17971608601510525,0.37653615165186893,23221052.494881347,0.1328708677687592,-0.2320631784011521,-23221052.360929437,-2.5952208226310516,-1.5885783057879908,0.6960003152489662,1.0,6.613789516052293e-09,0.13287086924538016,-0.12062153918668628,-0.2977137342095375,-0.0861109965480864,0.2231858465820551,-0.09031497733667493,-0.1964150513522327,0.07579351216554642,-0.4546947292983532,0.1569809950888157,-0.14683324098587036,0.060722244437783957,0.1569809950888157,24.0,True
stress_funds_tenant_floor,"{""scenario_id"": 24.0}",17,voltage_cap,"{""policy_id"": 17.0}",validation,8,20.530349731445312,0.03655433654785156,0.1,4,delay_13,False,False,transformer_export_peak_kw;transformer_draw_peak_kw;max_ramp_kw;curtailed_share;tenant_cost_delta_vs_fair_leg_chf_per_load_kwh;pv_only_cost_delta_vs_fair_leg_chf_per_load_kwh;pv_battery_cost_delta_vs_fair_leg_chf_per_load_kwh;large_flex_cost_delta_vs_fair_leg_chf_per_load_kwh,1.0,11.0,0.0,1.0,0.0,17.0,4.0,25.0,0.0,1.0,0.005,1.0,1.0,0.0,0.0,0.0,0.0,0.0,0.0,0.0,7.64542818069458,36.60064935684204,0.4607514962553978,0.03683281922712922,1.0487745851278305,0.008488016872433946,0.8353680223226547,2.6494871377944946,6.504714488983154,0.5933692753314972,186.96047973632812,0.1853468455374241,0.3833443142952224,202.3204172463173,0.14450214011120888,-0.23769832359322834,-202.17591510620613,-4.758873322069394,-1.670746636798789,0.7074398696422577,1.0,6.53203602318797e-09,0.1445021410472691,-0.12357584130950272,-0.29777295142412186,-0.08671475388109684,0.2231858465820551,-0.07868370553478599,-0.1964150513522327,0.07283921004272997,-0.4546947292983532,0.15692177787423134,-0.14683324098587036,0.06011848710477352,0.15692177787423134,24.0,True
stress_smoothed,"{""scenario_id"": 6.0}",3,delay_11,"{""policy_id"": 3.0}",validation,8,28.36378288269043,0.0,0.1,4,delay_13,False,False,transformer_export_peak_kw;transformer_draw_peak_kw;max_ramp_kw;curtailed_share;tenant_cost_delta_vs_fair_leg_chf_per_load_kwh;pv_only_cost_delta_vs_fair_leg_chf_per_load_kwh;pv_battery_cost_delta_vs_fair_leg_chf_per_load_kwh;large_flex_cost_delta_vs_fair_leg_chf_per_load_kwh,1.0,11.0,0.0,1.0,0.0,17.0,1000.0,0.0,0.0,1.0,0.005,1.0,1.0,0.0,0.0,0.0,0.0,0.0,0.0,0.0,7.594048976898193,59.298158168792725,0.4603794738650322,0.06519872276112437,1.0712036192417145,0.05497141252271831,0.7037639692425728,3.348622888326645,13.635993003845215,0.7111844792962074,296.42564964294434,0.005021935299737379,0.3103008944216147,31657551.097892776,0.08282944504722356,-0.354037123306787,-31657551.015063334,-3.70959943541503,-2.1835581679726115,0.6959897801280022,1.0,1.3634742335177918e-08,0.08282944327220321,-0.18703508144244552,-0.3842496480792761,-0.12548676505684853,0.2231858465820551,-0.14035640330985188,-0.1964150513522327,0.009379969909787178,-0.4546947292983532,0.07044508121907711,-0.14683324098587036,0.021346475929021835,0.07044508121907711,6.0,True
stress_smoothed,"{""scenario_id"": 6.0}",22,instant_5,"{""policy_id"": 22.0}",validation,8,28.328155517578125,0.03562736511230469,0.1,4,delay_13,False,False,transformer_export_peak_kw;transformer_draw_peak_kw;max_ramp_kw;curtailed_share;tenant_cost_delta_vs_fair_leg_chf_per_load_kwh;pv_only_cost_delta_vs_fair_leg_chf_per_load_kwh;pv_battery_cost_delta_vs_fair_leg_chf_per_load_kwh;large_flex_cost_delta_vs_fair_leg_chf_per_load_kwh,1.0,11.0,0.0,1.0,0.0,17.0,1000.0,0.0,5.0,1.0,0.005,1.0,1.0,0.0,0.0,0.0,0.0,0.0,0.0,0.0,7.405757904052734,59.58932590484619,0.4601934626698494,0.0647135772742331,1.0705191045999527,0.05434484640136361,0.7058500424027443,3.3980832695961,13.838231086730957,0.7053150981664658,295.970178604126,0.005831282411236316,0.3128325372191501,533.8477605561692,0.08329179984989694,-0.35794417035956194,-533.7644687563194,-4.702739344770064,-2.263384988171101,0.7045670226216316,1.0,1.2607684340970593e-08,0.08329179743304849,-0.18910626438446343,-0.3834911659359932,-0.12517803441733122,0.2231858465820551,-0.1398940491490066,-0.1964150513522327,0.007308786967769265,-0.4546947292983532,0.07120356336236,-0.14683324098587036,0.021655206568539143,0.07120356336236,6.0,True
stress_tenant_exempt,"{""scenario_id"": 5.0}",23,instant_10,"{""policy_id"": 23.0}",validation,8,25.62820053100586,0.0,0.1,4,delay_13,False,False,transformer_export_peak_kw;transformer_draw_peak_kw;max_ramp_kw;curtailed_share;tenant_cost_delta_vs_fair_leg_chf_per_load_kwh;pv_only_cost_delta_vs_fair_leg_chf_per_load_kwh;pv_battery_cost_delta_vs_fair_leg_chf_per_load_kwh;large_flex_cost_delta_vs_fair_leg_chf_per_load_kwh,1.0,11.0,0.0,1.0,0.0,17.0,1000.0,0.0,10.0,1.0,0.005,1.0,1.0,0.0,0.0,0.0,0.0,0.0,0.0,0.0,7.385849952697754,59.95202016830444,0.4611235223710537,0.06443556491285563,1.0701498240232468,0.05358121846802533,0.7133114188909531,3.437301367521286,14.12057876586914,0.7012583687901497,295.42131423950195,0.006580701476195827,0.31465322227074777,315.48882765220964,0.006354111928659558,-0.34088405851030035,-315.4824735402809,-5.420561590952921,-2.1080881823915374,0.7100849598646164,1.0,1.2527815007601362e-08,0.00635411188704893,-0.1809819865738973,-0.350213123485446,-0.11135600320994854,0.2231858465820551,-0.21683173469500616,-0.1964150513522327,0.015433064778335392,-0.4546947292983532,0.10448160581290722,-0.14683324098587036,0.03547723777592182,0.10448160581290722,5.0,True
stress_tenant_exempt,"{""scenario_id"": 5.0}",22,instant_5,"{""policy_id"": 22.0}",validation,8,25.593353271484375,0.034847259521484375,0.1,4,delay_13,False,False,transformer_export_peak_kw;transformer_draw_peak_kw;max_ramp_kw;curtailed_share;tenant_cost_delta_vs_fair_leg_chf_per_load_kwh;pv_only_cost_delta_vs_fair_leg_chf_per_load_kwh;pv_battery_cost_delta_vs_fair_leg_chf_per_load_kwh;large_flex_cost_delta_vs_fair_leg_chf_per_load_kwh,1.0,11.0,0.0,1.0,0.0,17.0,1000.0,0.0,5.0,1.0,0.005,1.0,1.0,0.0,0.0,0.0,0.0,0.0,0.0,0.0,7.405757904052734,59.58932590484619,0.4601934626698494,0.0647135772742331,1.0705191045999527,0.05434484640136361,0.7058500424027443,3.3980832695961,13.838231086730957,0.7053150981664658,295.97020149230957,0.005831282411236316,0.3128325372191501,497.8859020530839,0.004150789935429982,-0.343438704310693,-497.8817512631485,-4.156230065297793,-2.0576600414163235,0.7045670226216316,1.0,1.2607684340970593e-08,0.004150788940023631,-0.1823657782515511,-0.351148409768939,-0.1102357991039753,0.2231858465820551,-0.21903505764203146,-0.1964150513522327,0.014049273100681603,-0.4546947292983532,0.10354631952941418,-0.14683324098587036,0.036597441881895065,0.10354631952941418,5.0,True
stress_tenant_exempt,"{""scenario_id"": 5.0}",29,instant_stagger_1h_10_ref101,"{""policy_id"": 29.0}",validation,8,25.580310821533203,0.04788970947265625,0.1,4,delay_13,False,False,transformer_export_peak_kw;transformer_draw_peak_kw;max_ramp_kw;curtailed_share;tenant_cost_delta_vs_fair_leg_chf_per_load_kwh;pv_only_cost_delta_vs_fair_leg_chf_per_load_kwh;pv_battery_cost_delta_vs_fair_leg_chf_per_load_kwh;large_flex_cost_delta_vs_fair_leg_chf_per_load_kwh,1.0,11.0,1.0,1.0,0.0,17.0,1000.0,0.0,10.0,1.01,0.005,1.0,1.0,0.0,0.0,0.0,0.0,0.0,0.0,0.0,7.484078407287598,58.74466896057129,0.4607514999806881,0.06477066595107317,1.0704415291547775,0.05454064719378948,0.7024675831198692,3.326879620552063,12.720763683319092,0.69414222240448,296.7853374481201,0.004817308399651665,0.3116124824558113,6249.608020602804,0.0032467891646684385,-0.34031333682168863,-6249.6047738136385,-4.837583635323378,-2.0542749723453633,0.7024975493550301,1.0,1.2822837680559473e-08,0.003246787760872394,-0.18074209010228515,-0.35224152728915215,-0.11048418376594782,0.2231858465820551,-0.2199390588211827,-0.1964150513522327,0.015672961249947548,-0.4546947292983532,0.10245320200920105,-0.14683324098587036,0.03634905721992254,0.10245320200920105,5.0,True
stress_tenant_exempt,"{""scenario_id"": 5.0}",24,instant_25,"{""policy_id"": 24.0}",validation,8,25.563899993896484,0.064300537109375,0.1,4,delay_13,False,False,transformer_export_peak_kw;transformer_draw_peak_kw;max_ramp_kw;curtailed_share;tenant_cost_delta_vs_fair_leg_chf_per_load_kwh;pv_only_cost_delta_vs_fair_leg_chf_per_load_kwh;pv_battery_cost_delta_vs_fair_leg_chf_per_load_kwh;large_flex_cost_delta_vs_fair_leg_chf_per_load_kwh,1.0,11.0,0.0,1.0,0.0,17.0,1000.0,0.0,25.0,1.0,0.005,1.0,1.0,0.0,0.0,0.0,0.0,0.0,0.0,0.0,7.240533828735352,60.78958559036255,0.4601934552192688,0.06469057966023684,1.0706420093774796,0.05358121800236404,0.7212095409631729,3.5198552906513214,14.61571455001831,0.6812195032835007,294.2866973876953,0.008008041186258197,0.3172389518935975,195.91771979626364,0.00672648626969545,-0.3402840425589252,-195.91099330999396,-5.223098286686277,-2.1484940320329247,0.7162417992949486,1.0,1.2078206879095887e-08,0.006726487656123936,-0.18068924196995795,-0.3464752286672592,-0.11237228009849787,0.2231858465820551,-0.21645935892593116,-0.1964150513522327,0.015725809382274747,-0.4546947292983532,0.10821950063109398,-0.14683324098587036,0.034460960887372494,0.10821950063109398,5.0,True
stress_tenant_exempt,"{""scenario_id"": 5.0}",26,instant_stagger_1h_10,"{""policy_id"": 26.0}",validation,8,25.55303192138672,0.07516860961914062,0.1,4,delay_13,False,False,transformer_export_peak_kw;transformer_draw_peak_kw;max_ramp_kw;curtailed_share;tenant_cost_delta_vs_fair_leg_chf_per_load_kwh;pv_only_cost_delta_vs_fair_leg_chf_per_load_kwh;pv_battery_cost_delta_vs_fair_leg_chf_per_load_kwh;large_flex_cost_delta_vs_fair_leg_chf_per_load_kwh,1.0,11.0,1.0,1.0,0.0,17.0,1000.0,0.0,10.0,1.0,0.005,1.0,1.0,0.0,0.0,0.0,0.0,0.0,0.0,0.0,7.400095462799072,58.960318088531494,0.4611235223710537,0.06475628213956952,1.070232704281807,0.05435463646426797,0.7024599388241768,3.346191853284836,13.07767629623413,0.6923825144767761,296.4783344268799,0.0051213028928032145,0.31258793075858493,315.8527145127764,0.00313963926511375,-0.3388030068963973,-315.8495748735113,-5.326332181005789,-2.070082038972929,0.705148346722126,1.0,1.2866955279022818e-08,0.0031396393314935267,-0.1799452690174803,-0.35106364265084267,-0.110898207873106,0.2231858465820551,-0.22004620725056157,-0.1964150513522327,0.01646978233475238,-0.4546947292983532,0.10363108664751053,-0.14683324098587036,0.03593503311276436,0.10363108664751053,5.0,True
stress_tenant_exempt,"{""scenario_id"": 5.0}",3,delay_11,"{""policy_id"": 3.0}",validation,8,25.54666519165039,0.08153533935546875,0.1,4,delay_13,False,False,transformer_export_peak_kw;transformer_draw_peak_kw;max_ramp_kw;curtailed_share;tenant_cost_delta_vs_fair_leg_chf_per_load_kwh;pv_only_cost_delta_vs_fair_leg_chf_per_load_kwh;pv_battery_cost_delta_vs_fair_leg_chf_per_load_kwh;large_flex_cost_delta_vs_fair_leg_chf_per_load_kwh,1.0,11.0,0.0,1.0,0.0,17.0,1000.0,0.0,0.0,1.0,0.005,1.0,1.0,0.0,0.0,0.0,0.0,0.0,0.0,0.0,7.594048976898193,59.298158168792725,0.4603794738650322,0.06519872276112437,1.0712036192417145,0.05497141252271831,0.7037639692425728,3.348622888326645,13.635993003845215,0.7111844792962074,296.4256477355957,0.005021935299737379,0.3103008944216147,29637500.578142945,0.0008736478873313074,-0.3469525011330383,-29637500.577269297,-3.2315190327503176,-1.9802725412085609,0.6959897801280022,1.0,1.3634742335177918e-08,0.0008736479794606566,-0.18427516426891088,-0.3517146110534668,-0.1086467606946826,0.2231858465820551,-0.22231219860259444,-0.1964150513522327,0.01213988708332181,-0.4546947292983532,0.1029801182448864,-0.14683324098587036,0.03818648029118776,0.1029801182448864,5.0,True
stress_tenant_exempt,"{""scenario_id"": 5.0}",25,instant_stagger_1h_5,"{""policy_id"": 25.0}",validation,8,25.5459041595459,0.08229637145996094,0.1,4,delay_13,False,False,transformer_export_peak_kw;transformer_draw_peak_kw;max_ramp_kw;curtailed_share;tenant_cost_delta_vs_fair_leg_chf_per_load_kwh;pv_only_cost_delta_vs_fair_leg_chf_per_load_kwh;pv_battery_cost_delta_vs_fair_leg_chf_per_load_kwh;large_flex_cost_delta_vs_fair_leg_chf_per_load_kwh,1.0,11.0,1.0,1.0,0.0,17.0,1000.0,0.0,5.0,1.0,0.005,1.0,1.0,0.0,0.0,0.0,0.0,0.0,0.0,0.0,7.515251636505127,59.13919258117676,0.4601934626698494,0.06515346886590123,1.0710985213518143,0.054432956501841545,0.7066693007946014,3.3388316333293915,13.067245483398438,0.6942074596881866,296.9479217529297,0.0044329121155897155,0.3102620654308439,500.032666688303,0.0010234331777171403,-0.34329300861072404,-500.0316432551253,-3.7468753610039376,-2.0018848289077846,0.6973951682448387,1.0,1.2711041996738004e-08,0.0010234331130050123,-0.1823589033447206,-0.3523837849497795,-0.10930944234132767,0.2231858465820551,-0.22216241346905008,-0.1964150513522327,0.014056148007512093,-0.4546947292983532,0.10231094434857368,-0.14683324098587036,0.037523798644542694,0.10231094434857368,5.0,True
stress_tenant_exempt,"{""scenario_id"": 5.0}",5,stagger_11_1h,"{""policy_id"": 5.0}",validation,8,25.53171730041504,0.09648323059082031,0.1,4,delay_13,False,False,transformer_export_peak_kw;transformer_draw_peak_kw;max_ramp_kw;curtailed_share;tenant_cost_delta_vs_fair_leg_chf_per_load_kwh;pv_only_cost_delta_vs_fair_leg_chf_per_load_kwh;pv_battery_cost_delta_vs_fair_leg_chf_per_load_kwh;large_flex_cost_delta_vs_fair_leg_chf_per_load_kwh,1.0,11.0,1.0,1.0,0.0,17.0,1000.0,0.0,0.0,1.0,0.005,1.0,1.0,0.0,0.0,0.0,0.0,0.0,0.0,0.0,7.688343524932861,60.380101680755615,0.4603794738650322,0.06584421545267105,1.0721373707056046,0.0560972741805017,0.7210002988576889,3.3856402039527893,13.226926326751709,0.6966892257332802,297.2933235168457,0.003794290456426097,0.3071623829524064,29887860.610204957,-0.002527706913755444,-0.34897045198462195,-29887860.61273266,-2.898572282274317,-1.9141020302457064,0.6869873255491257,1.0,1.367816682140699e-08,-0.0025277069362346083,-0.1854053256683983,-0.35326995328068733,-0.10707677155733109,0.2231858465820551,-0.2257135535182897,-0.1964150513522327,0.011009725683834404,-0.4546947292983532,0.10142477601766586,-0.14683324098587036,0.039756469428539276,0.10142477601766586,5.0,True
subsidy_ablation,"{""scenario_id"": 27.0}",4,delay_13,"{""policy_id"": 4.0}",validation,8,47.381317138671875,0.0,0.1,4,delay_13,False,False,transformer_export_peak_kw;transformer_draw_peak_kw;max_ramp_kw;curtailed_share;tenant_cost_delta_vs_fair_leg_chf_per_load_kwh;pv_only_cost_delta_vs_fair_leg_chf_per_load_kwh;pv_battery_cost_delta_vs_fair_leg_chf_per_load_kwh;large_flex_cost_delta_vs_fair_leg_chf_per_load_kwh,1.0,13.0,0.0,1.0,0.0,17.0,1000.0,0.0,0.0,1.0,0.005,1.0,1.0,0.0,0.0,0.0,0.0,0.0,0.0,0.0,9.377837181091309,63.93289613723755,0.4596354179084301,0.07081815367564559,1.0800153762102127,0.06520206714048982,0.7637733221054077,3.519452780485153,10.187506675720215,0.7172819897532463,539.8243522644043,0.0023024828513484863,0.292871624516459,30789304.413064584,0.009848876626959123,-0.6753179373578436,-30789304.403215706,-2.756358695574731,-2.832121224052428,0.6393399015069008,1.0,1.3602866388850998e-08,0.00984887668164447,-0.3590970244258642,-0.6180957853794098,-0.20973127521574497,0.2231858465820551,-0.21333696990041062,-0.1964150513522327,-0.16268197307363153,-0.4546947292983532,-0.1634010560810566,-0.14683324098587036,-0.06289803422987461,-0.06289803422987461,27.0,True
subsidy_ablation,"{""scenario_id"": 27.0}",7,slow_stagger,"{""policy_id"": 7.0}",validation,8,47.34440612792969,0.0369110107421875,0.1,4,delay_13,False,False,transformer_export_peak_kw;transformer_draw_peak_kw;max_ramp_kw;curtailed_share;tenant_cost_delta_vs_fair_leg_chf_per_load_kwh;pv_only_cost_delta_vs_fair_leg_chf_per_load_kwh;pv_battery_cost_delta_vs_fair_leg_chf_per_load_kwh;large_flex_cost_delta_vs_fair_leg_chf_per_load_kwh,1.0,11.0,2.0,0.5,0.0,17.0,1000.0,0.0,0.0,1.0,0.005,1.0,1.0,0.0,0.0,0.0,0.0,0.0,0.0,0.0,10.032296180725098,62.462448596954346,0.4585193507373333,0.06963598821312189,1.0769278556108475,0.06473214272409678,0.7523927018046379,3.323030650615692,5.9105753898620605,0.7398773357272148,538.9186019897461,0.0023397648547368345,0.27924034552801413,30796360.662836555,0.009865089318348189,-0.6749853456110957,-30796360.652971465,-1.685945298978626,-2.281163443109443,0.5919906571507454,1.0,1.3733862713749545e-08,0.009865089261438698,-0.3589206226170063,-0.6180944256484509,-0.20872336253523827,0.2231858465820551,-0.2133207573206164,-0.1964150513522327,-0.1625055712647736,-0.4546947292983532,-0.16339969635009766,-0.14683324098587036,-0.061890121549367905,-0.061890121549367905,27.0,True
subsidy_ablation,"{""scenario_id"": 27.0}",31,instant_slow_stagger_1h,"{""policy_id"": 31.0}",validation,8,47.3432731628418,0.038043975830078125,0.1,4,delay_13,False,False,transformer_export_peak_kw;transformer_draw_peak_kw;max_ramp_kw;curtailed_share;tenant_cost_delta_vs_fair_leg_chf_per_load_kwh;pv_only_cost_delta_vs_fair_leg_chf_per_load_kwh;pv_battery_cost_delta_vs_fair_leg_chf_per_load_kwh;large_flex_cost_delta_vs_fair_leg_chf_per_load_kwh,1.0,11.0,1.0,0.5,0.0,17.0,1000.0,0.0,10.0,1.0,0.005,1.0,1.0,0.0,0.0,0.0,0.0,0.0,0.0,0.0,7.973611354827881,58.36606025695801,0.4603794738650322,0.06561028538271785,1.0697836428880692,0.0575559982098639,0.7136711180210114,3.2468832433223724,7.850706577301025,0.7602918967604637,539.8852005004883,0.0030184937440935755,0.3035961656659809,594.005550788848,0.009838336646251661,-0.6751496143699847,-593.9957124522019,-4.888474899335473,-3.3695723888575397,0.6758133172988892,1.0,1.324178278139243e-08,0.009838336787652224,-0.3590084156021476,-0.6171085089445114,-0.21036800555884838,0.2231858465820551,-0.21334750979440287,-0.1964150513522327,-0.16259336424991488,-0.4546947292983532,-0.16241377964615822,-0.14683324098587036,-0.06353476457297802,-0.06353476457297802,27.0,True
subsidy_ablation,"{""scenario_id"": 27.0}",6,stagger_11_2h,"{""policy_id"": 6.0}",validation,8,47.320613861083984,0.060703277587890625,0.1,4,delay_13,False,False,transformer_export_peak_kw;transformer_draw_peak_kw;max_ramp_kw;curtailed_share;tenant_cost_delta_vs_fair_leg_chf_per_load_kwh;pv_only_cost_delta_vs_fair_leg_chf_per_load_kwh;pv_battery_cost_delta_vs_fair_leg_chf_per_load_kwh;large_flex_cost_delta_vs_fair_leg_chf_per_load_kwh,1.0,11.0,2.0,1.0,0.0,17.0,1000.0,0.0,0.0,1.0,0.005,1.0,1.0,0.0,0.0,0.0,0.0,0.0,0.0,0.0,8.262276649475098,61.499595165252686,0.460007444024086,0.0667214635759592,1.0736812949180603,0.05728187598288059,0.7336159721016884,3.431496798992157,9.577751159667969,0.6486298143863678,539.5129318237305,0.0031608147437509615,0.3034372609290172,30783070.084029786,0.009835578263473612,-0.6751741716969333,-30783070.074194204,-4.951657265593437,-3.329535931384764,0.6746954992413521,1.0,1.3510677354666711e-08,0.009835578268393874,-0.359021682292223,-0.6173111572861671,-0.20981530472636223,0.2231858465820551,-0.21335026831366122,-0.1964150513522327,-0.16260663093999028,-0.4546947292983532,-0.16261642798781395,-0.14683324098587036,-0.06298206374049187,-0.06298206374049187,27.0,True
subsidy_ablation,"{""scenario_id"": 27.0}",5,stagger_11_1h,"{""policy_id"": 5.0}",validation,8,47.295936584472656,0.08538055419921875,0.1,4,delay_13,False,False,transformer_export_peak_kw;transformer_draw_peak_kw;max_ramp_kw;curtailed_share;tenant_cost_delta_vs_fair_leg_chf_per_load_kwh;pv_only_cost_delta_vs_fair_leg_chf_per_load_kwh;pv_battery_cost_delta_vs_fair_leg_chf_per_load_kwh;large_flex_cost_delta_vs_fair_leg_chf_per_load_kwh,1.0,11.0,1.0,1.0,0.0,17.0,1000.0,0.0,0.0,1.0,0.005,1.0,1.0,0.0,0.0,0.0,0.0,0.0,0.0,0.0,7.688343524932861,60.380101680755615,0.4603794738650322,0.06584421545267105,1.0721373707056046,0.0560972741805017,0.7210002988576889,3.3856402039527893,13.226926326751709,0.6966892257332802,539.213680267334,0.003794290456426097,0.3071623829524064,54124894.5547254,0.009832623581981757,-0.6752121969799804,-54124894.54489277,-5.672346607521403,-3.5126527668536855,0.6869873255491257,1.0,1.367816682140699e-08,0.009832623414695263,-0.35904248151928186,-0.6169391572475433,-0.20966262556612492,0.2231858465820551,-0.21335322316735983,-0.1964150513522327,-0.16262743016704917,-0.4546947292983532,-0.16224442794919014,-0.14683324098587036,-0.06282938458025455,-0.06282938458025455,27.0,True
subsidy_ablation,"{""scenario_id"": 27.0}",28,instant_stagger_2h_10,"{""policy_id"": 28.0}",validation,8,47.28707504272461,0.09424209594726562,0.1,4,delay_13,False,False,transformer_export_peak_kw;transformer_draw_peak_kw;max_ramp_kw;curtailed_share;tenant_cost_delta_vs_fair_leg_chf_per_load_kwh;pv_only_cost_delta_vs_fair_leg_chf_per_load_kwh;pv_battery_cost_delta_vs_fair_leg_chf_per_load_kwh;large_flex_cost_delta_vs_fair_leg_chf_per_load_kwh,1.0,11.0,2.0,1.0,0.0,17.0,1000.0,0.0,10.0,1.0,0.005,1.0,1.0,0.0,0.0,0.0,0.0,0.0,0.0,0.0,7.4043869972229,58.643639087677,0.4609375111758709,0.06507851695641875,1.0707576721906662,0.05477561056613922,0.7041191309690475,3.319744735956192,12.815296649932861,0.6609846577048302,539.1515846252441,0.004174396861344576,0.31037561683383263,595.755388122452,0.009830487828419063,-0.6752348831876246,-595.7455576346237,-8.776626197911657,-3.70208311547126,0.6988474801182747,1.0,1.2610737898377522e-08,0.009830487775616348,-0.35905444994568825,-0.6164670810103416,-0.20984980836510658,0.2231858465820551,-0.21335535880643874,-0.1964150513522327,-0.16263939859345555,-0.4546947292983532,-0.16177235171198845,-0.14683324098587036,-0.06301656737923622,-0.06301656737923622,27.0,True
tenant_floor,"{""scenario_id"": 23.0}",4,delay_13,"{""policy_id"": 4.0}",validation,8,33.26932144165039,0.0,0.1,4,delay_13,True,False,transformer_export_peak_kw;transformer_draw_peak_kw;max_ramp_kw;curtailed_share;tenant_cost_delta_vs_fair_leg_chf_per_load_kwh;pv_only_cost_delta_vs_fair_leg_chf_per_load_kwh;pv_battery_cost_delta_vs_fair_leg_chf_per_load_kwh;large_flex_cost_delta_vs_fair_leg_chf_per_load_kwh,1.0,13.0,0.0,1.0,0.0,17.0,1000.0,0.0,0.0,1.0,0.005,1.0,1.0,0.0,0.0,0.0,0.0,0.0,0.0,0.0,9.377837181091309,63.93289613723755,0.4596354179084301,0.07081815367564559,1.0800153762102127,0.06520206714048982,0.7637733221054077,3.519452780485153,10.187506675720215,0.7172819897532463,297.9040946960449,0.0023024828513484863,0.292871624516459,23911276.59214166,0.2018521598734138,-0.3608553277079203,-23911276.3902895,-1.9928910271363984,-1.9806995171699786,0.6393399015069008,1.0,1.3602866388850998e-08,0.20185215771198273,-0.18828093027696013,-0.4465255830436945,-0.14368868805468082,0.2231858465820551,-0.021333688870072365,-0.1964150513522327,0.00813412107527256,-0.4546947292983532,0.008169146254658699,-0.14683324098587036,0.003144552931189537,0.008169146254658699,23.0,True
tenant_floor,"{""scenario_id"": 23.0}",7,slow_stagger,"{""policy_id"": 7.0}",validation,8,33.23240661621094,0.036914825439453125,0.1,4,delay_13,True,False,transformer_export_peak_kw;transformer_draw_peak_kw;max_ramp_kw;curtailed_share;tenant_cost_delta_vs_fair_leg_chf_per_load_kwh;pv_only_cost_delta_vs_fair_leg_chf_per_load_kwh;pv_battery_cost_delta_vs_fair_leg_chf_per_load_kwh;large_flex_cost_delta_vs_fair_leg_chf_per_load_kwh,1.0,11.0,2.0,0.5,0.0,17.0,1000.0,0.0,0.0,1.0,0.005,1.0,1.0,0.0,0.0,0.0,0.0,0.0,0.0,0.0,10.032296180725098,62.462448596954346,0.4585193507373333,0.06963598821312189,1.0769278556108475,0.06473214272409678,0.7523927018046379,3.323030650615692,5.9105753898620605,0.7398773357272148,296.9983253479004,0.0023397648547368345,0.27924034552801413,23918326.64420334,0.20186838136108493,-0.3605227575891143,-23918326.442334957,-1.2118802880464412,-1.595225815033723,0.5919906571507454,1.0,1.3733862713749545e-08,0.20186838135123253,-0.18810454127378762,-0.44652416184544563,-0.14268078189343214,0.2231858465820551,-0.021317465230822563,-0.1964150513522327,0.008310510078445077,-0.4546947292983532,0.008170567452907562,-0.14683324098587036,0.004152459092438221,0.008310510078445077,23.0,True
tenant_floor,"{""scenario_id"": 23.0}",31,instant_slow_stagger_1h,"{""policy_id"": 31.0}",validation,8,33.23127365112305,0.03804779052734375,0.1,4,delay_13,True,False,transformer_export_peak_kw;transformer_draw_peak_kw;max_ramp_kw;curtailed_share;tenant_cost_delta_vs_fair_leg_chf_per_load_kwh;pv_only_cost_delta_vs_fair_leg_chf_per_load_kwh;pv_battery_cost_delta_vs_fair_leg_chf_per_load_kwh;large_flex_cost_delta_vs_fair_leg_chf_per_load_kwh,1.0,11.0,1.0,0.5,0.0,17.0,1000.0,0.0,10.0,1.0,0.005,1.0,1.0,0.0,0.0,0.0,0.0,0.0,0.0,0.0,7.973611354827881,58.36606025695801,0.4603794738650322,0.06561028538271785,1.0697836428880692,0.0575559982098639,0.7136711180210114,3.2468832433223724,7.850706577301025,0.7602918967604637,297.9650001525879,0.0030184937440935755,0.3035961656659809,457.86241891677656,0.20184161351572139,-0.3606870697389298,-457.6605773032609,-3.5828466916163855,-2.356674528325663,0.6758133172988892,1.0,1.324178278139243e-08,0.20184161514043808,-0.18819234939292073,-0.4455382041633129,-0.14432539325207472,0.2231858465820551,-0.021344231441617012,-0.1964150513522327,0.008222701959311962,-0.4546947292983532,0.009156525135040283,-0.14683324098587036,0.002507847733795643,0.009156525135040283,23.0,True
tenant_floor,"{""scenario_id"": 23.0}",6,stagger_11_2h,"{""policy_id"": 6.0}",validation,8,33.2086181640625,0.060703277587890625,0.1,4,delay_13,True,False,transformer_export_peak_kw;transformer_draw_peak_kw;max_ramp_kw;curtailed_share;tenant_cost_delta_vs_fair_leg_chf_per_load_kwh;pv_only_cost_delta_vs_fair_leg_chf_per_load_kwh;pv_battery_cost_delta_vs_fair_leg_chf_per_load_kwh;large_flex_cost_delta_vs_fair_leg_chf_per_load_kwh,1.0,11.0,2.0,1.0,0.0,17.0,1000.0,0.0,0.0,1.0,0.005,1.0,1.0,0.0,0.0,0.0,0.0,0.0,0.0,0.0,8.262276649475098,61.499595165252686,0.460007444024086,0.0667214635759592,1.0736812949180603,0.05728187598288059,0.7336159721016884,3.431496798992157,9.577751159667969,0.6486298143863678,297.592716217041,0.0031608147437509615,0.3034372609290172,23905041.443123735,0.20183886023707276,-0.36071158954213534,-23905041.241284873,-3.5880465598158957,-2.326098121598485,0.6746954992413521,1.0,1.3510677354666711e-08,0.20183886028826237,-0.18820559978485107,-0.44574092142283916,-0.14377272129058838,0.2231858465820551,-0.021346986293792725,-0.1964150513522327,0.00820945156738162,-0.4546947292983532,0.00895380787551403,-0.14683324098587036,0.0030605196952819824,0.00895380787551403,23.0,True
tenant_floor,"{""scenario_id"": 23.0}",5,stagger_11_1h,"{""policy_id"": 5.0}",validation,8,33.183937072753906,0.08538436889648438,0.1,4,delay_13,True,False,transformer_export_peak_kw;transformer_draw_peak_kw;max_ramp_kw;curtailed_share;tenant_cost_delta_vs_fair_leg_chf_per_load_kwh;pv_only_cost_delta_vs_fair_leg_chf_per_load_kwh;pv_battery_cost_delta_vs_fair_leg_chf_per_load_kwh;large_flex_cost_delta_vs_fair_leg_chf_per_load_kwh,1.0,11.0,1.0,1.0,0.0,17.0,1000.0,0.0,0.0,1.0,0.005,1.0,1.0,0.0,0.0,0.0,0.0,0.0,0.0,0.0,7.688343524932861,60.380101680755615,0.4603794738650322,0.06584421545267105,1.0721373707056046,0.0560972741805017,0.7210002988576889,3.3856402039527893,13.226926326751709,0.6966892257332802,297.29345893859863,0.003794290456426097,0.3071623829524064,39933779.743190125,0.20183590517755573,-0.36074956721729745,-39933779.54135422,-4.115492498149794,-2.4518579702173016,0.6869873255491257,1.0,1.367816682140699e-08,0.2018359061330557,-0.18822637433186173,-0.4453688394278288,-0.14362001791596413,0.2231858465820551,-0.021349940448999405,-0.1964150513522327,0.00818867702037096,-0.4546947292983532,0.009325889870524406,-0.14683324098587036,0.0032132230699062347,0.009325889870524406,23.0,True
tenant_floor,"{""scenario_id"": 23.0}",28,instant_stagger_2h_10,"{""policy_id"": 28.0}",validation,8,33.17507553100586,0.09424591064453125,0.1,4,delay_13,True,False,transformer_export_peak_kw;transformer_draw_peak_kw;max_ramp_kw;curtailed_share;tenant_cost_delta_vs_fair_leg_chf_per_load_kwh;pv_only_cost_delta_vs_fair_leg_chf_per_load_kwh;pv_battery_cost_delta_vs_fair_leg_chf_per_load_kwh;large_flex_cost_delta_vs_fair_leg_chf_per_load_kwh,1.0,11.0,2.0,1.0,0.0,17.0,1000.0,0.0,10.0,1.0,0.005,1.0,1.0,0.0,0.0,0.0,0.0,0.0,0.0,0.0,7.4043869972229,58.643639087677,0.4609375111758709,0.06507851695641875,1.0707576721906662,0.05477561056613922,0.7041191309690475,3.319744735956192,12.815296649932861,0.6609846577048302,297.2313423156738,0.004174396861344576,0.31037561683383263,458.9642617548958,0.20183377164124738,-0.360772319650744,-458.7624279832545,-6.3250163387171,-2.5824884345096693,0.6988474801182747,1.0,1.2610737898377522e-08,0.20183377154171467,-0.18823837349191308,-0.4448967669159174,-0.1438071709126234,0.2231858465820551,-0.021352075040340424,-0.1964150513522327,0.008176677860319614,-0.4546947292983532,0.009797962382435799,-0.14683324098587036,0.003026070073246956,0.009797962382435799,23.0,True
tou_evening_import,"{""scenario_id"": 8.0}",4,delay_13,"{""policy_id"": 4.0}",validation,8,33.86819839477539,0.0,0.1,4,delay_13,True,False,transformer_export_peak_kw;transformer_draw_peak_kw;max_ramp_kw;curtailed_share;tenant_cost_delta_vs_fair_leg_chf_per_load_kwh;pv_only_cost_delta_vs_fair_leg_chf_per_load_kwh;pv_battery_cost_delta_vs_fair_leg_chf_per_load_kwh;large_flex_cost_delta_vs_fair_leg_chf_per_load_kwh,1.0,13.0,0.0,1.0,0.0,17.0,1000.0,0.0,0.0,1.0,0.005,1.0,1.0,0.0,0.0,0.0,0.0,0.0,0.0,0.0,9.377837181091309,63.93289613723755,0.4596354179084301,0.07081815367564559,1.0800153762102127,0.06520206714048982,0.7637733221054077,3.519452780485153,10.187506675720215,0.7172819897532463,297.9040107727051,0.0023024828513484863,0.292871624516459,24298375.323224593,0.220478267334566,-0.3594487649159368,-24298375.102746326,-2.028638005394095,-2.01650309533096,0.6393399015069008,1.0,1.3602866388850998e-08,0.22047826834023,-0.18749272311106324,-0.45625452511012554,-0.1464715115725994,0.2231858465820551,-0.0027075782418251038,-0.1964150513522327,0.008922328241169453,-0.4546947292983532,-0.0015597958117723465,-0.14683324098587036,0.0003617294132709503,0.008922328241169453,8.0,True
tou_evening_import,"{""scenario_id"": 8.0}",31,instant_slow_stagger_1h,"{""policy_id"": 31.0}",validation,8,33.835506439208984,0.03269195556640625,0.1,4,delay_13,True,False,transformer_export_peak_kw;transformer_draw_peak_kw;max_ramp_kw;curtailed_share;tenant_cost_delta_vs_fair_leg_chf_per_load_kwh;pv_only_cost_delta_vs_fair_leg_chf_per_load_kwh;pv_battery_cost_delta_vs_fair_leg_chf_per_load_kwh;large_flex_cost_delta_vs_fair_leg_chf_per_load_kwh,1.0,11.0,1.0,0.5,0.0,17.0,1000.0,0.0,10.0,1.0,0.005,1.0,1.0,0.0,0.0,0.0,0.0,0.0,0.0,0.0,7.973611354827881,58.36606025695801,0.4603794738650322,0.06561028538271785,1.0697836428880692,0.0575559982098639,0.7136711180210114,3.2468832433223724,7.850706577301025,0.7602918967604637,297.9648380279541,0.0030184937440935755,0.3035961656659809,465.49352423603426,0.22092476596193972,-0.35862123126973067,-465.27259947007224,-3.6499269421204232,-2.4001731896864755,0.6758133172988892,1.0,1.324178278139243e-08,0.2209247648715973,-0.18704501236788929,-0.45516661554574966,-0.14743024855852127,0.2231858465820551,-0.002261081710457802,-0.1964150513522327,0.00937003898434341,-0.4546947292983532,-0.0004718862473964691,-0.14683324098587036,-0.0005970075726509094,0.00937003898434341,8.0,True
tou_evening_import,"{""scenario_id"": 8.0}",7,slow_stagger,"{""policy_id"": 7.0}",validation,8,33.82136154174805,0.04683685302734375,0.1,4,delay_13,True,False,transformer_export_peak_kw;transformer_draw_peak_kw;max_ramp_kw;curtailed_share;tenant_cost_delta_vs_fair_leg_chf_per_load_kwh;pv_only_cost_delta_vs_fair_leg_chf_per_load_kwh;pv_battery_cost_delta_vs_fair_leg_chf_per_load_kwh;large_flex_cost_delta_vs_fair_leg_chf_per_load_kwh,1.0,11.0,2.0,0.5,0.0,17.0,1000.0,0.0,0.0,1.0,0.005,1.0,1.0,0.0,0.0,0.0,0.0,0.0,0.0,0.0,10.032296180725098,62.462448596954346,0.4585193507373333,0.06963598821312189,1.0769278556108475,0.06473214272409678,0.7523927018046379,3.323030650615692,5.9105753898620605,0.7398773357272148,296.9982147216797,0.0023397648547368345,0.27924034552801413,24305504.64988065,0.22018915627188332,-0.35955163609773994,-24305504.429691494,-1.232184357721192,-1.6236177048282059,0.5919906571507454,1.0,1.3733862713749545e-08,0.22018915228545666,-0.1875517531298101,-0.4563473090529442,-0.14523626677691936,0.2231858465820551,-0.0029966942965984344,-0.1964150513522327,0.0088632982224226,-0.4546947292983532,-0.0016525797545909882,-0.14683324098587036,0.0015969742089509964,0.0088632982224226,8.0,True
tou_evening_import,"{""scenario_id"": 8.0}",6,stagger_11_2h,"{""policy_id"": 6.0}",validation,8,33.810691833496094,0.057506561279296875,0.1,4,delay_13,True,False,transformer_export_peak_kw;transformer_draw_peak_kw;max_ramp_kw;curtailed_share;tenant_cost_delta_vs_fair_leg_chf_per_load_kwh;pv_only_cost_delta_vs_fair_leg_chf_per_load_kwh;pv_battery_cost_delta_vs_fair_leg_chf_per_load_kwh;large_flex_cost_delta_vs_fair_leg_chf_per_load_kwh,1.0,11.0,2.0,1.0,0.0,17.0,1000.0,0.0,0.0,1.0,0.005,1.0,1.0,0.0,0.0,0.0,0.0,0.0,0.0,0.0,8.262276649475098,61.499595165252686,0.460007444024086,0.0667214635759592,1.0736812949180603,0.05728187598288059,0.7336159721016884,3.431496798992157,9.577751159667969,0.6486298143863678,297.592565536499,0.0031608147437509615,0.3034372609290172,24291317.184290007,0.2207106963150275,-0.3589468695606136,-24291316.963579316,-3.6561758287142734,-2.3687880550178484,0.6746954992413521,1.0,1.3510677354666711e-08,0.22071069665253162,-0.18722528382204473,-0.45539734326303005,-0.14673761930316687,0.2231858465820551,-0.002475149929523468,-0.1964150513522327,0.009189767530187964,-0.4546947292983532,-0.000702613964676857,-0.14683324098587036,9.562168270349503e-05,0.009189767530187964,8.0,True
tou_evening_import,"{""scenario_id"": 8.0}",5,stagger_11_1h,"{""policy_id"": 5.0}",validation,8,33.78761291503906,0.08058547973632812,0.1,4,delay_13,True,False,transformer_export_peak_kw;transformer_draw_peak_kw;max_ramp_kw;curtailed_share;tenant_cost_delta_vs_fair_leg_chf_per_load_kwh;pv_only_cost_delta_vs_fair_leg_chf_per_load_kwh;pv_battery_cost_delta_vs_fair_leg_chf_per_load_kwh;large_flex_cost_delta_vs_fair_leg_chf_per_load_kwh,1.0,11.0,1.0,1.0,0.0,17.0,1000.0,0.0,0.0,1.0,0.005,1.0,1.0,0.0,0.0,0.0,0.0,0.0,0.0,0.0,7.688343524932861,60.380101680755615,0.4603794738650322,0.06584421545267105,1.0721373707056046,0.0560972741805017,0.7210002988576889,3.3856402039527893,13.226926326751709,0.6966892257332802,297.2932872772217,0.003794290456426097,0.3071623829524064,40721517.16841973,0.22083460450544937,-0.35880496017468355,-40721516.94758513,-4.194674991236247,-2.497229945669173,0.6869873255491257,1.0,1.367816682140699e-08,0.22083460539579391,-0.1871470946352929,-0.45498066395521164,-0.14668340142816305,0.2231858465820551,-0.002351241186261177,-0.1964150513522327,0.009267956716939807,-0.4546947292983532,-0.0002859346568584442,-0.14683324098587036,0.00014983955770730972,0.009267956716939807,8.0,True
tou_evening_import,"{""scenario_id"": 8.0}",28,instant_stagger_2h_10,"{""policy_id"": 28.0}",validation,8,33.7794303894043,0.08876800537109375,0.1,4,delay_13,True,False,transformer_export_peak_kw;transformer_draw_peak_kw;max_ramp_kw;curtailed_share;tenant_cost_delta_vs_fair_leg_chf_per_load_kwh;pv_only_cost_delta_vs_fair_leg_chf_per_load_kwh;pv_battery_cost_delta_vs_fair_leg_chf_per_load_kwh;large_flex_cost_delta_vs_fair_leg_chf_per_load_kwh,1.0,11.0,2.0,1.0,0.0,17.0,1000.0,0.0,10.0,1.0,0.005,1.0,1.0,0.0,0.0,0.0,0.0,0.0,0.0,0.0,7.4043869972229,58.643639087677,0.4609375111758709,0.06507851695641875,1.0707576721906662,0.05477561056613922,0.7041191309690475,3.319744735956192,12.815296649932861,0.6609846577048302,297.2311363220215,0.004174396861344576,0.31037561683383263,466.6334253100765,0.2209716743252843,-0.35862745446829614,-466.41245363575126,-6.454179089976345,-2.630668761843967,0.6988474801182747,1.0,1.2610737898377522e-08,0.22097167558968067,-0.18704894091933966,-0.4545156639069319,-0.14694869332015514,0.2231858465820551,-0.00221417099237442,-0.1964150513522327,0.009366110432893038,-0.4546947292983532,0.00017906539142131805,-0.14683324098587036,-0.00011545233428478241,0.009366110432893038,8.0,True
tou_midday_export,"{""scenario_id"": 7.0}",5,stagger_11_1h,"{""policy_id"": 5.0}",validation,8,30.273794174194336,0.0,0.1,4,delay_13,False,False,transformer_export_peak_kw;transformer_draw_peak_kw;max_ramp_kw;curtailed_share;tenant_cost_delta_vs_fair_leg_chf_per_load_kwh;pv_only_cost_delta_vs_fair_leg_chf_per_load_kwh;pv_battery_cost_delta_vs_fair_leg_chf_per_load_kwh;large_flex_cost_delta_vs_fair_leg_chf_per_load_kwh,1.0,11.0,1.0,1.0,0.0,17.0,1000.0,0.0,0.0,1.0,0.005,1.0,1.0,0.0,0.0,0.0,0.0,0.0,0.0,0.0,7.688343524932861,60.380101680755615,0.4603794738650322,0.06584421545267105,1.0721373707056046,0.0560972741805017,0.7210002988576889,3.3856402039527893,13.226926326751709,0.6966892257332802,297.29329109191895,0.003794290456426097,0.3071623829524064,36473209.585548826,0.1150711572342206,-0.3431045721012942,-36473209.47047767,-3.752364225537086,-2.23754016576577,0.6869873255491257,1.0,1.367816682140699e-08,0.11507115699350834,-0.18079475325066596,-0.40064297802746296,-0.1326517192646861,0.2231858465820551,-0.10811468958854675,-0.1964150513522327,0.015620298101566732,-0.4546947292983532,0.054051751270890236,-0.14683324098587036,0.014181521721184254,0.054051751270890236,7.0,True
tou_midday_export,"{""scenario_id"": 7.0}",6,stagger_11_2h,"{""policy_id"": 6.0}",validation,8,30.27008819580078,0.0037059783935546875,0.1,4,delay_13,False,False,transformer_export_peak_kw;transformer_draw_peak_kw;max_ramp_kw;curtailed_share;tenant_cost_delta_vs_fair_leg_chf_per_load_kwh;pv_only_cost_delta_vs_fair_leg_chf_per_load_kwh;pv_battery_cost_delta_vs_fair_leg_chf_per_load_kwh;large_flex_cost_delta_vs_fair_leg_chf_per_load_kwh,1.0,11.0,2.0,1.0,0.0,17.0,1000.0,0.0,0.0,1.0,0.005,1.0,1.0,0.0,0.0,0.0,0.0,0.0,0.0,0.0,8.262276649475098,61.499595165252686,0.460007444024086,0.0667214635759592,1.0736812949180603,0.05728187598288059,0.7336159721016884,3.431496798992157,9.577751159667969,0.6486298143863678,297.5925693511963,0.0031608147437509615,0.3034372609290172,21433042.79143243,0.11394996756725045,-0.3446636035758307,-21433042.677482463,-3.2581728814447413,-2.1205153560638554,0.6746954992413521,1.0,1.3510677354666711e-08,0.11394996661692858,-0.18163310596719384,-0.4012482613325119,-0.13201790489256382,0.2231858465820551,-0.10923587996512651,-0.1964150513522327,0.014781945385038853,-0.4546947292983532,0.05344646796584129,-0.14683324098587036,0.014815336093306541,0.05344646796584129,7.0,True
tou_midday_export,"{""scenario_id"": 7.0}",4,delay_13,"{""policy_id"": 4.0}",validation,8,30.24494743347168,0.02884674072265625,0.1,4,delay_13,False,False,transformer_export_peak_kw;transformer_draw_peak_kw;max_ramp_kw;curtailed_share;tenant_cost_delta_vs_fair_leg_chf_per_load_kwh;pv_only_cost_delta_vs_fair_leg_chf_per_load_kwh;pv_battery_cost_delta_vs_fair_leg_chf_per_load_kwh;large_flex_cost_delta_vs_fair_leg_chf_per_load_kwh,1.0,13.0,0.0,1.0,0.0,17.0,1000.0,0.0,0.0,1.0,0.005,1.0,1.0,0.0,0.0,0.0,0.0,0.0,0.0,0.0,9.377837181091309,63.93289613723755,0.4596354179084301,0.07081815367564559,1.0800153762102127,0.06520206714048982,0.7637733221054077,3.519452780485153,10.187506675720215,0.7172819897532463,297.90400314331055,0.0023024828513484863,0.292871624516459,21484351.38057647,0.11091395652775504,-0.3491369220721209,-21484351.26966251,-1.78375366870605,-1.800199427750449,0.6393399015069008,1.0,1.3602866388850998e-08,0.11091395653784275,-0.18405225209426135,-0.40311108343303204,-0.1295174304395914,0.2231858465820551,-0.11227189004421234,-0.1964150513522327,0.012362799257971346,-0.4546947292983532,0.05158364586532116,-0.14683324098587036,0.017315810546278954,0.05158364586532116,7.0,True
tou_midday_export,"{""scenario_id"": 7.0}",3,delay_11,"{""policy_id"": 3.0}",validation,8,30.23826026916504,0.035533905029296875,0.1,4,delay_13,False,False,transformer_export_peak_kw;transformer_draw_peak_kw;max_ramp_kw;curtailed_share;tenant_cost_delta_vs_fair_leg_chf_per_load_kwh;pv_only_cost_delta_vs_fair_leg_chf_per_load_kwh;pv_battery_cost_delta_vs_fair_leg_chf_per_load_kwh;large_flex_cost_delta_vs_fair_leg_chf_per_load_kwh,1.0,11.0,0.0,1.0,0.0,17.0,1000.0,0.0,0.0,1.0,0.005,1.0,1.0,0.0,0.0,0.0,0.0,0.0,0.0,0.0,7.594048976898193,59.298158168792725,0.4603794738650322,0.06519872276112437,1.0712036192417145,0.05497141252271831,0.7037639692425728,3.348622888326645,13.635993003845215,0.7111844792962074,296.42567443847656,0.005021935299737379,0.3103008944216147,36286531.02538033,0.11583281281145466,-0.3420447278542246,-36286530.909547515,-4.13843385784119,-2.3084812335867855,0.6959897801280022,1.0,1.3634742335177918e-08,0.11583281308412552,-0.18021577026229352,-0.39929028041660786,-0.13284535706043243,0.2231858465820551,-0.10735303349792957,-0.1964150513522327,0.016199281089939177,-0.4546947292983532,0.05540444888174534,-0.14683324098587036,0.013987883925437927,0.05540444888174534,7.0,True
tou_midday_export,"{""scenario_id"": 7.0}",25,instant_stagger_1h_5,"{""policy_id"": 25.0}",validation,8,30.212831497192383,0.060962677001953125,0.1,4,delay_13,False,False,transformer_export_peak_kw;transformer_draw_peak_kw;max_ramp_kw;curtailed_share;tenant_cost_delta_vs_fair_leg_chf_per_load_kwh;pv_only_cost_delta_vs_fair_leg_chf_per_load_kwh;pv_battery_cost_delta_vs_fair_leg_chf_per_load_kwh;large_flex_cost_delta_vs_fair_leg_chf_per_load_kwh,1.0,11.0,1.0,1.0,0.0,17.0,1000.0,0.0,5.0,1.0,0.005,1.0,1.0,0.0,0.0,0.0,0.0,0.0,0.0,0.0,7.515251636505127,59.13919258117676,0.4601934626698494,0.06515346886590123,1.0710985213518143,0.054432956501841545,0.7066693007946014,3.3388316333293915,13.067245483398438,0.6942074596881866,296.94790267944336,0.0044329121155897155,0.3102620654308439,650.7809900691806,0.11423226775128223,-0.3443137869160431,-650.6667578014292,-4.720003226406702,-2.3290858500957623,0.6973951682448387,1.0,1.2711041996738004e-08,0.11423226911574602,-0.18144993454916403,-0.39915613643825054,-0.1325934762135148,0.2231858465820551,-0.10895357746630907,-0.1964150513522327,0.014965116803068668,-0.4546947292983532,0.055538592860102654,-0.14683324098587036,0.014239764772355556,0.055538592860102654,7.0,True
tou_midday_export,"{""scenario_id"": 7.0}",29,instant_stagger_1h_10_ref101,"{""policy_id"": 29.0}",validation,8,30.183917999267578,0.08987617492675781,0.1,4,delay_13,False,False,transformer_export_peak_kw;transformer_draw_peak_kw;max_ramp_kw;curtailed_share;tenant_cost_delta_vs_fair_leg_chf_per_load_kwh;pv_only_cost_delta_vs_fair_leg_chf_per_load_kwh;pv_battery_cost_delta_vs_fair_leg_chf_per_load_kwh;large_flex_cost_delta_vs_fair_leg_chf_per_load_kwh,1.0,11.0,1.0,1.0,0.0,17.0,1000.0,0.0,10.0,1.01,0.005,1.0,1.0,0.0,0.0,0.0,0.0,0.0,0.0,0.0,7.484078407287598,58.74466896057129,0.4607514999806881,0.06477066595107317,1.0704415291547775,0.05454064719378948,0.7024675831198692,3.326879620552063,12.720763683319092,0.69414222240448,296.7852668762207,0.004817308399651665,0.3116124824558113,8291.050179388809,0.11390509074771271,-0.3447460000044443,-8290.936274298061,-5.963741625710482,-2.3832293956071147,0.7024975493550301,1.0,1.2822837680559473e-08,0.11390509083867073,-0.18168523476924747,-0.39869430288672447,-0.13247531186789274,0.2231858465820551,-0.10928075574338436,-0.1964150513522327,0.014729816582985222,-0.4546947292983532,0.05600042641162872,-0.14683324098587036,0.01435792911797762,0.05600042641162872,7.0,True
tou_midday_export,"{""scenario_id"": 7.0}",31,instant_slow_stagger_1h,"{""policy_id"": 31.0}",validation,8,30.179920196533203,0.09387397766113281,0.1,4,delay_13,False,False,transformer_export_peak_kw;transformer_draw_peak_kw;max_ramp_kw;curtailed_share;tenant_cost_delta_vs_fair_leg_chf_per_load_kwh;pv_only_cost_delta_vs_fair_leg_chf_per_load_kwh;pv_battery_cost_delta_vs_fair_leg_chf_per_load_kwh;large_flex_cost_delta_vs_fair_leg_chf_per_load_kwh,1.0,11.0,1.0,0.5,0.0,17.0,1000.0,0.0,10.0,1.0,0.005,1.0,1.0,0.0,0.0,0.0,0.0,0.0,0.0,0.0,7.973611354827881,58.36606025695801,0.4603794738650322,0.06561028538271785,1.0697836428880692,0.0575559982098639,0.7136711180210114,3.2468832433223724,7.850706577301025,0.7602918967604637,297.96484565734863,0.0030184937440935755,0.3035961656659809,408.7353641207702,0.11050260649608933,-0.349473502288422,-408.6248615142741,-3.2123315209521097,-2.140540060195719,0.6758133172988892,1.0,1.324178278139243e-08,0.11050260532647371,-0.18425093597033992,-0.4002023730427027,-0.13101787120103836,0.2231858465820551,-0.11268324125558138,-0.1964150513522327,0.01216411538189277,-0.4546947292983532,0.05449235625565052,-0.14683324098587036,0.015815369784832,0.05449235625565052,7.0,True
tou_midday_export,"{""scenario_id"": 7.0}",28,instant_stagger_2h_10,"{""policy_id"": 28.0}",validation,8,30.1740665435791,0.09972763061523438,0.1,4,delay_13,False,False,transformer_export_peak_kw;transformer_draw_peak_kw;max_ramp_kw;curtailed_share;tenant_cost_delta_vs_fair_leg_chf_per_load_kwh;pv_only_cost_delta_vs_fair_leg_chf_per_load_kwh;pv_battery_cost_delta_vs_fair_leg_chf_per_load_kwh;large_flex_cost_delta_vs_fair_leg_chf_per_load_kwh,1.0,11.0,2.0,1.0,0.0,17.0,1000.0,0.0,10.0,1.0,0.005,1.0,1.0,0.0,0.0,0.0,0.0,0.0,0.0,0.0,7.4043869972229,58.643639087677,0.4609375111758709,0.06507851695641875,1.0707576721906662,0.05477561056613922,0.7041191309690475,3.319744735956192,12.815296649932861,0.6609846577048302,297.2311363220215,0.004174396861344576,0.31037561683383263,409.29513629874845,0.1126403497185313,-0.34653177331139934,-409.1824959490299,-5.764110381487553,-2.3501335061410553,0.6988474801182747,1.0,1.2610737898377522e-08,0.11264035105705261,-0.18265577731654048,-0.3987141754478216,-0.13224714249372482,0.2231858465820551,-0.11054549552500248,-0.1964150513522327,0.013759274035692215,-0.4546947292983532,0.05598055385053158,-0.14683324098587036,0.014586098492145538,0.05598055385053158,7.0,True
two_part_fixed,"{""scenario_id"": 22.0}",7,slow_stagger,"{""policy_id"": 7.0}",validation,8,35.46695327758789,0.0,0.1,4,delay_13,False,False,transformer_export_peak_kw;transformer_draw_peak_kw;max_ramp_kw;curtailed_share;tenant_cost_delta_vs_fair_leg_chf_per_load_kwh;pv_only_cost_delta_vs_fair_leg_chf_per_load_kwh;pv_battery_cost_delta_vs_fair_leg_chf_per_load_kwh;large_flex_cost_delta_vs_fair_leg_chf_per_load_kwh,1.0,11.0,2.0,0.5,0.0,17.0,1000.0,0.0,0.0,1.0,0.005,1.0,1.0,0.0,0.0,0.0,0.0,0.0,0.0,0.0,10.032296180725098,62.462448596954346,0.4585193507373333,0.06963598821312189,1.0769278556108475,0.06473214272409678,0.7523927018046379,3.323030650615692,5.9105753898620605,0.7398773357272148,296.9982376098633,0.0023397648547368345,0.27924034552801413,25317360.904596362,0.2708658063501823,-0.38617937678209585,-25317360.633730557,-1.314332921658648,-1.703489620706484,0.5919906571507454,1.0,1.3733862713749545e-08,0.2708658054471016,-0.20106473099440336,-0.47240392677485943,-0.15563915111124516,0.2231858465820551,0.0476799588650465,-0.1964150513522327,-0.004649679642170668,-0.4546947292983532,-0.017709197476506233,-0.14683324098587036,-0.008805910125374794,0.0476799588650465,22.0,True
two_part_fixed,"{""scenario_id"": 22.0}",4,delay_13,"{""policy_id"": 4.0}",validation,8,35.449493408203125,0.017459869384765625,0.1,4,delay_13,False,False,transformer_export_peak_kw;transformer_draw_peak_kw;max_ramp_kw;curtailed_share;tenant_cost_delta_vs_fair_leg_chf_per_load_kwh;pv_only_cost_delta_vs_fair_leg_chf_per_load_kwh;pv_battery_cost_delta_vs_fair_leg_chf_per_load_kwh;large_flex_cost_delta_vs_fair_leg_chf_per_load_kwh,1.0,13.0,0.0,1.0,0.0,17.0,1000.0,0.0,0.0,1.0,0.005,1.0,1.0,0.0,0.0,0.0,0.0,0.0,0.0,0.0,9.377837181091309,63.93289613723755,0.4596354179084301,0.07081815367564559,1.0800153762102127,0.06520206714048982,0.7637733221054077,3.519452780485153,10.187506675720215,0.7172819897532463,297.90394592285156,0.0023024828513484863,0.292871624516459,25328611.004173823,0.2689713013417159,-0.3891736405427274,-25328610.73520252,-2.140837021163093,-2.1113072198175975,0.6393399015069008,1.0,1.3602866388850998e-08,0.2689712978899479,-0.2026613901834935,-0.47315569408237934,-0.15511497855186462,0.2231858465820551,0.0457854513078928,-0.1964150513522327,-0.0062463388312608,-0.4546947292983532,-0.018460964784026146,-0.14683324098587036,-0.008281737565994263,0.0457854513078928,22.0,True
two_part_fixed,"{""scenario_id"": 22.0}",31,instant_slow_stagger_1h,"{""policy_id"": 31.0}",validation,8,35.378387451171875,0.08856582641601562,0.1,4,delay_13,False,False,transformer_export_peak_kw;transformer_draw_peak_kw;max_ramp_kw;curtailed_share;tenant_cost_delta_vs_fair_leg_chf_per_load_kwh;pv_only_cost_delta_vs_fair_leg_chf_per_load_kwh;pv_battery_cost_delta_vs_fair_leg_chf_per_load_kwh;large_flex_cost_delta_vs_fair_leg_chf_per_load_kwh,1.0,11.0,1.0,0.5,0.0,17.0,1000.0,0.0,10.0,1.0,0.005,1.0,1.0,0.0,0.0,0.0,0.0,0.0,0.0,0.0,7.973611354827881,58.36606025695801,0.4603794738650322,0.06561028538271785,1.0697836428880692,0.0575559982098639,0.7136711180210114,3.2468832433223724,7.850706577301025,0.7602918967604637,297.96481132507324,0.0030184937440935755,0.3035961656659809,485.67870170195056,0.26752695873424726,-0.3910501758177386,-485.41117474321635,-3.8277526267717343,-2.5089257531288327,0.6758133172988892,1.0,1.324178278139243e-08,0.2675269581377506,-0.203676636563614,-0.4723522700369358,-0.1548031670972705,0.2231858465820551,0.044341111555695534,-0.1964150513522327,-0.007261585211381316,-0.4546947292983532,-0.01765754073858261,-0.14683324098587036,-0.007969926111400127,0.044341111555695534,22.0,True
two_part_volumetric,"{""scenario_id"": 21.0}",4,delay_13,"{""policy_id"": 4.0}",validation,8,32.43315124511719,0.0,0.1,4,delay_13,False,False,transformer_export_peak_kw;transformer_draw_peak_kw;max_ramp_kw;curtailed_share;tenant_cost_delta_vs_fair_leg_chf_per_load_kwh;pv_only_cost_delta_vs_fair_leg_chf_per_load_kwh;pv_battery_cost_delta_vs_fair_leg_chf_per_load_kwh;large_flex_cost_delta_vs_fair_leg_chf_per_load_kwh,1.0,13.0,0.0,1.0,0.0,17.0,1000.0,0.0,0.0,1.0,0.005,1.0,1.0,0.0,0.0,0.0,0.0,0.0,0.0,0.0,9.377837181091309,63.93289613723755,0.4596354179084301,0.07081815367564559,1.0800153762102127,0.06520206714048982,0.7637733221054077,3.519452780485153,10.187506675720215,0.7172819897532463,297.9040012359619,0.0023024828513484863,0.292871624516459,23148879.656166263,0.1774003751437103,-0.36248586359580537,-23148879.478765886,-1.917647361481637,-1.9311718107784275,0.6393399015069008,1.0,1.3602866388850998e-08,0.1774003766477108,-0.19016868341714144,-0.4362337179481983,-0.1385515220463276,0.2231858465820551,-0.04578546993434429,-0.1964150513522327,0.006246367935091257,-0.4546947292983532,0.018461011350154877,-0.14683324098587036,0.00828171893954277,0.018461011350154877,21.0,True
two_part_volumetric,"{""scenario_id"": 21.0}",31,instant_slow_stagger_1h,"{""policy_id"": 31.0}",validation,8,32.42816162109375,0.0049896240234375,0.1,4,delay_13,False,False,transformer_export_peak_kw;transformer_draw_peak_kw;max_ramp_kw;curtailed_share;tenant_cost_delta_vs_fair_leg_chf_per_load_kwh;pv_only_cost_delta_vs_fair_leg_chf_per_load_kwh;pv_battery_cost_delta_vs_fair_leg_chf_per_load_kwh;large_flex_cost_delta_vs_fair_leg_chf_per_load_kwh,1.0,11.0,1.0,0.5,0.0,17.0,1000.0,0.0,10.0,1.0,0.005,1.0,1.0,0.0,0.0,0.0,0.0,0.0,0.0,0.0,7.973611354827881,58.36606025695801,0.4603794738650322,0.06561028538271785,1.0697836428880692,0.0575559982098639,0.7136711180210114,3.2468832433223724,7.850706577301025,0.7602918967604637,297.96484375,0.0030184937440935755,0.3035961656659809,443.07100869526766,0.17882367558548323,-0.36027271942303773,-442.89218501968224,-3.462268720637014,-2.3008807809134177,0.6758133172988892,1.0,1.324178278139243e-08,0.17882367596030235,-0.1889762373175472,-0.43506244756281376,-0.14013669732958078,0.2231858465820551,-0.04436217062175274,-0.1964150513522327,0.0074388140346854925,-0.4546947292983532,0.019632281735539436,-0.14683324098587036,0.0066965436562895775,0.019632281735539436,21.0,True
two_part_volumetric,"{""scenario_id"": 21.0}",6,stagger_11_2h,"{""policy_id"": 6.0}",validation,8,32.402801513671875,0.0303497314453125,0.1,4,delay_13,False,False,transformer_export_peak_kw;transformer_draw_peak_kw;max_ramp_kw;curtailed_share;tenant_cost_delta_vs_fair_leg_chf_per_load_kwh;pv_only_cost_delta_vs_fair_leg_chf_per_load_kwh;pv_battery_cost_delta_vs_fair_leg_chf_per_load_kwh;large_flex_cost_delta_vs_fair_leg_chf_per_load_kwh,1.0,11.0,2.0,1.0,0.0,17.0,1000.0,0.0,0.0,1.0,0.005,1.0,1.0,0.0,0.0,0.0,0.0,0.0,0.0,0.0,8.262276649475098,61.499595165252686,0.460007444024086,0.0667214635759592,1.0736812949180603,0.05728187598288059,0.7336159721016884,3.431496798992157,9.577751159667969,0.6486298143863678,297.5925827026367,0.0031608147437509615,0.3034372609290172,23125697.96144641,0.17879787619045273,-0.36034842367454245,-23125697.782648526,-3.4779747396118412,-2.2710083134025916,0.6746954992413521,1.0,1.3510677354666711e-08,0.1787978783249855,-0.1890108548104763,-0.43487850576639175,-0.13979420065879822,0.2231858465820551,-0.04438796825706959,-0.1964150513522327,0.0074041965417563915,-0.4546947292983532,0.01981622353196144,-0.14683324098587036,0.0070390403270721436,0.01981622353196144,21.0,True
two_part_volumetric,"{""scenario_id"": 21.0}",28,instant_stagger_2h_10,"{""policy_id"": 28.0}",validation,8,32.39005661010742,0.043094635009765625,0.1,4,delay_13,False,False,transformer_export_peak_kw;transformer_draw_peak_kw;max_ramp_kw;curtailed_share;tenant_cost_delta_vs_fair_leg_chf_per_load_kwh;pv_only_cost_delta_vs_fair_leg_chf_per_load_kwh;pv_battery_cost_delta_vs_fair_leg_chf_per_load_kwh;large_flex_cost_delta_vs_fair_leg_chf_per_load_kwh,1.0,11.0,2.0,1.0,0.0,17.0,1000.0,0.0,10.0,1.0,0.005,1.0,1.0,0.0,0.0,0.0,0.0,0.0,0.0,0.0,7.4043869972229,58.643639087677,0.4609375111758709,0.06507851695641875,1.0707576721906662,0.05477561056613922,0.7041191309690475,3.319744735956192,12.815296649932861,0.6609846577048302,297.23115730285645,0.004174396861344576,0.31037561683383263,443.983278186391,0.1797429565454816,-0.3590551591203165,-443.8035352298455,-6.164263786803756,-2.52356211570338,0.6988474801182747,1.0,1.2610737898377522e-08,0.17974295280873775,-0.18831027718260884,-0.4339547697454691,-0.1404273035004735,0.2231858465820551,-0.04344289377331734,-0.1964150513522327,0.008104774169623852,-0.4546947292983532,0.020739959552884102,-0.14683324098587036,0.006405937485396862,0.020739959552884102,21.0,True
two_part_volumetric,"{""scenario_id"": 21.0}",5,stagger_11_1h,"{""policy_id"": 5.0}",validation,8,32.389896392822266,0.043254852294921875,0.1,4,delay_13,False,False,transformer_export_peak_kw;transformer_draw_peak_kw;max_ramp_kw;curtailed_share;tenant_cost_delta_vs_fair_leg_chf_per_load_kwh;pv_only_cost_delta_vs_fair_leg_chf_per_load_kwh;pv_battery_cost_delta_vs_fair_leg_chf_per_load_kwh;large_flex_cost_delta_vs_fair_leg_chf_per_load_kwh,1.0,11.0,1.0,1.0,0.0,17.0,1000.0,0.0,0.0,1.0,0.005,1.0,1.0,0.0,0.0,0.0,0.0,0.0,0.0,0.0,7.688343524932861,60.380101680755615,0.4603794738650322,0.06584421545267105,1.0721373707056046,0.0560972741805017,0.7210002988576889,3.3856402039527893,13.226926326751709,0.6966892257332802,297.29329681396484,0.003794290456426097,0.3071623829524064,39108091.06540146,0.1793055752162514,-0.35965986410449435,-39108090.88609588,-3.992734567106413,-2.394911898824697,0.6869873255491257,1.0,1.367816682140699e-08,0.1793055757880211,-0.18863734393380582,-0.43444178625941277,-0.1399720637127757,0.2231858465820551,-0.043880270794034004,-0.1964150513522327,0.007777707418426871,-0.4546947292983532,0.02025294303894043,-0.14683324098587036,0.006861177273094654,0.02025294303894043,21.0,True
two_part_volumetric,"{""scenario_id"": 21.0}",25,instant_stagger_1h_5,"{""policy_id"": 25.0}",validation,8,32.37734603881836,0.055805206298828125,0.1,4,delay_13,False,False,transformer_export_peak_kw;transformer_draw_peak_kw;max_ramp_kw;curtailed_share;tenant_cost_delta_vs_fair_leg_chf_per_load_kwh;pv_only_cost_delta_vs_fair_leg_chf_per_load_kwh;pv_battery_cost_delta_vs_fair_leg_chf_per_load_kwh;large_flex_cost_delta_vs_fair_leg_chf_per_load_kwh,1.0,11.0,1.0,1.0,0.0,17.0,1000.0,0.0,5.0,1.0,0.005,1.0,1.0,0.0,0.0,0.0,0.0,0.0,0.0,0.0,7.515251636505127,59.13919258117676,0.4601934626698494,0.06515346886590123,1.0710985213518143,0.054432956501841545,0.7066693007946014,3.3388316333293915,13.067245483398438,0.6942074596881866,296.9479236602783,0.0044329121155897155,0.3102620654308439,704.1633777924319,0.17973396737985636,-0.35908715965263377,-703.983643825052,-5.031762439889082,-2.496691530254787,0.6973951682448387,1.0,1.2711041996738004e-08,0.17973396740853786,-0.18832608847878873,-0.43371509574353695,-0.14022416900843382,0.2231858465820551,-0.04345187917351723,-0.1964150513522327,0.008088962873443961,-0.4546947292983532,0.020979633554816246,-0.14683324098587036,0.0066090719774365425,0.020979633554816246,21.0,True
two_part_volumetric,"{""scenario_id"": 21.0}",29,instant_stagger_1h_10_ref101,"{""policy_id"": 29.0}",validation,8,32.36772155761719,0.0654296875,0.1,4,delay_13,False,False,transformer_export_peak_kw;transformer_draw_peak_kw;max_ramp_kw;curtailed_share;tenant_cost_delta_vs_fair_leg_chf_per_load_kwh;pv_only_cost_delta_vs_fair_leg_chf_per_load_kwh;pv_battery_cost_delta_vs_fair_leg_chf_per_load_kwh;large_flex_cost_delta_vs_fair_leg_chf_per_load_kwh,1.0,11.0,1.0,1.0,0.0,17.0,1000.0,0.0,10.0,1.01,0.005,1.0,1.0,0.0,0.0,0.0,0.0,0.0,0.0,0.0,7.484078407287598,58.74466896057129,0.4607514999806881,0.06477066595107317,1.0704415291547775,0.05454064719378948,0.7024675831198692,3.326879620552063,12.720763683319092,0.69414222240448,296.7853202819824,0.004817308399651665,0.3116124824558113,8967.797484799337,0.17992725303585397,-0.3587880426060374,-8967.617557546304,-6.363684057192161,-2.556332491761479,0.7024975493550301,1.0,1.2822837680559473e-08,0.17992725409567356,-0.18816434778273106,-0.4334014058113098,-0.14032898470759392,0.2231858465820551,-0.04325859248638153,-0.1964150513522327,0.008250703569501638,-0.4546947292983532,0.02129332348704338,-0.14683324098587036,0.0065042562782764435,0.02129332348704338,21.0,True
two_part_volumetric,"{""scenario_id"": 21.0}",26,instant_stagger_1h_10,"{""policy_id"": 26.0}",validation,8,32.34982681274414,0.08332443237304688,0.1,4,delay_13,False,False,transformer_export_peak_kw;transformer_draw_peak_kw;max_ramp_kw;curtailed_share;tenant_cost_delta_vs_fair_leg_chf_per_load_kwh;pv_only_cost_delta_vs_fair_leg_chf_per_load_kwh;pv_battery_cost_delta_vs_fair_leg_chf_per_load_kwh;large_flex_cost_delta_vs_fair_leg_chf_per_load_kwh,1.0,11.0,1.0,1.0,0.0,17.0,1000.0,0.0,10.0,1.0,0.005,1.0,1.0,0.0,0.0,0.0,0.0,0.0,0.0,0.0,7.400095462799072,58.960318088531494,0.4611235223710537,0.06475628213956952,1.070232704281807,0.05435463646426797,0.7024599388241768,3.346191853284836,13.07767629623413,0.6923825144767761,296.47835540771484,0.0051213028928032145,0.31258793075858493,443.16507798282976,0.18006080236329683,-0.3586465728793715,-442.98501718046646,-6.945490921411849,-2.57712091120029,0.705148346722126,1.0,1.2866955279022818e-08,0.18006080016493797,-0.18808697629719973,-0.43291543051600456,-0.14031889289617538,0.2231858465820551,-0.04312504641711712,-0.1964150513522327,0.008328075055032969,-0.4546947292983532,0.021779298782348633,-0.14683324098587036,0.006514348089694977,0.021779298782348633,21.0,True
two_part_volumetric,"{""scenario_id"": 21.0}",7,slow_stagger,"{""policy_id"": 7.0}",validation,8,32.341861724853516,0.09128952026367188,0.1,4,delay_13,False,False,transformer_export_peak_kw;transformer_draw_peak_kw;max_ramp_kw;curtailed_share;tenant_cost_delta_vs_fair_leg_chf_per_load_kwh;pv_only_cost_delta_vs_fair_leg_chf_per_load_kwh;pv_battery_cost_delta_vs_fair_leg_chf_per_load_kwh;large_flex_cost_delta_vs_fair_leg_chf_per_load_kwh,1.0,11.0,2.0,0.5,0.0,17.0,1000.0,0.0,0.0,1.0,0.005,1.0,1.0,0.0,0.0,0.0,0.0,0.0,0.0,0.0,10.032296180725098,62.462448596954346,0.4585193507373333,0.06963598821312189,1.0769278556108475,0.06473214272409678,0.7523927018046379,3.323030650615692,5.9105753898620605,0.7398773357272148,296.9982604980469,0.0023397648547368345,0.27924034552801413,23174249.57382855,0.17553828324475115,-0.36481485117826196,-23174249.398290265,-1.1545715319205798,-1.5522835212882045,0.5919906571507454,1.0,1.3733862713749545e-08,0.17553828097879887,-0.19141250173561275,-0.43698275089263916,-0.13601159490644932,0.2231858465820551,-0.047647565603256226,-0.1964150513522327,0.005002549616619945,-0.4546947292983532,0.017711978405714035,-0.14683324098587036,0.010821646079421043,0.017711978405714035,21.0,True
voltage_level_exposure,"{""scenario_id"": 15.0}",31,instant_slow_stagger_1h,"{""policy_id"": 31.0}",validation,8,30.700889587402344,0.0,0.1,4,delay_13,False,False,transformer_export_peak_kw;transformer_draw_peak_kw;max_ramp_kw;curtailed_share;tenant_cost_delta_vs_fair_leg_chf_per_load_kwh;pv_only_cost_delta_vs_fair_leg_chf_per_load_kwh;pv_battery_cost_delta_vs_fair_leg_chf_per_load_kwh;large_flex_cost_delta_vs_fair_leg_chf_per_load_kwh,1.0,11.0,1.0,0.5,0.0,17.0,1000.0,0.0,10.0,1.0,0.005,1.0,1.0,0.0,0.0,0.0,0.0,0.0,0.0,0.0,7.973611354827881,58.36606025695801,0.4603794738650322,0.06561028538271785,1.0697836428880692,0.0575559982098639,0.7136711180210114,3.2468832433223724,7.850706577301025,0.7602918967604637,297.9648323059082,0.0030184937440935755,0.3035961656659809,451.12960185544716,0.13416236479540786,-0.48216874444617774,-450.99543949065173,-2.469911645256232,-2.181499823975565,0.6758133172988892,1.0,1.324178278139243e-08,0.13416236476041377,-0.25483288522809744,-0.4401078186929226,-0.10457293037325144,0.2231858465820551,-0.08902348182164133,-0.1964150513522327,-0.058417833875864744,-0.4546947292983532,0.014586910605430603,-0.14683324098587036,0.04226031061261892,0.04226031061261892,15.0,True
voltage_level_exposure,"{""scenario_id"": 15.0}",28,instant_stagger_2h_10,"{""policy_id"": 28.0}",validation,8,30.63174819946289,0.06914138793945312,0.1,4,delay_13,False,False,transformer_export_peak_kw;transformer_draw_peak_kw;max_ramp_kw;curtailed_share;tenant_cost_delta_vs_fair_leg_chf_per_load_kwh;pv_only_cost_delta_vs_fair_leg_chf_per_load_kwh;pv_battery_cost_delta_vs_fair_leg_chf_per_load_kwh;large_flex_cost_delta_vs_fair_leg_chf_per_load_kwh,1.0,11.0,2.0,1.0,0.0,17.0,1000.0,0.0,10.0,1.0,0.005,1.0,1.0,0.0,0.0,0.0,0.0,0.0,0.0,0.0,7.4043869972229,58.643639087677,0.4609375111758709,0.06507851695641875,1.0707576721906662,0.05477561056613922,0.7041191309690475,3.319744735956192,12.815296649932861,0.6609846577048302,297.2311363220215,0.004174396861344576,0.31037561683383263,452.56860547695993,0.1349532126546992,-0.48178221216836153,-452.43365226430524,-4.648494857476802,-2.3947037480832636,0.6988474801182747,1.0,1.2610737898377522e-08,0.13495321152731776,-0.25460518489126116,-0.440224964171648,-0.1039901957847178,0.2231858465820551,-0.08823263505473733,-0.1964150513522327,-0.058190133539028466,-0.4546947292983532,0.01446976512670517,-0.14683324098587036,0.04284304520115256,0.04284304520115256,15.0,True
voltage_level_exposure,"{""scenario_id"": 15.0}",29,instant_stagger_1h_10_ref101,"{""policy_id"": 29.0}",validation,8,30.627166748046875,0.07372283935546875,0.1,4,delay_13,False,False,transformer_export_peak_kw;transformer_draw_peak_kw;max_ramp_kw;curtailed_share;tenant_cost_delta_vs_fair_leg_chf_per_load_kwh;pv_only_cost_delta_vs_fair_leg_chf_per_load_kwh;pv_battery_cost_delta_vs_fair_leg_chf_per_load_kwh;large_flex_cost_delta_vs_fair_leg_chf_per_load_kwh,1.0,11.0,1.0,1.0,0.0,17.0,1000.0,0.0,10.0,1.01,0.005,1.0,1.0,0.0,0.0,0.0,0.0,0.0,0.0,0.0,7.484078407287598,58.74466896057129,0.4607514999806881,0.06477066595107317,1.0704415291547775,0.05454064719378948,0.7024675831198692,3.326879620552063,12.720763683319092,0.69414222240448,296.7853088378906,0.004817308399651665,0.3116124824558113,9151.77410726893,0.1359414435495802,-0.480539137916602,-9151.638165825381,-4.835566107133034,-2.428221577208136,0.7024975493550301,1.0,1.2822837680559473e-08,0.1359414446633309,-0.25393021130003035,-0.43944648280739784,-0.10448035597801208,0.2231858465820551,-0.08724440191872418,-0.1964150513522327,-0.057515159947797656,-0.4546947292983532,0.015248246490955353,-0.14683324098587036,0.042352885007858276,0.042352885007858276,15.0,True
voltage_level_exposure,"{""scenario_id"": 15.0}",26,instant_stagger_1h_10,"{""policy_id"": 26.0}",validation,8,30.601604461669922,0.09928512573242188,0.1,4,delay_13,False,False,transformer_export_peak_kw;transformer_draw_peak_kw;max_ramp_kw;curtailed_share;tenant_cost_delta_vs_fair_leg_chf_per_load_kwh;pv_only_cost_delta_vs_fair_leg_chf_per_load_kwh;pv_battery_cost_delta_vs_fair_leg_chf_per_load_kwh;large_flex_cost_delta_vs_fair_leg_chf_per_load_kwh,1.0,11.0,1.0,1.0,0.0,17.0,1000.0,0.0,10.0,1.0,0.005,1.0,1.0,0.0,0.0,0.0,0.0,0.0,0.0,0.0,7.400095462799072,58.960318088531494,0.4611235223710537,0.06475628213956952,1.070232704281807,0.05435463646426797,0.7024599388241768,3.346191853284836,13.07767629623413,0.6923825144767761,296.4783477783203,0.0051213028928032145,0.31258793075858493,451.64554877941436,0.13602313521337794,-0.48035751228733736,-451.50952564420095,-5.3323569944708025,-2.4479443195339643,0.705148346722126,1.0,1.2866955279022818e-08,0.13602313585579395,-0.25383556622546166,-0.43857278674840927,-0.10467159887775779,0.2231858465820551,-0.08716271072626114,-0.1964150513522327,-0.05742051487322897,-0.4546947292983532,0.016121942549943924,-0.14683324098587036,0.042161642108112574,0.042161642108112574,15.0,True
voltage_sensitivity,"{""scenario_id"": 16.0}",2,delay_09,"{""policy_id"": 2.0}",validation,8,31.579280853271484,0.0,0.1,4,delay_13,False,False,transformer_export_peak_kw;transformer_draw_peak_kw;max_ramp_kw;curtailed_share;tenant_cost_delta_vs_fair_leg_chf_per_load_kwh;pv_only_cost_delta_vs_fair_leg_chf_per_load_kwh;pv_battery_cost_delta_vs_fair_leg_chf_per_load_kwh;large_flex_cost_delta_vs_fair_leg_chf_per_load_kwh,1.0,9.0,0.0,1.0,0.0,17.0,1000.0,0.0,0.0,1.0,0.005,1.0,1.0,0.0,0.0,0.0,0.0,0.0,0.0,0.0,7.3639750480651855,62.49821186065674,0.4607514962553978,0.06669187126681209,1.0749972015619278,0.055960212368518114,0.72380780428648,3.6164132058620453,16.141772270202637,0.6736599951982498,291.20911598205566,0.012420074024703354,0.31959917935908466,38263898.732792266,0.17413953407052418,-0.3395374658121638,-38263898.55865273,-7.739503744945615,-2.645245309906938,0.7178204581141472,1.0,1.1029602897671964e-08,0.17413953505456448,-0.17752008000388741,-0.4401618894189596,-0.12946063000708818,0.2231858465820551,-0.049046311527490616,-0.1964150513522327,0.01889497134834528,-0.4546947292983532,0.014532839879393578,-0.14683324098587036,0.017372610978782177,0.01889497134834528,16.0,True
voltage_sensitivity,"{""scenario_id"": 16.0}",15,voltage_stagger,"{""policy_id"": 15.0}",validation,8,31.47951889038086,0.099761962890625,0.1,4,delay_13,False,False,transformer_export_peak_kw;transformer_draw_peak_kw;max_ramp_kw;curtailed_share;tenant_cost_delta_vs_fair_leg_chf_per_load_kwh;pv_only_cost_delta_vs_fair_leg_chf_per_load_kwh;pv_battery_cost_delta_vs_fair_leg_chf_per_load_kwh;large_flex_cost_delta_vs_fair_leg_chf_per_load_kwh,1.0,11.0,2.0,1.0,0.0,17.0,1000.0,25.0,0.0,1.0,0.005,1.0,1.0,0.0,0.0,0.0,0.0,0.0,0.0,0.0,7.663846015930176,59.0569372177124,0.4607514962553978,0.06589061301201582,1.071701392531395,0.059729401022195816,0.7021631449460983,3.3284698128700256,12.647569179534912,0.6639832034707069,296.730073928833,0.004887180060904939,0.3113519455067952,392.1161652382002,0.17188635956970272,-0.37044270699996784,-391.94427887863054,-6.40787607527758,-2.4886568588083477,0.6998511999845505,1.0,1.2619240874478521e-08,0.1718863621354103,-0.194020785856992,-0.4573277737945318,-0.12163668684661388,0.2231858465820551,-0.05129948444664478,-0.1964150513522327,0.0023942654952406883,-0.4546947292983532,-0.002633044496178627,-0.14683324098587036,0.025196554139256477,0.025196554139256477,16.0,True
