,,transformer_draw_peak_kw,transformer_draw_peak_kw,transformer_export_peak_kw,transformer_export_peak_kw,reverse_flow_share,reverse_flow_share,losses_share,losses_share,voltage_p99_pu,voltage_p99_pu,over_voltage_share,over_voltage_share,coincidence_factor,coincidence_factor,peak_to_average,peak_to_average,max_ramp_kw,max_ramp_kw,flex_synchrony,flex_synchrony,community_settlement_chf,community_settlement_chf,curtailed_share,curtailed_share,self_consumption_share,self_consumption_share,cost_per_kwh_spread_chf,cost_per_kwh_spread_chf,tenant_cost_per_kwh_chf,tenant_cost_per_kwh_chf,pv_only_cost_per_kwh_chf,pv_only_cost_per_kwh_chf,pv_battery_cost_per_kwh_chf,pv_battery_cost_per_kwh_chf,large_flex_cost_per_kwh_chf,large_flex_cost_per_kwh_chf,owner_cost_per_kwh_chf,owner_cost_per_kwh_chf,tenant_import_share,tenant_import_share
,,mean,std,mean,std,mean,std,mean,std,mean,std,mean,std,mean,std,mean,std,mean,std,mean,std,mean,std,mean,std,mean,std,mean,std,mean,std,mean,std,mean,std,mean,std,mean,std,mean,std
split,run,,,,,,,,,,,,,,,,,,,,,,,,,,,,,,,,,,,,,,,,
test,fair_leg/default_base,7.895112037658691,1.6605241433217772,65.30489883422851,7.502285208105379,0.42172619700431824,0.012575112589637607,0.07587669119238853,0.015241042582588783,1.083418607711792,0.01716394844346152,0.07427161568775772,0.027828149518768063,0.7682901978492737,0.058020549425283306,3.6697436571121216,0.21208226260139412,15.279912948608398,2.787619691537706,0.5959129840135574,0.05591904160622876,294.27956466674806,67.82366849417777,0.014975375216454267,0.004138301094877671,0.3009249860204282,0.02828991993272824,11.350011207193958,6.8862076781665715,0.2231269288334566,0.0005574641221317284,-0.5001674039248015,0.20669193186492107,-11.065538408266617,6.941527889641379,-2.240532635235743,1.6845157811083928,-2.0274144054014247,0.759155187650478,0.6554691106081009,0.061944007328567814
test,fair_leg/fixed_base,7.895112037658691,1.6605241433217772,65.30489883422851,7.502285208105379,0.42172619700431824,0.012575112589637607,0.07587669119238853,0.015241042582588783,1.083418607711792,0.01716394844346152,0.07427161568775772,0.027828149518768063,0.7682901978492737,0.058020549425283306,3.6697436571121216,0.21208226260139412,15.279912948608398,2.787619691537706,0.5959129840135574,0.05591904160622876,294.27956466674806,67.82366849417777,0.014975375216454267,0.004138301094877671,0.3009249860204282,0.02828991993272824,11.350011207193958,6.8862076781665715,0.2231269288334566,0.0005574641221317284,-0.5001674039248015,0.20669193186492107,-11.065538408266617,6.941527889641379,-2.240532635235743,1.6845157811083928,-2.0274144054014247,0.759155187650478,0.6554691106081009,0.061944007328567814
test,fair_leg/tuned_base,8.889389038085938,1.8009213574909366,67.19367446899415,6.834500400395369,0.4580357238650322,0.004984799533481479,0.07340804859995842,0.013236836530914425,1.0852035939693452,0.01586139542603239,0.07431469270959497,0.02550048535687864,0.7863730311393737,0.050148545272752185,3.590392220020294,0.21253598899187387,48.4116548538208,5.36936022312856,0.7144156336784363,0.052163839622191586,303.01838912963865,70.52295597293987,0.003062484661313647,0.0022555886760165077,0.2798584685578641,0.025061093072514546,11.1690319481327,8.986483916174398,0.22283376515059877,0.0006023671195829764,-0.4962877802725809,0.20623304975676604,-10.875239530226498,9.049455033407568,-1.5320856477138949,1.1721547784220576,-1.6888381962864258,0.6823838215131418,0.6069517001509667,0.06587519292321922
test,fair_leg/tuned_family,8.840775489807129,1.9528233230047345,65.75806179046631,6.661991165589068,0.4586309626698494,0.00498479766047134,0.07115084305405617,0.013296499669401926,1.0810974419116974,0.015137651956916288,0.06790413474664092,0.025333868659180997,0.7808667600154877,0.04650257422525142,3.553540062904358,0.23512034650363986,9.807062339782714,2.3354985453255415,0.7056438773870468,0.05230893579482898,305.1945381164551,70.61846637261155,0.002874005666275478,0.002284971496975614,0.28584342448128863,0.02572030631513517,29465518.250053145,73967949.6484923,0.22347619402921642,0.0005824630602099946,-0.4942855497584667,0.2062364971463851,-29465517.845391046,73967949.72435293,-2.1404938704954293,1.9642827497306694,-1.960476477015589,0.890632457464862,0.6349951267242432,0.07427769025645752
test,fair_leg/voltage_family,8.257484436035156,1.8704261799687625,59.19928512573242,6.339256274451964,0.4591517969965935,0.00433111401517449,0.0663963008671999,0.01434647307043211,1.07254718542099,0.013743807559946341,0.060295269498601554,0.027544334176359295,0.7236102163791657,0.039830015366520435,3.21552392244339,0.1810606869484336,6.855177879333496,1.9262067245191965,0.7468152910470962,0.044529884927036766,304.85920639038085,70.01825547180407,0.0038319437255267983,0.0021902693906767777,0.29434265019712064,0.027578082394997174,917.4806011273125,3299.3666330888364,0.2234635377472154,0.0005747601514047392,-0.49418796821213845,0.2063405914983273,-916.9852007442169,3299.445537448268,-2.609042807896407,2.4107643786828095,-2.175506633295771,0.9005430605568504,0.6604387193918229,0.07194175615409867
test,fair_leg/voltage_off_matched,9.463000297546387,1.5746268203708285,62.74325942993164,6.650086628203009,0.45833334475755694,0.004605640322341237,0.06841969285160303,0.01373572694822305,1.0757140159606933,0.014019355671215537,0.064630325185135,0.0267838049382753,0.7630248546600342,0.04526554062432378,3.322838544845581,0.19546734471824384,6.14621639251709,0.7316836581682187,0.7540291249752045,0.05333480602711031,304.38982543945315,70.49614219593583,0.0028773897489990596,0.00227589903659465,0.27901945925117355,0.023410080453926365,29472763.308869977,73978348.59700856,0.22347693079050285,0.0005788435678849095,-0.4940071861118904,0.20625719053111674,-29472762.93600443,73978348.65953971,-1.545807592551419,1.3505677420311992,-1.7178709274028212,0.7143577150343162,0.608673232793808,0.06808589962058867
test,fair_leg_passthrough/fixed_base,7.895112037658691,1.6605241433217772,65.30489883422851,7.502285208105379,0.42172619700431824,0.012575112589637607,0.07587669119238853,0.015241042582588783,1.083418607711792,0.01716394844346152,0.07427161568775772,0.027828149518768063,0.7682901978492737,0.058020549425283306,3.6697436571121216,0.21208226260139412,15.279912948608398,2.787619691537706,0.5959129840135574,0.05591904160622876,294.27956466674806,67.82366849417777,0.014975375216454267,0.004138301094877671,0.3009249860204282,0.02828991993272824,11.350011207193958,6.8862076781665715,0.2231269288334566,0.0005574641221317284,-0.5001674039248015,0.20669193186492107,-11.065538408266617,6.941527889641379,-2.240532635235743,1.6845157811083928,-2.0274144054014247,0.759155187650478,0.6554691106081009,0.061944007328567814
test,fair_leg_passthrough/tuned_base,8.889389038085938,1.8009213574909366,67.19367446899415,6.834500400395369,0.4580357238650322,0.004984799533481479,0.07340804859995842,0.013236836530914425,1.0852035939693452,0.01586139542603239,0.07431469270959497,0.02550048535687864,0.7863730311393737,0.050148545272752185,3.590392220020294,0.21253598899187387,48.4116548538208,5.36936022312856,0.7144156336784363,0.052163839622191586,303.01838912963865,70.52295597293987,0.003062484661313647,0.0022555886760165077,0.2798584685578641,0.025061093072514546,11.1690319481327,8.986483916174398,0.22283376515059877,0.0006023671195829764,-0.4962877802725809,0.20623304975676604,-10.875239530226498,9.049455033407568,-1.5320856477138949,1.1721547784220576,-1.6888381962864258,0.6823838215131418,0.6069517001509667,0.06587519292321922
test,fair_leg_passthrough/tuned_family,8.840775489807129,1.9528233230047345,65.75806179046631,6.661991165589068,0.4586309626698494,0.00498479766047134,0.07115084305405617,0.013296499669401926,1.0810974419116974,0.015137651956916288,0.06790413474664092,0.025333868659180997,0.7808667600154877,0.04650257422525142,3.553540062904358,0.23512034650363986,9.807062339782714,2.3354985453255415,0.7056438773870468,0.05230893579482898,305.1945381164551,70.61846637261155,0.002874005666275478,0.002284971496975614,0.28584342448128863,0.02572030631513517,29465518.250053145,73967949.6484923,0.22347619402921642,0.0005824630602099946,-0.4942855497584667,0.2062364971463851,-29465517.845391046,73967949.72435293,-2.1404938704954293,1.9642827497306694,-1.960476477015589,0.890632457464862,0.6349951267242432,0.07427769025645752
test,fair_leg_passthrough/voltage_family,8.257484436035156,1.8704261799687625,59.19928512573242,6.339256274451964,0.4591517969965935,0.00433111401517449,0.0663963008671999,0.01434647307043211,1.07254718542099,0.013743807559946341,0.060295269498601554,0.027544334176359295,0.7236102163791657,0.039830015366520435,3.21552392244339,0.1810606869484336,6.855177879333496,1.9262067245191965,0.7468152910470962,0.044529884927036766,304.85920639038085,70.01825547180407,0.0038319437255267983,0.0021902693906767777,0.29434265019712064,0.027578082394997174,917.4806011273125,3299.3666330888364,0.2234635377472154,0.0005747601514047392,-0.49418796821213845,0.2063405914983273,-916.9852007442169,3299.445537448268,-2.609042807896407,2.4107643786828095,-2.175506633295771,0.9005430605568504,0.6604387193918229,0.07194175615409867
test,fair_leg_passthrough/voltage_off_matched,9.463000297546387,1.5746268203708285,62.74325942993164,6.650086628203009,0.45833334475755694,0.004605640322341237,0.06841969285160303,0.01373572694822305,1.0757140159606933,0.014019355671215537,0.064630325185135,0.0267838049382753,0.7630248546600342,0.04526554062432378,3.322838544845581,0.19546734471824384,6.14621639251709,0.7316836581682187,0.7540291249752045,0.05333480602711031,304.38982543945315,70.49614219593583,0.0028773897489990596,0.00227589903659465,0.27901945925117355,0.023410080453926365,29472763.308869977,73978348.59700856,0.22347693079050285,0.0005788435678849095,-0.4940071861118904,0.20625719053111674,-29472762.93600443,73978348.65953971,-1.545807592551419,1.3505677420311992,-1.7178709274028212,0.7143577150343162,0.608673232793808,0.06808589962058867
test,joint_system_cost/fixed_base,7.895112037658691,1.6605241433217772,65.30489883422851,7.502285208105379,0.42172619700431824,0.012575112589637607,0.07587669119238853,0.015241042582588783,1.083418607711792,0.01716394844346152,0.07427161568775772,0.027828149518768063,0.7682901978492737,0.058020549425283306,3.6697436571121216,0.21208226260139412,15.279912948608398,2.787619691537706,0.5959129840135574,0.05591904160622876,294.27957382202146,67.82367181350541,0.014975375216454267,0.004138301094877671,0.3009249860204282,0.02828991993272824,6.826639746351006,3.7195825500682242,-0.14365628726040153,0.10294057731531245,-0.43475667422085157,0.09032208474247486,-6.970296033611407,3.8036631155888716,-1.0958018502331037,0.7231234334418178,-1.2786623813212963,0.4469947898489413,0.6554691106081009,0.061944007328567814
test,joint_system_cost/tuned_base,8.229565620422363,1.724371073849388,65.23509044647217,6.6990325272695905,0.45900298804044726,0.004981878365569836,0.06849757358431816,0.014082739341783583,1.0784510731697083,0.015326089114253387,0.0655740909744054,0.02608991587861684,0.7644031435251236,0.04402217376525706,3.577469217777252,0.22139698219835,47.61302471160889,4.671627933874517,0.734089595079422,0.050684653659001815,300.222265625,69.9574280253081,0.006544129317626357,0.0023966712281759885,0.29387915563125255,0.027722770568556203,7.785521484290777,5.01581977440273,-0.10024330157142267,0.10459296214478346,-0.43643079499220183,0.0994004792912424,-7.885764785862198,5.105292100953432,-1.168021252379666,0.7973318275220362,-1.3303811290677232,0.47989722979872884,0.6427724748849869,0.06638668416494867
test,joint_system_cost/tuned_family,7.813763618469238,1.9120818328714406,61.84709091186524,8.117988325145177,0.45997024923563,0.0047770573701841025,0.06544653009623289,0.014462855251409959,1.073120218515396,0.013915034793405159,0.05694705497007817,0.02586710287178917,0.7325181752443314,0.06468166679097294,3.4576723337173463,0.20972141323088742,13.660025596618652,2.950588474140202,0.6986828505992889,0.04431568156320667,302.2341850280762,69.52994022672662,0.007249739358667284,0.0025566797513264295,0.30366453546811245,0.0289965801589832,529.0687669540488,1834.217983786821,-0.08239865183788557,0.11718965410479683,-0.40210374586282605,0.10040392284535493,-528.9932988868499,1834.3170231491888,-2.8204342145640977,2.7985555532565916,-1.7355174586697395,0.6988539497639239,0.6882908821105957,0.07423311605205686
test,joint_system_cost/voltage_family,7.813763618469238,1.9120818328714406,61.84709091186524,8.117988325145177,0.45997024923563,0.0047770573701841025,0.06544653009623289,0.014462855251409959,1.073120218515396,0.013915034793405159,0.05694705497007817,0.02586710287178917,0.7325181752443314,0.06468166679097294,3.4576723337173463,0.20972141323088742,13.660025596618652,2.950588474140202,0.6986828505992889,0.04431568156320667,302.2341850280762,69.52994022672662,0.007249739358667284,0.0025566797513264295,0.30366453546811245,0.0289965801589832,529.0687669540488,1834.217983786821,-0.08239865183788557,0.11718965410479683,-0.40210374586282605,0.10040392284535493,-528.9932988868499,1834.3170231491888,-2.8204342145640977,2.7985555532565916,-1.7355174586697395,0.6988539497639239,0.6882908821105957,0.07423311605205686
test,joint_system_cost/voltage_off_matched,8.028221130371094,1.920777227199603,60.82887630462646,8.007199035045502,0.45982143878936765,0.004605640322342506,0.06591972261667252,0.014290246038599044,1.0735078036785126,0.014134195003372211,0.05782816435676068,0.026271356604505896,0.7279738068580628,0.06482260208547487,3.3722079038619994,0.2071970323580331,13.694548606872559,2.895528943212943,0.7069620341062546,0.04923368879140474,303.11789932250974,70.14329849789645,0.005617891764268279,0.0022600761332310067,0.3002552865551959,0.028650190330793877,17967882.49100753,44310948.00259356,-0.08720103664680916,0.1165210989187112,-0.40741690857160995,0.0994735597857355,-17967882.461345326,44310948.11530218,-2.256487325367078,2.010755514087373,-1.6481557492520444,0.6727840475789998,0.6776982069015502,0.07553250553196736
test,kva_charge_class_neutral/fixed_base,7.895112037658691,1.6605241433217772,65.30489883422851,7.502285208105379,0.42172619700431824,0.012575112589637607,0.07587669119238853,0.015241042582588783,1.083418607711792,0.01716394844346152,0.07427161568775772,0.027828149518768063,0.7682901978492737,0.058020549425283306,3.6697436571121216,0.21208226260139412,15.279912948608398,2.787619691537706,0.5959129840135574,0.05591904160622876,294.2795692443848,67.82366578224344,0.014975375216454267,0.004138301094877671,0.3009249860204282,0.02828991993272824,11.173974142521008,6.627077147606644,0.2231269288334566,0.0005574641221317284,-0.5684208277090922,0.18505883969030018,-10.930170666993337,6.646448389806663,-2.1180376906019975,1.5227480016485178,-2.027414401637241,0.7591552404377692,0.6554691106081009,0.061944007328567814
test,kva_charge_class_neutral/tuned_base,8.889389038085938,1.8009213574909366,67.19367446899415,6.834500400395369,0.4580357238650322,0.004984799533481479,0.07340804859995842,0.013236836530914425,1.0852035939693452,0.01586139542603239,0.07431469270959497,0.02550048535687864,0.7863730311393737,0.050148545272752185,3.590392220020294,0.21253598899187387,48.4116548538208,5.36936022312856,0.7144156336784363,0.052163839622191586,303.0183868408203,70.52294859607797,0.003062484661313647,0.0022555886760165077,0.2798584685578641,0.025061093072514546,11.057522681967837,8.788142549100701,0.22283376515059877,0.0006023671195829764,-0.569348049784921,0.18198853736765874,-10.788151822506727,8.830471093504594,-1.4317073719453668,1.0527355520699684,-1.688838135513004,0.6823837560877717,0.6069517001509667,0.06587519292321922
test,kva_charge_class_neutral/tuned_family,8.840775489807129,1.9528233230047345,65.75806179046631,6.661991165589068,0.4586309626698494,0.00498479766047134,0.07115084305405617,0.013296499669401926,1.0810974419116974,0.015137651956916288,0.06790413474664092,0.025333868659180997,0.7808667600154877,0.04650257422525142,3.553540062904358,0.23512034650363986,9.807062339782714,2.3354985453255415,0.7056438773870468,0.05230893579482898,305.19454803466795,70.61847007740056,0.002874005666275478,0.002284971496975614,0.28584342448128863,0.02572030631513517,28863388.182176013,71971576.29203287,0.22347619402921642,0.0005824630602099946,-0.5504171154223905,0.18611040004004453,-28863387.806173045,71971576.3563007,-2.0291396315358683,1.8056566828770753,-1.9604766297030527,0.8906326140456329,0.6349951267242432,0.07427769025645752
test,kva_charge_class_neutral/voltage_family,8.257484436035156,1.8704261799687625,59.19928512573242,6.339256274451964,0.4591517969965935,0.00433111401517449,0.0663963008671999,0.01434647307043211,1.07254718542099,0.013743807559946341,0.060295269498601554,0.027544334176359295,0.7236102163791657,0.039830015366520435,3.21552392244339,0.1810606869484336,6.855177879333496,1.9262067245191965,0.7468152910470962,0.044529884927036766,304.8592170715332,70.01826836671982,0.0038319437255267983,0.0021902693906767777,0.29434265019712064,0.027578082394997174,876.1775399548848,3121.2426293277686,0.2234635377472154,0.0005747601514047392,-0.517102233890079,0.1975066878966913,-875.6953509971794,3121.3183850265086,-2.571312034111025,2.3521954687320425,-2.1755065603917694,0.9005429890761645,0.6604387193918229,0.07194175615409867
test,kva_charge_class_neutral/voltage_off_matched,9.463000297546387,1.5746268203708285,62.74325942993164,6.650086628203009,0.45833334475755694,0.004605640322341237,0.06841969285160303,0.01373572694822305,1.0757140159606933,0.014019355671215537,0.064630325185135,0.0267838049382753,0.7630248546600342,0.04526554062432378,3.322838544845581,0.19546734471824384,6.14621639251709,0.7316836581682187,0.7540291249752045,0.05333480602711031,304.38983688354494,70.49614916565851,0.0028773897489990596,0.00227589903659465,0.27901945925117355,0.023410080453926365,28795907.143570565,71824688.32608038,0.22347693079050285,0.0005788435678849095,-0.5297171260725513,0.19335576983133854,-28795906.78880342,71824688.38136458,-1.4992644378278757,1.2832565146968817,-1.717870888927567,0.7143576378536093,0.608673232793808,0.06808589962058867
test,kva_coincident_charge/fixed_base,7.895112037658691,1.6605241433217772,65.30489883422851,7.502285208105379,0.42172619700431824,0.012575112589637607,0.07587669119238853,0.015241042582588783,1.083418607711792,0.01716394844346152,0.07427161568775772,0.027828149518768063,0.7682901978492737,0.058020549425283306,3.6697436571121216,0.21208226260139412,15.279912948608398,2.787619691537706,0.5959129840135574,0.05591904160622876,294.2795471191406,67.82365782042872,0.014975375216454267,0.004138301094877671,0.3009249860204282,0.02828991993272824,9.813351854917867,5.4158715725471245,0.11434698526391143,0.08385094843473227,-0.4927527465349809,0.17467044614144175,-9.673384709533707,5.5106879255210846,-1.8738942094822395,1.3467553411823512,-1.7941674912989876,0.5882707249908222,0.6554691106081009,0.061944007328567814
test,kva_coincident_charge/tuned_base,8.229565620422363,1.724371073849388,65.23509044647217,6.6990325272695905,0.45900298804044726,0.004981878365569836,0.06849757358431816,0.014082739341783583,1.0784510731697083,0.015326089114253387,0.0655740909744054,0.02608991587861684,0.7644031435251236,0.04402217376525706,3.577469217777252,0.22139698219835,47.61302471160889,4.671627933874517,0.734089595079422,0.050684653659001815,300.22224884033204,69.95741891204717,0.006544129317626357,0.0023966712281759885,0.29387915563125255,0.027722770568556203,10.959509267858774,7.28284365285902,0.15116521922148315,0.060326025399762694,-0.49265065172353795,0.18415019932559318,-10.742930239669167,7.397202375414699,-1.8713734557383552,1.3839175025928887,-1.81318258544487,0.6520307385507005,0.6427724748849869,0.06638668416494867
test,kva_coincident_charge/tuned_family,8.257484436035156,1.8704261799687625,59.19928512573242,6.339256274451964,0.4591517969965935,0.00433111401517449,0.0663963008671999,0.01434647307043211,1.07254718542099,0.013743807559946341,0.060295269498601554,0.027544334176359295,0.7236102163791657,0.039830015366520435,3.21552392244339,0.1810606869484336,6.855177879333496,1.9262067245191965,0.7468152910470962,0.044529884927036766,304.8592247009277,70.01827998944182,0.0038319437255267983,0.0021902693906767777,0.29434265019712064,0.027578082394997174,792.2338357591724,2801.7426661430495,0.17534431467173522,0.0526187990800875,-0.48362030254536414,0.18941637616963083,-791.800844269056,2801.8494533137437,-2.465903868824628,2.29583168044572,-2.0675873521488706,0.8082712488611035,0.6604387193918229,0.07194175615409867
test,kva_coincident_charge/voltage_family,8.257484436035156,1.8704261799687625,59.19928512573242,6.339256274451964,0.4591517969965935,0.00433111401517449,0.0663963008671999,0.01434647307043211,1.07254718542099,0.013743807559946341,0.060295269498601554,0.027544334176359295,0.7236102163791657,0.039830015366520435,3.21552392244339,0.1810606869484336,6.855177879333496,1.9262067245191965,0.7468152910470962,0.044529884927036766,304.8592247009277,70.01827998944182,0.0038319437255267983,0.0021902693906767777,0.29434265019712064,0.027578082394997174,792.2338357591724,2801.7426661430495,0.17534431467173522,0.0526187990800875,-0.48362030254536414,0.18941637616963083,-791.800844269056,2801.8494533137437,-2.465903868824628,2.29583168044572,-2.0675873521488706,0.8082712488611035,0.6604387193918229,0.07194175615409867
test,kva_coincident_charge/voltage_off_matched,9.463000297546387,1.5746268203708285,62.74325942993164,6.650086628203009,0.45833334475755694,0.004605640322341237,0.06841969285160303,0.01373572694822305,1.0757140159606933,0.014019355671215537,0.064630325185135,0.0267838049382753,0.7630248546600342,0.04526554062432378,3.322838544845581,0.19546734471824384,6.14621639251709,0.7316836581682187,0.7540291249752045,0.05333480602711031,304.389835357666,70.49615680570834,0.0028773897489990596,0.00227589903659465,0.27901945925117355,0.023410080453926365,25920036.911490392,64545493.57730328,0.15819929208248357,0.05744555699714765,-0.4843181558080662,0.18511758356649038,-25920036.62160754,64545493.66918205,-1.4118668562679986,1.235143133102634,-1.6006807855956526,0.6151178135766819,0.608673232793808,0.06808589962058867
test,kva_peak_ratchet/fixed_base,7.895112037658691,1.6605241433217772,65.30489883422851,7.502285208105379,0.42172619700431824,0.012575112589637607,0.07587669119238853,0.015241042582588783,1.083418607711792,0.01716394844346152,0.07427161568775772,0.027828149518768063,0.7682901978492737,0.058020549425283306,3.6697436571121216,0.21208226260139412,15.279912948608398,2.787619691537706,0.5959129840135574,0.05591904160622876,294.2795669555664,67.8236725799795,0.014975375216454267,0.004138301094877671,0.3009249860204282,0.02828991993272824,11.105312512165728,6.678766978121202,0.20375053296268453,0.008905969748365111,-0.497681263661613,0.20194210460311954,-10.851063478607134,6.731853570547644,-2.1701326548185644,1.6170931783903846,-1.9868329887391254,0.7369847976337878,0.6554691106081009,0.061944007328567814
test,kva_peak_ratchet/tuned_base,8.889389038085938,1.8009213574909366,67.19367446899415,6.834500400395369,0.4580357238650322,0.004984799533481479,0.07340804859995842,0.013236836530914425,1.0852035939693452,0.01586139542603239,0.07431469270959497,0.02550048535687864,0.7863730311393737,0.050148545272752185,3.590392220020294,0.21253598899187387,48.4116548538208,5.36936022312856,0.7144156336784363,0.052163839622191586,303.0183906555176,70.52295432062672,0.003062484661313647,0.0022555886760165077,0.2798584685578641,0.025061093072514546,10.915992872629687,8.739698991816095,0.20187596340702357,0.008273685380179833,-0.49511859967865,0.20102332152682575,-10.649525092436296,8.803556678876262,-1.4824500552640392,1.1310213704077128,-1.6535203574263995,0.6641697667038571,0.6069517001509667,0.06587519292321922
test,kva_peak_ratchet/tuned_family,8.257484436035156,1.8704261799687625,59.19928512573242,6.339256274451964,0.4591517969965935,0.00433111401517449,0.0663963008671999,0.01434647307043211,1.07254718542099,0.013743807559946341,0.060295269498601554,0.027544334176359295,0.7236102163791657,0.039830015366520435,3.21552392244339,0.1810606869484336,6.855177879333496,1.9262067245191965,0.7468152910470962,0.044529884927036766,304.8592079162598,70.01825635774534,0.0038319437255267983,0.0021902693906767777,0.29434265019712064,0.027578082394997174,897.8549649429333,3225.3244313329155,0.21140506705118428,0.00775496707341255,-0.4922702959220849,0.20330853335589336,-897.380662606595,3225.404166582139,-2.564583112792344,2.365292932775062,-2.149112023152586,0.883512601612034,0.6604387193918229,0.07194175615409867
test,kva_peak_ratchet/voltage_family,8.257484436035156,1.8704261799687625,59.19928512573242,6.339256274451964,0.4591517969965935,0.00433111401517449,0.0663963008671999,0.01434647307043211,1.07254718542099,0.013743807559946341,0.060295269498601554,0.027544334176359295,0.7236102163791657,0.039830015366520435,3.21552392244339,0.1810606869484336,6.855177879333496,1.9262067245191965,0.7468152910470962,0.044529884927036766,304.8592079162598,70.01825635774534,0.0038319437255267983,0.0021902693906767777,0.29434265019712064,0.027578082394997174,897.8549649429333,3225.3244313329155,0.21140506705118428,0.00775496707341255,-0.4922702959220849,0.20330853335589336,-897.380662606595,3225.404166582139,-2.564583112792344,2.365292932775062,-2.149112023152586,0.883512601612034,0.6604387193918229,0.07194175615409867
test,kva_peak_ratchet/voltage_off_matched,9.463000297546387,1.5746268203708285,62.74325942993164,6.650086628203009,0.45833334475755694,0.004605640322341237,0.06841969285160303,0.01373572694822305,1.0757140159606933,0.014019355671215537,0.064630325185135,0.0267838049382753,0.7630248546600342,0.04526554062432378,3.322838544845581,0.19546734471824384,6.14621639251709,0.7316836581682187,0.7540291249752045,0.05333480602711031,304.3898239135742,70.49614406407663,0.0028773897489990596,0.00227589903659465,0.27901945925117355,0.023410080453926365,28801629.917430174,72225758.96567579,0.20738921253687956,0.008161628893808792,-0.4926801657995548,0.2020944905518505,-28801629.569289356,72225759.02914217,-1.5080075472444308,1.314537930943918,-1.6900193979600246,0.697795432920904,0.608673232793808,0.06808589962058867
test,kw_peak_ratchet/fixed_base,7.895112037658691,1.6605241433217772,65.30489883422851,7.502285208105379,0.42172619700431824,0.012575112589637607,0.07587669119238853,0.015241042582588783,1.083418607711792,0.01716394844346152,0.07427161568775772,0.027828149518768063,0.7682901978492737,0.058020549425283306,3.6697436571121216,0.21208226260139412,15.279912948608398,2.787619691537706,0.5959129840135574,0.05591904160622876,294.2795684814453,67.823669481716,0.014975375216454267,0.004138301094877671,0.3009249860204282,0.02828991993272824,11.123164647304248,6.70014951441481,0.20530855830165323,0.0068134427991896965,-0.4967214991697255,0.20184765149036565,-10.867379707550883,6.751522627981448,-2.177887737691239,1.6217488296336482,-1.9904156629848562,0.7405969299322069,0.6554691106081009,0.061944007328567814
test,kw_peak_ratchet/tuned_base,8.889389038085938,1.8009213574909366,67.19367446899415,6.834500400395369,0.4580357238650322,0.004984799533481479,0.07340804859995842,0.013236836530914425,1.0852035939693452,0.01586139542603239,0.07431469270959497,0.02550048535687864,0.7863730311393737,0.050148545272752185,3.590392220020294,0.21253598899187387,48.4116548538208,5.36936022312856,0.7144156336784363,0.052163839622191586,303.0183837890625,70.52295823190109,0.003062484661313647,0.0022555886760165077,0.2798584685578641,0.025061093072514546,10.939772804454545,8.771331725660218,0.20336609336801587,0.00625784738101731,-0.49464615487713,0.2008468083037037,-10.672142300766655,8.833381808544807,-1.4854742451369958,1.1322553065353138,-1.6563009555896309,0.6669212597785057,0.6069517001509667,0.06587519292321922
test,kw_peak_ratchet/tuned_family,8.257484436035156,1.8704261799687625,59.19928512573242,6.339256274451964,0.4591517969965935,0.00433111401517449,0.0663963008671999,0.01434647307043211,1.07254718542099,0.013743807559946341,0.060295269498601554,0.027544334176359295,0.7236102163791657,0.039830015366520435,3.21552392244339,0.1810606869484336,6.855177879333496,1.9262067245191965,0.7468152910470962,0.044529884927036766,304.8592041015625,70.0182554598614,0.0038319437255267983,0.0021902693906767777,0.29434265019712064,0.027578082394997174,899.813478025047,3232.4500561179934,0.21098655691897808,0.005736276675246141,-0.49175345464495035,0.20294041640484287,-899.3421308561043,3232.5281462269004,-2.560527188468731,2.35649206116223,-2.1485749853388056,0.885728520573797,0.6604387193918229,0.07194175615409867
test,kw_peak_ratchet/voltage_family,8.257484436035156,1.8704261799687625,59.19928512573242,6.339256274451964,0.4591517969965935,0.00433111401517449,0.0663963008671999,0.01434647307043211,1.07254718542099,0.013743807559946341,0.060295269498601554,0.027544334176359295,0.7236102163791657,0.039830015366520435,3.21552392244339,0.1810606869484336,6.855177879333496,1.9262067245191965,0.7468152910470962,0.044529884927036766,304.8592041015625,70.0182554598614,0.0038319437255267983,0.0021902693906767777,0.29434265019712064,0.027578082394997174,899.813478025047,3232.4500561179934,0.21098655691897808,0.005736276675246141,-0.49175345464495035,0.20294041640484287,-899.3421308561043,3232.5281462269004,-2.560527188468731,2.35649206116223,-2.1485749853388056,0.885728520573797,0.6604387193918229,0.07194175615409867
test,kw_peak_ratchet/voltage_off_matched,9.463000297546387,1.5746268203708285,62.74325942993164,6.650086628203009,0.45833334475755694,0.004605640322341237,0.06841969285160303,0.01373572694822305,1.0757140159606933,0.014019355671215537,0.064630325185135,0.0267838049382753,0.7630248546600342,0.04526554062432378,3.322838544845581,0.19546734471824384,6.14621639251709,0.7316836581682187,0.7540291249752045,0.05333480602711031,304.38982849121095,70.49614204332777,0.0028773897489990596,0.00227589903659465,0.27901945925117355,0.023410080453926365,28884577.499595605,72440635.20646676,0.20789972249407632,0.006043008699202367,-0.49230674271659325,0.2018301449664409,-28884577.152018964,72440635.26826292,-1.5081256761032162,1.3117484493528415,-1.6911852996693324,0.7000323474284892,0.608673232793808,0.06808589962058867
test,loss_share_linear/fixed_base,7.895112037658691,1.6605241433217772,65.30489883422851,7.502285208105379,0.42172619700431824,0.012575112589637607,0.07587669119238853,0.015241042582588783,1.083418607711792,0.01716394844346152,0.07427161568775772,0.027828149518768063,0.7682901978492737,0.058020549425283306,3.6697436571121216,0.21208226260139412,15.279912948608398,2.787619691537706,0.5959129840135574,0.05591904160622876,294.27954254150393,67.82363927214598,0.014975375216454267,0.004138301094877671,0.3009249860204282,0.02828991993272824,10.931672059402365,6.5852859089113265,0.1903716884257162,0.010563229139869939,-0.49360289826866,0.19271635114444668,-10.693839698015172,6.637291056056906,-2.136447533657406,1.5894601096206875,-1.9598538497536246,0.7281925871268815,0.6554691106081009,0.061944007328567814
test,loss_share_linear/tuned_base,8.889389038085938,1.8009213574909366,67.19367446899415,6.834500400395369,0.4580357238650322,0.004984799533481479,0.07340804859995842,0.013236836530914425,1.0852035939693452,0.01586139542603239,0.07431469270959497,0.02550048535687864,0.7863730311393737,0.050148545272752185,3.590392220020294,0.21253598899187387,48.4116548538208,5.36936022312856,0.7144156336784363,0.052163839622191586,303.01840057373045,70.52295385113715,0.003062484661313647,0.0022555886760165077,0.2798584685578641,0.025061093072514546,10.77866477101929,8.64708091121359,0.18983772271372856,0.009862599624235703,-0.4888812968140798,0.19230757612028532,-10.527169845401602,8.710045755290132,-1.4594479923173245,1.1079807579837764,-1.6334618016435343,0.6560053925132358,0.6069517001509667,0.06587519292321922
test,loss_share_linear/tuned_family,8.257484436035156,1.8704261799687625,59.19928512573242,6.339256274451964,0.4591517969965935,0.00433111401517449,0.0663963008671999,0.01434647307043211,1.07254718542099,0.013743807559946341,0.060295269498601554,0.027544334176359295,0.7236102163791657,0.039830015366520435,3.21552392244339,0.1810606869484336,6.855177879333496,1.9262067245191965,0.7468152910470962,0.044529884927036766,304.85922012329104,70.01825212613282,0.0038319437255267983,0.0021902693906767777,0.29434265019712064,0.027578082394997174,883.5838757122599,3172.618919981489,0.19480572940612384,0.009878835897201689,-0.4838466516840512,0.19339859445174054,-883.1383377660566,3172.695781887239,-2.511839903156692,2.2989690875351414,-2.1137844908272165,0.8697387990821024,0.6604387193918229,0.07194175615409867
test,loss_share_linear/voltage_family,8.257484436035156,1.8704261799687625,59.19928512573242,6.339256274451964,0.4591517969965935,0.00433111401517449,0.0663963008671999,0.01434647307043211,1.07254718542099,0.013743807559946341,0.060295269498601554,0.027544334176359295,0.7236102163791657,0.039830015366520435,3.21552392244339,0.1810606869484336,6.855177879333496,1.9262067245191965,0.7468152910470962,0.044529884927036766,304.85922012329104,70.01825212613282,0.0038319437255267983,0.0021902693906767777,0.29434265019712064,0.027578082394997174,883.5838757122599,3172.618919981489,0.19480572940612384,0.009878835897201689,-0.4838466516840512,0.19339859445174054,-883.1383377660566,3172.695781887239,-2.511839903156692,2.2989690875351414,-2.1137844908272165,0.8697387990821024,0.6604387193918229,0.07194175615409867
test,loss_share_linear/voltage_off_matched,9.463000297546387,1.5746268203708285,62.74325942993164,6.650086628203009,0.45833334475755694,0.004605640322341237,0.06841969285160303,0.01373572694822305,1.0757140159606933,0.014019355671215537,0.064630325185135,0.0267838049382753,0.7630248546600342,0.04526554062432378,3.322838544845581,0.19546734471824384,6.14621639251709,0.7316836581682187,0.7540291249752045,0.05333480602711031,304.3898468017578,70.49614279180727,0.0028773897489990596,0.00227589903659465,0.27901945925117355,0.023410080453926365,28479285.209510945,71394025.28658052,0.19295303960874358,0.009797345240776977,-0.48465876775481914,0.19290452579061546,-28479284.884118058,71394025.3469971,-1.4806815551510255,1.282043100903318,-1.6657803480875066,0.6878970532907133,0.608673232793808,0.06808589962058867
test,loss_share_quadratic/fixed_base,7.895112037658691,1.6605241433217772,65.30489883422851,7.502285208105379,0.42172619700431824,0.012575112589637607,0.07587669119238853,0.015241042582588783,1.083418607711792,0.01716394844346152,0.07427161568775772,0.027828149518768063,0.7682901978492737,0.058020549425283306,3.6697436571121216,0.21208226260139412,15.279912948608398,2.787619691537706,0.5959129840135574,0.05591904160622876,294.27955474853513,67.82366869130621,0.014975375216454267,0.004138301094877671,0.3009249860204282,0.02828991993272824,10.916944808636579,6.573532766320965,0.18645593890793077,0.011246287549725512,-0.5094782067474303,0.1913276684120743,-10.693544469044665,6.616764015207703,-2.0822498282290707,1.5457009721353865,-1.9519052697367567,0.7254555694356728,0.6554691106081009,0.061944007328567814
test,loss_share_quadratic/tuned_base,8.889389038085938,1.8009213574909366,67.19367446899415,6.834500400395369,0.4580357238650322,0.004984799533481479,0.07340804859995842,0.013236836530914425,1.0852035939693452,0.01586139542603239,0.07431469270959497,0.02550048535687864,0.7863730311393737,0.050148545272752185,3.590392220020294,0.21253598899187387,48.4116548538208,5.36936022312856,0.7144156336784363,0.052163839622191586,303.0184043884277,70.52294482081916,0.003062484661313647,0.0022555886760165077,0.2798584685578641,0.025061093072514546,10.753964422077887,8.619621858845546,0.18575806059610195,0.010552056857541774,-0.5022937219804728,0.1905166682726819,-10.513607336636051,8.677059270809512,-1.4253366887526755,1.077814193778204,-1.6267196737010934,0.6534994525361241,0.6069517001509667,0.06587519292321922
test,loss_share_quadratic/tuned_family,8.257484436035156,1.8704261799687625,59.19928512573242,6.339256274451964,0.4591517969965935,0.00433111401517449,0.0663963008671999,0.01434647307043211,1.07254718542099,0.013743807559946341,0.060295269498601554,0.027544334176359295,0.7236102163791657,0.039830015366520435,3.21552392244339,0.1810606869484336,6.855177879333496,1.9262067245191965,0.7468152910470962,0.044529884927036766,304.8592269897461,70.01824409599065,0.0038319437255267983,0.0021902693906767777,0.29434265019712064,0.027578082394997174,876.9168925594491,3147.273925225404,0.19088028431564738,0.010648450033746072,-0.4936320484427424,0.19032825866841152,-876.4867685196708,3147.3477052752182,-2.4755846342628063,2.2552822043654075,-2.105445794846796,0.8664005175792339,0.6604387193918229,0.07194175615409867
test,loss_share_quadratic/voltage_family,8.257484436035156,1.8704261799687625,59.19928512573242,6.339256274451964,0.4591517969965935,0.00433111401517449,0.0663963008671999,0.01434647307043211,1.07254718542099,0.013743807559946341,0.060295269498601554,0.027544334176359295,0.7236102163791657,0.039830015366520435,3.21552392244339,0.1810606869484336,6.855177879333496,1.9262067245191965,0.7468152910470962,0.044529884927036766,304.8592269897461,70.01824409599065,0.0038319437255267983,0.0021902693906767777,0.29434265019712064,0.027578082394997174,876.9168925594491,3147.273925225404,0.19088028431564738,0.010648450033746072,-0.4936320484427424,0.19032825866841152,-876.4867685196708,3147.3477052752182,-2.4755846342628063,2.2552822043654075,-2.105445794846796,0.8664005175792339,0.6604387193918229,0.07194175615409867
test,loss_share_quadratic/voltage_off_matched,9.463000297546387,1.5746268203708285,62.74325942993164,6.650086628203009,0.45833334475755694,0.004605640322341237,0.06841969285160303,0.01373572694822305,1.0757140159606933,0.014019355671215537,0.064630325185135,0.0267838049382753,0.7630248546600342,0.04526554062432378,3.322838544845581,0.19546734471824384,6.14621639251709,0.7316836581682187,0.7540291249752045,0.05333480602711031,304.3898330688477,70.49615797175699,0.0028773897489990596,0.00227589903659465,0.27901945925117355,0.023410080453926365,28293456.024453174,70880358.93432945,0.1888859828821265,0.01052968097491092,-0.4947243500262587,0.18977169820035134,-28293455.71544267,70880358.98987797,-1.4563541981104258,1.253071564392094,-1.6589570347751175,0.685170351067349,0.608673232793808,0.06808589962058867
test,own_deviation_charge/fixed_base,7.895112037658691,1.6605241433217772,65.30489883422851,7.502285208105379,0.42172619700431824,0.012575112589637607,0.07587669119238853,0.015241042582588783,1.083418607711792,0.01716394844346152,0.07427161568775772,0.027828149518768063,0.7682901978492737,0.058020549425283306,3.6697436571121216,0.21208226260139412,15.279912948608398,2.787619691537706,0.5959129840135574,0.05591904160622876,294.27957916259766,67.82365642898137,0.014975375216454267,0.004138301094877671,0.3009249860204282,0.02828991993272824,10.440068394597278,6.302405804511282,0.1440118221006029,0.012324330866137817,-0.4625624557334834,0.17081461363197115,-10.261636890225097,6.344969486706355,-2.014721941521381,1.4981322088026425,-1.8682284014370723,0.7057504441071758,0.6554691106081009,0.061944007328567814
test,own_deviation_charge/tuned_base,8.889389038085938,1.8009213574909366,67.19367446899415,6.834500400395369,0.4580357238650322,0.004984799533481479,0.07340804859995842,0.013236836530914425,1.0852035939693452,0.01586139542603239,0.07431469270959497,0.02550048535687864,0.7863730311393737,0.050148545272752185,3.590392220020294,0.21253598899187387,48.4116548538208,5.36936022312856,0.7144156336784363,0.052163839622191586,303.01839752197264,70.5229759447767,0.003062484661313647,0.0022555886760165077,0.2798584685578641,0.025061093072514546,10.33549276992973,8.330606142167875,0.1395251966329558,0.011655612658721497,-0.46455639959133804,0.17056176173568696,-10.146320149127082,8.3856068603785,-1.3471765190448841,1.0292762590763371,-1.5526506834259726,0.6349611289547389,0.6069517001509667,0.06587519292321922
test,own_deviation_charge/tuned_family,8.257484436035156,1.8704261799687625,59.19928512573242,6.339256274451964,0.4591517969965935,0.00433111401517449,0.0663963008671999,0.01434647307043211,1.07254718542099,0.013743807559946341,0.060295269498601554,0.027544334176359295,0.7236102163791657,0.039830015366520435,3.21552392244339,0.1810606869484336,6.855177879333496,1.9262067245191965,0.7468152910470962,0.044529884927036766,304.8592140197754,70.01826920461166,0.0038319437255267983,0.0021902693906767777,0.29434265019712064,0.027578082394997174,845.5669868200872,3032.81132659358,0.14963200189535714,0.011782250925493712,-0.4490924130575132,0.1708471172401368,-845.1891808974904,3032.884171750477,-2.38240529548727,2.1706325989182567,-2.021120136675152,0.8430665889201354,0.6604387193918229,0.07194175615409867
test,own_deviation_charge/voltage_family,8.257484436035156,1.8704261799687625,59.19928512573242,6.339256274451964,0.4591517969965935,0.00433111401517449,0.0663963008671999,0.01434647307043211,1.07254718542099,0.013743807559946341,0.060295269498601554,0.027544334176359295,0.7236102163791657,0.039830015366520435,3.21552392244339,0.1810606869484336,6.855177879333496,1.9262067245191965,0.7468152910470962,0.044529884927036766,304.8592140197754,70.01826920461166,0.0038319437255267983,0.0021902693906767777,0.29434265019712064,0.027578082394997174,845.5669868200872,3032.81132659358,0.14963200189535714,0.011782250925493712,-0.4490924130575132,0.1708471172401368,-845.1891808974904,3032.884171750477,-2.38240529548727,2.1706325989182567,-2.021120136675152,0.8430665889201354,0.6604387193918229,0.07194175615409867
test,own_deviation_charge/voltage_off_matched,9.463000297546387,1.5746268203708285,62.74325942993164,6.650086628203009,0.45833334475755694,0.004605640322341237,0.06841969285160303,0.01373572694822305,1.0757140159606933,0.014019355671215537,0.064630325185135,0.0267838049382753,0.7630248546600342,0.04526554062432378,3.322838544845581,0.19546734471824384,6.14621639251709,0.7316836581682187,0.7540291249752045,0.05333480602711031,304.38983688354494,70.4961726060998,0.0028773897489990596,0.00227589903659465,0.27901945925117355,0.023410080453926365,27463589.446041234,68775462.71610531,0.1480265884182207,0.011307520312486006,-0.45121607203430647,0.17117795005179656,-27463589.184535254,68775462.7710737,-1.3982800142790537,1.211615194290101,-1.5934121370439203,0.6697420860915161,0.608673232793808,0.06808589962058867
test,own_peak_ratchet/fixed_base,7.895112037658691,1.6605241433217772,65.30489883422851,7.502285208105379,0.42172619700431824,0.012575112589637607,0.07587669119238853,0.015241042582588783,1.083418607711792,0.01716394844346152,0.07427161568775772,0.027828149518768063,0.7682901978492737,0.058020549425283306,3.6697436571121216,0.21208226260139412,15.279912948608398,2.787619691537706,0.5959129840135574,0.05591904160622876,294.27956466674806,67.82366948568512,0.014975375216454267,0.004138301094877671,0.3009249860204282,0.02828991993272824,11.172708303060913,6.792887778629378,0.20644353795905118,0.002173213179207072,-0.5042896888158803,0.2025046506993753,-10.910914752219178,6.844379821313687,-2.17347803611195,1.6380190606427012,-1.9937906451323784,0.7485217452870155,0.6554691106081009,0.061944007328567814
test,own_peak_ratchet/tuned_base,8.889389038085938,1.8009213574909366,67.19367446899415,6.834500400395369,0.4580357238650322,0.004984799533481479,0.07340804859995842,0.013236836530914425,1.0852035939693452,0.01586139542603239,0.07431469270959497,0.02550048535687864,0.7863730311393737,0.050148545272752185,3.590392220020294,0.21253598899187387,48.4116548538208,5.36936022312856,0.7144156336784363,0.052163839622191586,303.0183990478516,70.52296119960297,0.003062484661313647,0.0022555886760165077,0.2798584685578641,0.025061093072514546,10.997316743301743,8.86583627749699,0.20610298499393145,0.0022548052963698717,-0.500415320237539,0.20207724744239294,-10.72466369471316,8.926477907680619,-1.4878823536491383,1.1410462597116886,-1.6614207132264558,0.6730106055997253,0.6069517001509667,0.06587519292321922
test,own_peak_ratchet/tuned_family,8.840775489807129,1.9528233230047345,65.75806179046631,6.661991165589068,0.4586309626698494,0.00498479766047134,0.07115084305405617,0.013296499669401926,1.0810974419116974,0.015137651956916288,0.06790413474664092,0.025333868659180997,0.7808667600154877,0.04650257422525142,3.553540062904358,0.23512034650363986,9.807062339782714,2.3354985453255415,0.7056438773870468,0.05230893579482898,305.1945343017578,70.61847096481137,0.002874005666275478,0.002284971496975614,0.28584342448128863,0.02572030631513517,29069572.032032408,72976884.09204641,0.20722107288557634,0.0022128484366066366,-0.4977377899330365,0.2020281051242769,-29069571.651219375,72976884.16606009,-2.081866741917315,1.9134071071201433,-1.929769743664974,0.8784518947065936,0.6349951267242432,0.07427769025645752
test,own_peak_ratchet/voltage_family,8.257484436035156,1.8704261799687625,59.19928512573242,6.339256274451964,0.4591517969965935,0.00433111401517449,0.0663963008671999,0.01434647307043211,1.07254718542099,0.013743807559946341,0.060295269498601554,0.027544334176359295,0.7236102163791657,0.039830015366520435,3.21552392244339,0.1810606869484336,6.855177879333496,1.9262067245191965,0.7468152910470962,0.044529884927036766,304.8592041015625,70.01825679685183,0.0038319437255267983,0.0021902693906767777,0.29434265019712064,0.027578082394997174,904.4944288312947,3252.5113263066637,0.20824971459511116,0.002440866808245823,-0.49613638774664837,0.20177497393978408,-904.0259206269077,3252.587883026014,-2.5457793062284617,2.3483120596173075,-2.1434520589263015,0.8885439653207485,0.6604387193918229,0.07194175615409867
test,own_peak_ratchet/voltage_off_matched,9.463000297546387,1.5746268203708285,62.74325942993164,6.650086628203009,0.45833334475755694,0.004605640322341237,0.06841969285160303,0.01373572694822305,1.0757140159606933,0.014019355671215537,0.064630325185135,0.0267838049382753,0.7630248546600342,0.04526554062432378,3.322838544845581,0.19546734471824384,6.14621639251709,0.7316836581682187,0.7540291249752045,0.05333480602711031,304.3898330688477,70.49614784956448,0.0028773897489990596,0.00227589903659465,0.27901945925117355,0.023410080453926365,29079135.390158784,72991189.31516883,0.20797211428774648,0.0022932850307313102,-0.4963953882077501,0.20189422796080503,-29079135.04315855,72991189.37473427,-1.5057624564021208,1.3151831567796783,-1.6921717897889157,0.7052623723809078,0.608673232793808,0.06808589962058867
test,reverse_flow_charge/fixed_base,7.895112037658691,1.6605241433217772,65.30489883422851,7.502285208105379,0.42172619700431824,0.012575112589637607,0.07587669119238853,0.015241042582588783,1.083418607711792,0.01716394844346152,0.07427161568775772,0.027828149518768063,0.7682901978492737,0.058020549425283306,3.6697436571121216,0.21208226260139412,15.279912948608398,2.787619691537706,0.5959129840135574,0.05591904160622876,294.27956161499026,67.82365474256983,0.014975375216454267,0.004138301094877671,0.3009249860204282,0.02828991993272824,9.992039236712163,6.021791609224266,0.1161340221638442,0.01734402629681252,-0.4479464436989633,0.15324841821798557,-9.844311121975254,6.06646244642324,-1.9760552579120092,1.4492042402145673,-1.8118416226033074,0.6853170762145232,0.6554691106081009,0.061944007328567814
test,reverse_flow_charge/tuned_base,8.889389038085938,1.8009213574909366,67.19367446899415,6.834500400395369,0.4580357238650322,0.004984799533481479,0.07340804859995842,0.013236836530914425,1.0852035939693452,0.01586139542603239,0.07431469270959497,0.02550048535687864,0.7863730311393737,0.050148545272752185,3.590392220020294,0.21253598899187387,48.4116548538208,5.36936022312856,0.7144156336784363,0.052163839622191586,303.01839141845704,70.52295378245181,0.003062484661313647,0.0022555886760165077,0.2798584685578641,0.025061093072514546,9.828838069611086,7.905226495019233,0.11092451213642762,0.01764964783735957,-0.4472653329163333,0.15397586300690896,-9.670087402980405,7.963796849146927,-1.3313217834556423,0.9942206090640586,-1.5056407335627842,0.6159935837480215,0.6069517001509667,0.06587519292321922
test,reverse_flow_charge/tuned_family,8.257484436035156,1.8704261799687625,59.19928512573242,6.339256274451964,0.4591517969965935,0.00433111401517449,0.0663963008671999,0.01434647307043211,1.07254718542099,0.013743807559946341,0.060295269498601554,0.027544334176359295,0.7236102163791657,0.039830015366520435,3.21552392244339,0.1810606869484336,6.855177879333496,1.9262067245191965,0.7468152910470962,0.044529884927036766,304.85920944213865,70.0182611578389,0.0038319437255267983,0.0021902693906767777,0.29434265019712064,0.027578082394997174,804.554856370122,2882.7587940166895,0.11286023190469056,0.017771284555001456,-0.44315531834598404,0.15364919532572138,-804.2346780627438,2882.827888796225,-2.2744802996423386,2.0437347672518524,-1.9434442604629751,0.8123475517200122,0.6604387193918229,0.07194175615409867
test,reverse_flow_charge/voltage_family,8.257484436035156,1.8704261799687625,59.19928512573242,6.339256274451964,0.4591517969965935,0.00433111401517449,0.0663963008671999,0.01434647307043211,1.07254718542099,0.013743807559946341,0.060295269498601554,0.027544334176359295,0.7236102163791657,0.039830015366520435,3.21552392244339,0.1810606869484336,6.855177879333496,1.9262067245191965,0.7468152910470962,0.044529884927036766,304.85920944213865,70.0182611578389,0.0038319437255267983,0.0021902693906767777,0.29434265019712064,0.027578082394997174,804.554856370122,2882.7587940166895,0.11286023190469056,0.017771284555001456,-0.44315531834598404,0.15364919532572138,-804.2346780627438,2882.827888796225,-2.2744802996423386,2.0437347672518524,-1.9434442604629751,0.8123475517200122,0.6604387193918229,0.07194175615409867
test,reverse_flow_charge/voltage_off_matched,9.463000297546387,1.5746268203708285,62.74325942993164,6.650086628203009,0.45833334475755694,0.004605640322341237,0.06841969285160303,0.01373572694822305,1.0757140159606933,0.014019355671215537,0.064630325185135,0.0267838049382753,0.7630248546600342,0.04526554062432378,3.322838544845581,0.19546734471824384,6.14621639251709,0.7316836581682187,0.7540291249752045,0.05333480602711031,304.3898277282715,70.49614024881623,0.0028773897489990596,0.00227589903659465,0.27901945925117355,0.023410080453926365,26124415.231483035,65355263.850601785,0.1104508273171793,0.017516458345498292,-0.4464422979139625,0.1539880436632588,-26124415.018651403,65355263.90417018,-1.3343339576832804,1.1353065132288787,-1.5305575597375463,0.6443973405752667,0.608673232793808,0.06808589962058867
test,staggered_class_tou/fixed_base,7.895112037658691,1.6605241433217772,65.30489883422851,7.502285208105379,0.42172619700431824,0.012575112589637607,0.07587669119238853,0.015241042582588783,1.083418607711792,0.01716394844346152,0.07427161568775772,0.027828149518768063,0.7682901978492737,0.058020549425283306,3.6697436571121216,0.21208226260139412,15.279912948608398,2.787619691537706,0.5959129840135574,0.05591904160622876,294.2795692443848,67.82367540823982,0.014975375216454267,0.004138301094877671,0.3009249860204282,0.02828991993272824,10.261377003741183,6.221557102706644,0.13218953176686593,0.013524932592828443,-0.4697364594703289,0.1668279255578919,-10.09631955060752,6.263738598458448,-1.9745014507455814,1.4635481673769368,-1.8438224773279095,0.6972148919767871,0.6554691106081009,0.061944007328567814
test,staggered_class_tou/tuned_base,8.889389038085938,1.8009213574909366,67.19367446899415,6.834500400395369,0.4580357238650322,0.004984799533481479,0.07340804859995842,0.013236836530914425,1.0852035939693452,0.01586139542603239,0.07431469270959497,0.02550048535687864,0.7863730311393737,0.050148545272752185,3.590392220020294,0.21253598899187387,48.4116548538208,5.36936022312856,0.7144156336784363,0.052163839622191586,303.01841125488284,70.52296221891051,0.003062484661313647,0.0022555886760165077,0.2798584685578641,0.025061093072514546,10.26139953376681,8.2674452847025,0.15060316022098802,0.010626882067785783,-0.43960809669183476,0.16822248434732218,-10.044130237621092,8.335702823964464,-1.450036155560093,1.0972767257775837,-1.5712839887781047,0.6425422163296937,0.6069517001509667,0.06587519292321922
test,staggered_class_tou/tuned_family,8.840775489807129,1.9528233230047345,65.75806179046631,6.661991165589068,0.4586309626698494,0.00498479766047134,0.07115084305405617,0.013296499669401926,1.0810974419116974,0.015137651956916288,0.06790413474664092,0.025333868659180997,0.7808667600154877,0.04650257422525142,3.553540062904358,0.23512034650363986,9.807062339782714,2.3354985453255415,0.7056438773870468,0.05230893579482898,305.19457092285154,70.61848248146376,0.002874005666275478,0.002284971496975614,0.28584342448128863,0.02572030631513517,27211325.14458815,68187695.66722251,0.1506195118217026,0.01063994333518547,-0.43854313624330016,0.16829810634022754,-27211324.825049482,68187695.74390876,-2.0195937859173805,1.8392972993243404,-1.8240095935883247,0.8373099302673357,0.6349951267242432,0.07427769025645752
test,staggered_class_tou/voltage_family,8.07342529296875,1.9495941583197398,59.97805595397949,7.20545914689113,0.4596726313233376,0.004474719315637364,0.06593064088374376,0.014362723714023393,1.0735193192958832,0.014217457162773561,0.05826284440699965,0.026685424580652067,0.7184460282325744,0.053346127070921415,3.3146398425102235,0.1991857301532138,12.312746238708495,2.6048010174100678,0.6752500593662262,0.04299191983999561,303.8085479736328,70.27505448275758,0.004852724549709819,0.0022131715350152997,0.2999217461333684,0.028962084021834228,1542.121199848349,5572.358996133454,0.1497151008831648,0.012474267091398303,-0.44021894046672194,0.1672788356365392,-1541.6473007798227,5572.459197262353,-3.411325558251017,3.245290736200708,-2.210955845581013,0.9730556211351897,0.6779205590486527,0.07507280336201501
test,staggered_class_tou/voltage_off_matched,8.243799209594727,1.9186172486690842,61.09142303466797,6.598451462699718,0.4595238208770752,0.004670971602849207,0.06650149580091239,0.014187004699569511,1.074403738975525,0.014296275731433498,0.059496396617032585,0.026562054938448387,0.7314091891050338,0.04458584054600244,3.3476210474967956,0.18821472624952823,11.729407119750977,2.1933041965512676,0.6790523082017899,0.04627152817367008,304.05638656616213,70.57390239294918,0.004189846056397073,0.0021879414160499424,0.29715685047207796,0.028589530020371103,27021190.601147823,67652264.8132465,0.15175447575917073,0.011860948967209389,-0.43748396390501687,0.16773792374867055,-27021190.151859283,67652264.9449694,-2.986764717764237,2.806062183601592,-2.118152940677761,0.933283947542097,0.6683935463428498,0.07489775331062157
test,stress_bidirectional/fixed_base,7.895112037658691,1.6605241433217772,65.30489883422851,7.502285208105379,0.42172619700431824,0.012575112589637607,0.07587669119238853,0.015241042582588783,1.083418607711792,0.01716394844346152,0.07427161568775772,0.027828149518768063,0.7682901978492737,0.058020549425283306,3.6697436571121216,0.21208226260139412,15.279912948608398,2.787619691537706,0.5959129840135574,0.05591904160622876,294.2795783996582,67.82367552514845,0.014975375216454267,0.004138301094877671,0.3009249860204282,0.02828991993272824,7.676065318972341,4.210989916614919,-0.06770156332015459,0.09048622870709301,-0.43175495894435373,0.10216988406073767,-7.743766882292495,4.285573847348647,-1.363251863523395,0.925598178033435,-1.432374742023881,0.5005592212326465,0.6554691106081009,0.061944007328567814
test,stress_bidirectional/tuned_base,8.229565620422363,1.724371073849388,65.23509044647217,6.6990325272695905,0.45900298804044726,0.004981878365569836,0.06849757358431816,0.014082739341783583,1.0784510731697083,0.015326089114253387,0.0655740909744054,0.02608991587861684,0.7644031435251236,0.04402217376525706,3.577469217777252,0.22139698219835,47.61302471160889,4.671627933874517,0.734089595079422,0.050684653659001815,300.22225723266604,69.95741682764994,0.006544129317626357,0.0023966712281759885,0.29387915563125255,0.027722770568556203,8.650163433325922,5.6101298981456305,-0.027268558315935894,0.0926291788114584,-0.4387401104287771,0.11392666790908221,-8.677431991641857,5.689879152553826,-1.3930680142104606,0.9777923036210613,-1.470890211160135,0.5309089711520061,0.6427724748849869,0.06638668416494867
test,stress_bidirectional/tuned_family,7.813763618469238,1.9120818328714406,61.84709091186524,8.117988325145177,0.45997024923563,0.0047770573701841025,0.06544653009623289,0.014462855251409959,1.073120218515396,0.013915034793405159,0.05694705497007817,0.02586710287178917,0.7325181752443314,0.06468166679097294,3.4576723337173463,0.20972141323088742,13.660025596618652,2.950588474140202,0.6986828505992889,0.04431568156320667,302.23419189453125,69.52992943531842,0.007249739358667284,0.0025566797513264295,0.30366453546811245,0.0289965801589832,596.4971689581741,2083.606343182352,-0.011948288095410316,0.1053554713954628,-0.40787297795749095,0.11575329825450638,-596.2775541381136,2083.7213076717826,-3.2703950527707684,3.2837175638027345,-1.9067159426488693,0.7691652671634918,0.6882908821105957,0.07423311605205686
test,stress_bidirectional/voltage_family,7.813763618469238,1.9120818328714406,61.84709091186524,8.117988325145177,0.45997024923563,0.0047770573701841025,0.06544653009623289,0.014462855251409959,1.073120218515396,0.013915034793405159,0.05694705497007817,0.02586710287178917,0.7325181752443314,0.06468166679097294,3.4576723337173463,0.20972141323088742,13.660025596618652,2.950588474140202,0.6986828505992889,0.04431568156320667,302.23419189453125,69.52992943531842,0.007249739358667284,0.0025566797513264295,0.30366453546811245,0.0289965801589832,596.4971689581741,2083.606343182352,-0.011948288095410316,0.1053554713954628,-0.40787297795749095,0.11575329825450638,-596.2775541381136,2083.7213076717826,-3.2703950527707684,3.2837175638027345,-1.9067159426488693,0.7691652671634918,0.6882908821105957,0.07423311605205686
test,stress_bidirectional/voltage_off_matched,8.028221130371094,1.920777227199603,60.82887630462646,8.007199035045502,0.45982143878936765,0.004605640322342506,0.06591972261667252,0.014290246038599044,1.0735078036785126,0.014134195003372211,0.05782816435676068,0.026271356604505896,0.7279738068580628,0.06482260208547487,3.3722079038619994,0.2071970323580331,13.694548606872559,2.895528943212943,0.7069620341062546,0.04923368879140474,303.11792449951173,70.14330147862294,0.005617891764268279,0.0022600761332310067,0.3002552865551959,0.028650190330793877,19967161.950774796,49413433.19256155,-0.016353830682875607,0.1046602193742503,-0.4121546229947562,0.11481911396588154,-19967161.79002368,49413433.32430237,-2.6271100987997515,2.3886871566992554,-1.8120240740689941,0.7401535282577382,0.6776982069015502,0.07553250553196736
test,stress_class_neutral/fixed_base,7.895112037658691,1.6605241433217772,65.30489883422851,7.502285208105379,0.42172619700431824,0.012575112589637607,0.07587669119238853,0.015241042582588783,1.083418607711792,0.01716394844346152,0.07427161568775772,0.027828149518768063,0.7682901978492737,0.058020549425283306,3.6697436571121216,0.21208226260139412,15.279912948608398,2.787619691537706,0.5959129840135574,0.05591904160622876,294.27955169677733,67.82364910067164,0.014975375216454267,0.004138301094877671,0.3009249860204282,0.02828991993272824,10.851234104959637,6.2008931724258405,0.2231269288334566,0.0005574641221317284,-0.640237511501034,0.13309134898371183,-10.628107176126182,6.200891572351923,-1.9801574817419154,1.3172613286880113,-2.0274143372170794,0.7591552568060822,0.6554691106081009,0.061944007328567814
test,stress_class_neutral/tuned_base,8.889389038085938,1.8009213574909366,67.19367446899415,6.834500400395369,0.4580357238650322,0.004984799533481479,0.07340804859995842,0.013236836530914425,1.0852035939693452,0.01586139542603239,0.07431469270959497,0.02550048535687864,0.7863730311393737,0.050148545272752185,3.590392220020294,0.21253598899187387,48.4116548538208,5.36936022312856,0.7144156336784363,0.052163839622191586,303.018376159668,70.52295587186933,0.003062484661313647,0.0022555886760165077,0.2798584685578641,0.025061093072514546,10.816811431472058,8.47891170460956,0.22283376515059877,0.0006023671195829764,-0.6444431554372525,0.13594470367284772,-10.593977666321459,8.478892541365227,-1.303649166479087,0.891558709720686,-1.6888381222532924,0.682383677173645,0.6069517001509667,0.06587519292321922
test,stress_class_neutral/tuned_family,8.840775489807129,1.9528233230047345,65.75806179046631,6.661991165589068,0.4586309626698494,0.00498479766047134,0.07115084305405617,0.013296499669401926,1.0810974419116974,0.015137651956916288,0.06790413474664092,0.025333868659180997,0.7808667600154877,0.04650257422525142,3.553540062904358,0.23512034650363986,9.807062339782714,2.3354985453255415,0.7056438773870468,0.05230893579482898,305.1945495605469,70.6184772684823,0.002874005666275478,0.002284971496975614,0.28584342448128863,0.02572030631513517,27898549.777441137,69109800.19126698,0.22347619402921642,0.0005824630602099946,-0.6177045236139562,0.13466678967216714,-27898549.476789426,69109800.22393325,-1.854858057036853,1.5570471125334526,-1.960476642161288,0.890632602734038,0.6349951267242432,0.07427769025645752
test,stress_class_neutral/voltage_family,8.257484436035156,1.8704261799687625,59.19928512573242,6.339256274451964,0.4591517969965935,0.00433111401517449,0.0663963008671999,0.01434647307043211,1.07254718542099,0.013743807559946341,0.060295269498601554,0.027544334176359295,0.7236102163791657,0.039830015366520435,3.21552392244339,0.1810606869484336,6.855177879333496,1.9262067245191965,0.7468152910470962,0.044529884927036766,304.85919189453125,70.01826265572464,0.0038319437255267983,0.0021902693906767777,0.29434265019712064,0.027578082394997174,818.1957831898211,2889.259368198343,0.2234635377472154,0.0005747601514047392,-0.5750360813213292,0.13944865157049022,-817.8368613494392,2889.2993805293468,-2.4030508514883158,1.9691700354483388,-2.1755065745059454,0.9005429578400789,0.6604387193918229,0.07194175615409867
test,stress_class_neutral/voltage_off_matched,9.463000297546387,1.5746268203708285,62.74325942993164,6.650086628203009,0.45833334475755694,0.004605640322341237,0.06841969285160303,0.01373572694822305,1.0757140159606933,0.014019355671215537,0.064630325185135,0.0267838049382753,0.7630248546600342,0.04526554062432378,3.322838544845581,0.19546734471824384,6.14621639251709,0.7316836581682187,0.7540291249752045,0.05333480602711031,304.38984375,70.49615803290025,0.0028773897489990596,0.00227589903659465,0.27901945925117355,0.023410080453926365,27699122.073480643,68619837.42676744,0.22347693079050285,0.0005788435678849095,-0.5935876173171978,0.13686038318158064,-27699121.794240296,68619837.45033073,-1.3831371580756349,1.052797696360236,-1.7178709196571869,0.7143576832924194,0.608673232793808,0.06808589962058867
test,stress_export_biting/fixed_base,7.895112037658691,1.6605241433217772,65.30489883422851,7.502285208105379,0.42172619700431824,0.012575112589637607,0.07587669119238853,0.015241042582588783,1.083418607711792,0.01716394844346152,0.07427161568775772,0.027828149518768063,0.7682901978492737,0.058020549425283306,3.6697436571121216,0.21208226260139412,15.279912948608398,2.787619691537706,0.5959129840135574,0.05591904160622876,294.279598236084,67.8236795054927,0.014975375216454267,0.004138301094877671,0.3009249860204282,0.02828991993272824,7.709291250847491,5.104887434383417,-1.1492671390631388,0.2991453205100992,-0.11403518154461167,0.44484025793007553,4.701409549500047,6.3113176586582185,1.6490407104443137,1.9501192096556206,0.7516576105793453,0.30765328021202304,0.6554691106081009,0.061944007328567814
test,stress_export_biting/tuned_base,8.430790901184082,1.714927044563684,21.188735961914062,0.8192493597292557,0.4587797746062279,0.005224535085246343,0.017337188590317965,0.0021155647325451256,1.0331071436405181,0.0022994504095690893,0.0,0.0,0.8263361543416977,0.030247596158740432,2.150251495838165,0.09045483514971166,7.470870018005371,1.5970914034585904,0.5289523944258689,0.059493265117471925,68.78066735267639,30.508948654699864,0.38452271074056626,0.04148184635067035,0.4682109896752166,0.015111558914607389,5.028784200116036,3.675360565622791,0.21700141152807206,0.007214653487907249,-0.15864739133007383,0.07761180320016547,-4.783921179042414,3.7069095979901445,-0.7480130633507229,0.6264644776179049,-0.7475540652078505,0.32853481935291295,0.6304437294602394,0.0691285877961097
test,stress_export_biting/tuned_family,7.970261573791504,1.9133106478115491,20.641517639160156,1.0396101685196892,0.45982143878936765,0.004605640322342506,0.017320439452305436,0.0023031408432079366,1.0320264875888825,0.002748495464995353,0.0,0.0,0.8572492867708206,0.04545779068843335,2.19085578918457,0.09750371589412013,5.96003532409668,0.7448817520342271,0.5327867537736892,0.052399586032438814,69.62992649078369,30.317051700001148,0.3876195758581161,0.04000317307713311,0.4885586017005806,0.017782174410029553,12196818.94589292,30207915.346162926,0.2195187168355306,0.005685718897310096,-0.1588912541122433,0.0782650377322607,-12196818.579362642,30207915.412139475,-1.583166067268061,1.6888694510320506,-0.9726315487355526,0.4677043681448292,0.6802259385585785,0.07611031425358117
test,stress_export_biting/voltage_family,8.152627944946289,2.0861184114071123,37.30120658874512,2.8377771999841257,0.4600446537137032,0.004712578347922572,0.03755761738866568,0.00756224608402082,1.0496815979480743,0.005627972620795155,0.012124059982670587,0.010351503175011156,0.8551376670598984,0.057654726615141434,2.65634229183197,0.15170516672510856,6.84964656829834,1.2039932437567025,0.5851544320583344,0.04574535489351395,188.68209800720214,45.86067657163076,0.19233409091830253,0.03007931508040602,0.37228533547723747,0.023728343051185784,518048.8265397479,2316462.4807397225,-0.3454239650752634,0.2603022884758612,0.022154270330562702,0.17090112705364321,518039.70090775815,2316464.3929605624,-0.5257935207780979,0.6065467086275734,-0.321415077764739,0.3406027334680848,0.6853852331638336,0.07202187990852708
test,stress_export_biting/voltage_off_matched,8.028340339660645,1.9209177458992044,37.87808418273926,2.60077788803168,0.45982143878936765,0.004605640322342506,0.03849582374095917,0.007479514209112172,1.0505119025707246,0.005378413432371443,0.013259711653518025,0.01011595271912187,0.8614708095788955,0.05156163121082537,2.635764741897583,0.13653615254373772,7.138180732727051,1.7434556189878947,0.5335695996880532,0.043385973287670854,191.96083297729493,47.018627164213,0.18678361251950265,0.029854297631173764,0.3667264297228259,0.023056410162194268,2621778.0170380073,8298129.061874209,-0.3748810641945094,0.2616727326563763,0.017168043623811146,0.1677605553013358,2621771.324698605,8298131.020103635,-0.34370145454653533,0.5153522973980943,-0.2646918175349994,0.33358526432343666,0.6777611434459686,0.07557267788420685
test,stress_export_default/fixed_base,7.895112037658691,1.6605241433217772,65.30489883422851,7.502285208105379,0.42172619700431824,0.012575112589637607,0.07587669119238853,0.015241042582588783,1.083418607711792,0.01716394844346152,0.07427161568775772,0.027828149518768063,0.7682901978492737,0.058020549425283306,3.6697436571121216,0.21208226260139412,15.279912948608398,2.787619691537706,0.5959129840135574,0.05591904160622876,294.2795806884766,67.82366997138439,0.014975375216454267,0.004138301094877671,0.3009249860204282,0.02828991993272824,7.622374468132601,4.203956949092856,-0.06912823033385669,0.09015697093239136,-0.43617738337317896,0.10273560044509991,-7.691502698466456,4.27814848086961,-1.3642549829834631,0.9207475620437585,-1.4299484832214162,0.5013611474614985,0.6554691106081009,0.061944007328567814
test,stress_export_default/tuned_base,8.229565620422363,1.724371073849388,65.23509044647217,6.6990325272695905,0.45900298804044726,0.004981878365569836,0.06849757358431816,0.014082739341783583,1.0784510731697083,0.015326089114253387,0.0655740909744054,0.02608991587861684,0.7644031435251236,0.04402217376525706,3.577469217777252,0.22139698219835,47.61302471160889,4.671627933874517,0.734089595079422,0.050684653659001815,300.22226486206057,69.95741637951971,0.006544129317626357,0.0023966712281759885,0.29387915563125255,0.027722770568556203,8.583938771665704,5.591605796035799,-0.02877979136819392,0.0923284171402197,-0.4439207344635848,0.1148254111761999,-8.612718563033898,5.67097477942174,-1.3951465354220551,0.9720779563468395,-1.4684007816265034,0.5315161401681386,0.6427724748849869,0.06638668416494867
test,stress_export_default/tuned_family,7.813763618469238,1.9120818328714406,61.84709091186524,8.117988325145177,0.45997024923563,0.0047770573701841025,0.06544653009623289,0.014462855251409959,1.073120218515396,0.013915034793405159,0.05694705497007817,0.02586710287178917,0.7325181752443314,0.06468166679097294,3.4576723337173463,0.20972141323088742,13.660025596618652,2.950588474140202,0.6986828505992889,0.04431568156320667,302.23420028686525,69.529927889194,0.007249739358667284,0.0025566797513264295,0.30366453546811245,0.0289965801589832,592.4072112788756,2066.522916250734,-0.013455983999181942,0.10498778799815944,-0.41256616298508464,0.11727702177676635,-592.190152741555,2066.637674779362,-3.2698743771980316,3.274753579476284,-1.903833532451377,0.7702024436141859,0.6882908821105957,0.07423311605205686
test,stress_export_default/voltage_family,7.813763618469238,1.9120818328714406,61.84709091186524,8.117988325145177,0.45997024923563,0.0047770573701841025,0.06544653009623289,0.014462855251409959,1.073120218515396,0.013915034793405159,0.05694705497007817,0.02586710287178917,0.7325181752443314,0.06468166679097294,3.4576723337173463,0.20972141323088742,13.660025596618652,2.950588474140202,0.6986828505992889,0.04431568156320667,302.23420028686525,69.529927889194,0.007249739358667284,0.0025566797513264295,0.30366453546811245,0.0289965801589832,592.4072112788756,2066.522916250734,-0.013455983999181942,0.10498778799815944,-0.41256616298508464,0.11727702177676635,-592.190152741555,2066.637674779362,-3.2698743771980316,3.274753579476284,-1.903833532451377,0.7702024436141859,0.6882908821105957,0.07423311605205686
test,stress_export_default/voltage_off_matched,8.028221130371094,1.920777227199603,60.82887630462646,8.007199035045502,0.45982143878936765,0.004605640322342506,0.06591972261667252,0.014290246038599044,1.0735078036785126,0.014134195003372211,0.05782816435676068,0.026271356604505896,0.7279738068580628,0.06482260208547487,3.3722079038619994,0.2071970323580331,13.694548606872559,2.895528943212943,0.7069620341062546,0.04923368879140474,303.1179252624512,70.1433033050358,0.005617891764268279,0.0022600761332310067,0.3002552865551959,0.028650190330793877,19885682.304004285,49182383.76341875,-0.018063038893970696,0.10426451090136397,-0.4177167457990313,0.11619957850962304,-19885682.145919375,49182383.89442372,-2.6273736057260426,2.3797203668912696,-1.8088382219180363,0.7411376206249732,0.6776982069015502,0.07553250553196736
test,stress_export_tuned/fixed_base,7.895112037658691,1.6605241433217772,65.30489883422851,7.502285208105379,0.42172619700431824,0.012575112589637607,0.07587669119238853,0.015241042582588783,1.083418607711792,0.01716394844346152,0.07427161568775772,0.027828149518768063,0.7682901978492737,0.058020549425283306,3.6697436571121216,0.21208226260139412,15.279912948608398,2.787619691537706,0.5959129840135574,0.05591904160622876,294.27956619262693,67.82366945788795,0.014975375216454267,0.004138301094877671,0.3009249860204282,0.02828991993272824,7.118920268707697,3.1702764512895723,-0.08412558174233264,0.20409646186205338,-0.46899862789037944,0.12680468481108845,-7.20304585045003,3.313146615739084,-1.2424044599270503,0.8622138673336406,-1.3782606861533455,0.38762731127897854,0.6554691106081009,0.061944007328567814
test,stress_export_tuned/tuned_base,8.229470252990723,1.7244094110518122,60.77046375274658,5.477252728034833,0.45900298804044726,0.004981878365569836,0.06478004157543182,0.013228869679706844,1.0733343601226806,0.012619421922498753,0.05904996888712048,0.024966510170947157,0.8073940694332122,0.04767997737935601,3.3852296710014342,0.19426430487990476,43.65689697265625,3.9626881677509007,0.6996867030858993,0.04758636903969483,289.4131309509277,66.8877736899152,0.024027288425713778,0.005637020523518302,0.2990829993998758,0.02725898205873514,9.154306687345036,5.44126620217793,0.06201992103051118,0.13509111889512973,-0.46635847163014815,0.15683482535269802,-9.050653323113304,5.597660206583686,-1.5709905510335997,1.1470444364092531,-1.5765805165203326,0.5041418439680518,0.6427985459566117,0.06639623123408726
test,stress_export_tuned/tuned_family,8.023571968078613,1.9234161425548069,57.11805820465088,6.138200311574968,0.45982143878936765,0.004605640322342506,0.0632635870948434,0.013517899189760828,1.070179682970047,0.012382455302585926,0.053406954556703565,0.024781349869607148,0.7774984210729599,0.06358378923297568,3.2089863896369932,0.20760262399372187,12.415361404418945,2.6834457107399765,0.6908951312303543,0.0474255479591118,293.9581130981445,67.47507891438141,0.020408708369359374,0.004882153944165251,0.30473514475265606,0.02816616390976815,20900517.72493657,51553718.11881098,0.10415344985896961,0.12059721404474824,-0.4654460637454877,0.16754480791576212,-20900517.32809611,51553718.323286764,-3.0303669265903106,2.818080575210831,-2.0251113749688483,0.7786565263788144,0.6776982069015502,0.07553250553196736
test,stress_export_tuned/voltage_family,8.257484436035156,1.8704261799687625,59.19928512573242,6.339256274451964,0.4591517969965935,0.00433111401517449,0.0663963008671999,0.01434647307043211,1.07254718542099,0.013743807559946341,0.060295269498601554,0.027544334176359295,0.7236102163791657,0.039830015366520435,3.21552392244339,0.1810606869484336,6.855177879333496,1.9262067245191965,0.7468152910470962,0.044529884927036766,304.85921783447264,70.01827900866827,0.0038319437255267983,0.0021902693906767777,0.29434265019712064,0.027578082394997174,552.9446538136606,1862.9565142668125,0.06297960322952861,0.15073706462619763,-0.45442134848511023,0.15940992128705056,-552.6859142758776,1863.1032433311047,-2.1203263611100973,1.972587523748043,-1.8198679378467197,0.653318718898558,0.6604387193918229,0.07194175615409867
test,stress_export_tuned/voltage_off_matched,9.463000297546387,1.5746268203708285,62.74325942993164,6.650086628203009,0.45833334475755694,0.004605640322341237,0.06841969285160303,0.01373572694822305,1.0757140159606933,0.014019355671215537,0.064630325185135,0.0267838049382753,0.7630248546600342,0.04526554062432378,3.322838544845581,0.19546734471824384,6.14621639251709,0.7316836581682187,0.7540291249752045,0.05333480602711031,304.3898406982422,70.49615691428833,0.0028773897489990596,0.00227589903659465,0.27901945925117355,0.023410080453926365,19469588.91806238,47840542.66745512,0.019935687014239666,0.15594873775838453,-0.4573045651040525,0.14614563785384238,-19469588.815378733,47840542.79452748,-1.1297594596174867,0.9966409536460878,-1.357638543118768,0.4545220616376115,0.608673232793808,0.06808589962058867
test,stress_funds_tenant_floor/fixed_base,7.895112037658691,1.6605241433217772,65.30489883422851,7.502285208105379,0.42172619700431824,0.012575112589637607,0.07587669119238853,0.015241042582588783,1.083418607711792,0.01716394844346152,0.07427161568775772,0.027828149518768063,0.7682901978492737,0.058020549425283306,3.6697436571121216,0.21208226260139412,15.279912948608398,2.787619691537706,0.5959129840135574,0.05591904160622876,294.2795608520508,67.82366533164384,0.014975375216454267,0.004138301094877671,0.3009249860204282,0.02828991993272824,1.8615772384921576,0.905980231399796,-0.653638566256168,0.27032395417794125,-0.0280569950292729,0.14013327891591204,-1.8182927775677793,0.8745593971692225,-0.13245025744325584,0.32624649753615176,-0.23501680611966141,0.16776782930886608,0.6554691106081009,0.061944007328567814
test,stress_funds_tenant_floor/tuned_base,8.229398727416992,1.7241521799051347,39.03963565826416,2.546510450159559,0.45900298804044726,0.004981878365569836,0.038001134525984526,0.007246137051723035,1.0512112140655518,0.005228309575780911,0.01415256870968733,0.010078991657613076,0.8513384133577346,0.04415091304081753,2.6842758536338804,0.1529562524952381,24.613261222839355,3.9349656508396786,0.5189997896552085,0.042779298796033594,187.03842391967774,46.690047894655024,0.1911216452717781,0.029481748886084683,0.3607603500458586,0.022520210287510695,7.060098369569528,4.254918194308218,0.10507507128706364,0.09581633088840494,-0.30348018561715623,0.1322033602459945,-6.9255698345021575,4.364040931990807,-1.1556938119376923,0.9026107108790066,-1.1502787586373242,0.3719023436942544,0.6434592723846435,0.06673118781133756
test,stress_funds_tenant_floor/tuned_family,8.028340339660645,1.9209177458992044,37.87808418273926,2.60077788803168,0.45982143878936765,0.004605640322342506,0.03849582374095917,0.007479514209112172,1.0505119025707246,0.005378413432371443,0.013259711653518025,0.01011595271912187,0.8614708095788955,0.05156163121082537,2.635764741897583,0.13653615254373772,7.138180732727051,1.7434556189878947,0.5335695996880532,0.043385973287670854,191.96082916259766,47.0186346435411,0.18678361251950265,0.029854297631173764,0.3667264297228259,0.023056410162194268,15355295.716347035,38312975.94487312,0.11591794622909313,0.09645561623395953,-0.30708880487197626,0.13389631779129865,-15355295.39805958,38312976.1018003,-2.135538556807074,2.052661947581785,-1.4340556488313998,0.5394263759630589,0.6777611434459686,0.07557267788420685
test,stress_funds_tenant_floor/voltage_family,8.152627944946289,2.0861184114071123,37.30120658874512,2.8377771999841257,0.4600446537137032,0.004712578347922572,0.03755761738866568,0.00756224608402082,1.0496815979480743,0.005627972620795155,0.012124059982670587,0.010351503175011156,0.8551376670598984,0.057654726615141434,2.65634229183197,0.15170516672510856,6.84964656829834,1.2039932437567025,0.5851544320583344,0.04574535489351395,188.68207778930665,45.86064590875005,0.19233409091830253,0.03007931508040602,0.37228533547723747,0.023728343051185784,5119596.625879539,22894289.554629676,0.1269018220988951,0.094109653326825,-0.3132914908701991,0.1361050223048799,-5119596.249063643,22894289.648143064,-2.41862526467047,2.418699603679435,-1.4836154011908191,0.5468834346572703,0.6853852331638336,0.07202187990852708
test,stress_funds_tenant_floor/voltage_off_matched,8.028340339660645,1.9209177458992044,37.87808418273926,2.60077788803168,0.45982143878936765,0.004605640322342506,0.03849582374095917,0.007479514209112172,1.0505119025707246,0.005378413432371443,0.013259711653518025,0.01011595271912187,0.8614708095788955,0.05156163121082537,2.635764741897583,0.13653615254373772,7.138180732727051,1.7434556189878947,0.5335695996880532,0.043385973287670854,191.96082916259766,47.0186346435411,0.18678361251950265,0.029854297631173764,0.3667264297228259,0.023056410162194268,15355295.716347035,38312975.94487312,0.11591794622909313,0.09645561623395953,-0.30708880487197626,0.13389631779129865,-15355295.39805958,38312976.1018003,-2.135538556807074,2.052661947581785,-1.4340556488313998,0.5394263759630589,0.6777611434459686,0.07557267788420685
test,stress_smoothed/fixed_base,7.895112037658691,1.6605241433217772,65.30489883422851,7.502285208105379,0.42172619700431824,0.012575112589637607,0.07587669119238853,0.015241042582588783,1.083418607711792,0.01716394844346152,0.07427161568775772,0.027828149518768063,0.7682901978492737,0.058020549425283306,3.6697436571121216,0.21208226260139412,15.279912948608398,2.787619691537706,0.5959129840135574,0.05591904160622876,294.2795867919922,67.82365824461131,0.014975375216454267,0.004138301094877671,0.3009249860204282,0.02828991993272824,8.566122383138605,4.719398427687488,0.006488209358428523,0.09229506817306415,-0.4699977299772402,0.13372715183972916,-8.559634173780177,4.796692947686184,-1.5434346429071502,1.0736336729631102,-1.5799901901801159,0.5339498798070486,0.6554691106081009,0.061944007328567814
test,stress_smoothed/tuned_base,8.229565620422363,1.724371073849388,65.23509044647217,6.6990325272695905,0.45900298804044726,0.004981878365569836,0.06849757358431816,0.014082739341783583,1.0784510731697083,0.015326089114253387,0.0655740909744054,0.02608991587861684,0.7644031435251236,0.04402217376525706,3.577469217777252,0.22139698219835,47.61302471160889,4.671627933874517,0.734089595079422,0.050684653659001815,300.2222427368164,69.95740955378307,0.006544129317626357,0.0023966712281759885,0.29387915563125255,0.027722770568556203,9.55314368327806,6.055152018960239,0.06271881166161244,0.09803005255547584,-0.44546216479829787,0.14950737629400693,-9.456726145609077,6.174084226540152,-1.7049625811143065,1.2135281969728264,-1.6426847010888739,0.5773619966878304,0.6427724748849869,0.06638668416494867
test,stress_smoothed/tuned_family,8.028221130371094,1.920777227199603,60.82887630462646,8.007199035045502,0.45982143878936765,0.004605640322342506,0.06591972261667252,0.014290246038599044,1.0735078036785126,0.014134195003372211,0.05782816435676068,0.026271356604505896,0.7279738068580628,0.06482260208547487,3.3722079038619994,0.2071970323580331,13.694548606872559,2.895528943212943,0.7069620341062546,0.04923368879140474,303.1179252624512,70.1433084796716,0.005617891764268279,0.0022600761332310067,0.3002552865551959,0.028650190330793877,21627931.415668968,53542836.65084836,0.06065710304861242,0.09954187751614765,-0.4348502450360301,0.14761689201985567,-21627931.105715346,53542836.81173574,-3.0529580064994186,2.79768890100438,-1.9902449432854943,0.8091315899308228,0.6776982069015502,0.07553250553196736
test,stress_smoothed/voltage_family,7.910680770874023,1.9088284242010591,61.113762283325194,8.616462272826343,0.4598958447575569,0.00451555534560682,0.0656464483588934,0.014349243334819909,1.0732697069644928,0.013951534130474749,0.05758928540162742,0.02590285116282195,0.7272660583257675,0.07234174596817963,3.405663275718689,0.24309433321392804,13.1259916305542,3.500887252252728,0.7021864622831344,0.046741055557649167,302.7078346252441,69.81277222089409,0.00646121921017766,0.002391109184269659,0.30231850728730447,0.028896075990994353,1170.444407146043,4121.417167170312,0.061649307200554095,0.09790634926441379,-0.4405831330028672,0.14831889560087938,-1170.108616701872,4121.5448716734345,-3.4358928919490217,3.343102643574569,-2.0530866595397925,0.8331929071479486,0.6843659013509751,0.07495368038560868
test,stress_smoothed/voltage_off_matched,8.028221130371094,1.920777227199603,60.82887630462646,8.007199035045502,0.45982143878936765,0.004605640322342506,0.06591972261667252,0.014290246038599044,1.0735078036785126,0.014134195003372211,0.05782816435676068,0.026271356604505896,0.7279738068580628,0.06482260208547487,3.3722079038619994,0.2071970323580331,13.694548606872559,2.895528943212943,0.7069620341062546,0.04923368879140474,303.1179252624512,70.1433084796716,0.005617891764268279,0.0022600761332310067,0.3002552865551959,0.028650190330793877,21627931.415668968,53542836.65084836,0.06065710304861242,0.09954187751614765,-0.4348502450360301,0.14761689201985567,-21627931.105715346,53542836.81173574,-3.0529580064994186,2.79768890100438,-1.9902449432854943,0.8091315899308228,0.6776982069015502,0.07553250553196736
test,stress_tenant_exempt/fixed_base,7.895112037658691,1.6605241433217772,65.30489883422851,7.502285208105379,0.42172619700431824,0.012575112589637607,0.07587669119238853,0.015241042582588783,1.083418607711792,0.01716394844346152,0.07427161568775772,0.027828149518768063,0.7682901978492737,0.058020549425283306,3.6697436571121216,0.21208226260139412,15.279912948608398,2.787619691537706,0.5959129840135574,0.05591904160622876,294.2795776367187,67.82367158547464,0.014975375216454267,0.004138301094877671,0.3009249860204282,0.02828991993272824,7.64395213058351,4.2105304664126235,-0.07165722246959684,0.08891164821686626,-0.4289496946542381,0.1016979712942305,-7.7156093530531065,4.283496284607816,-1.3581574276947828,0.9268224751645179,-1.4261873155963398,0.5042987589106792,0.6554691106081009,0.061944007328567814
test,stress_tenant_exempt/tuned_base,8.229565620422363,1.724371073849388,65.23509044647217,6.6990325272695905,0.45900298804044726,0.004981878365569836,0.06849757358431816,0.014082739341783583,1.0784510731697083,0.015326089114253387,0.0655740909744054,0.02608991587861684,0.7644031435251236,0.04402217376525706,3.577469217777252,0.22139698219835,47.61302471160889,4.671627933874517,0.734089595079422,0.050684653659001815,300.2222640991211,69.9574202085902,0.006544129317626357,0.0023966712281759885,0.29387915563125255,0.027722770568556203,8.611462881804112,5.605342887452151,-0.03207173764355369,0.09076177893070461,-0.4353318514422623,0.11315186959736687,-8.643534619447667,5.683263391471637,-1.3872930233211431,0.9788157658361506,-1.4637330503254895,0.5349701303963511,0.6427724748849869,0.06638668416494867
test,stress_tenant_exempt/tuned_family,7.813763618469238,1.9120818328714406,61.84709091186524,8.117988325145177,0.45997024923563,0.0047770573701841025,0.06544653009623289,0.014462855251409959,1.073120218515396,0.013915034793405159,0.05694705497007817,0.02586710287178917,0.7325181752443314,0.06468166679097294,3.4576723337173463,0.20972141323088742,13.660025596618652,2.950588474140202,0.6986828505992889,0.04431568156320667,302.23419799804685,69.52991718409902,0.007249739358667284,0.0025566797513264295,0.30366453546811245,0.0289965801589832,594.6034004097467,2075.7590657249493,-0.015975884649460436,0.10374239084695114,-0.40501280956711316,0.11470826218987418,-594.388223877058,2075.8737820857295,-3.263104636005017,3.2825686465810437,-1.8997297178343389,0.773501794899862,0.6882908821105957,0.07423311605205686
test,stress_tenant_exempt/voltage_family,7.813763618469238,1.9120818328714406,61.84709091186524,8.117988325145177,0.45997024923563,0.0047770573701841025,0.06544653009623289,0.014462855251409959,1.073120218515396,0.013915034793405159,0.05694705497007817,0.02586710287178917,0.7325181752443314,0.06468166679097294,3.4576723337173463,0.20972141323088742,13.660025596618652,2.950588474140202,0.6986828505992889,0.04431568156320667,302.23419799804685,69.52991718409902,0.007249739358667284,0.0025566797513264295,0.30366453546811245,0.0289965801589832,594.6034004097467,2075.7590657249493,-0.015975884649460436,0.10374239084695114,-0.40501280956711316,0.11470826218987418,-594.388223877058,2075.8737820857295,-3.263104636005017,3.2825686465810437,-1.8997297178343389,0.773501794899862,0.6882908821105957,0.07423311605205686
test,stress_tenant_exempt/voltage_off_matched,8.028221130371094,1.920777227199603,60.82887630462646,8.007199035045502,0.45982143878936765,0.004605640322342506,0.06591972261667252,0.014290246038599044,1.0735078036785126,0.014134195003372211,0.05782816435676068,0.026271356604505896,0.7279738068580628,0.06482260208547487,3.3722079038619994,0.2071970323580331,13.694548606872559,2.895528943212943,0.7069620341062546,0.04923368879140474,303.1179168701172,70.14330590293292,0.005617891764268279,0.0022600761332310067,0.3002552865551959,0.028650190330793877,19929046.198887244,49306619.182478376,-0.021265002442041697,0.10276910535327298,-0.4086705344259668,0.11376641141122641,-19929046.043523494,49306619.31280969,-2.618903281162617,2.387674035430444,-1.8037890585620335,0.7449993395318496,0.6776982069015502,0.07553250553196736
test,subsidy_ablation/fixed_base,7.895112037658691,1.6605241433217772,65.30489883422851,7.502285208105379,0.42172619700431824,0.012575112589637607,0.07587669119238853,0.015241042582588783,1.083418607711792,0.01716394844346152,0.07427161568775772,0.027828149518768063,0.7682901978492737,0.058020549425283306,3.6697436571121216,0.21208226260139412,15.279912948608398,2.787619691537706,0.5959129840135574,0.05591904160622876,536.199577331543,67.82368202283386,0.014975375216454267,0.004138301094877671,0.3009249860204282,0.02828991993272824,15.00548041124578,8.676353010329487,0.011390263352763563,0.006720287713316772,-0.7972423871058363,0.2182192616219637,-14.957326877013262,8.715454041989728,-3.1028550268849413,2.13563458309257,-2.8704795969147225,0.9681206648544866,0.6554691106081009,0.061944007328567814
test,subsidy_ablation/tuned_base,8.889389038085938,1.8009213574909366,67.19367446899415,6.834500400395369,0.4580357238650322,0.004984799533481479,0.07340804859995842,0.013236836530914425,1.0852035939693452,0.01586139542603239,0.07431469270959497,0.02550048535687864,0.7863730311393737,0.050148545272752185,3.590392220020294,0.21253598899187387,48.4116548538208,5.36936022312856,0.7144156336784363,0.052163839622191586,544.9383895874023,70.52295080615269,0.003062484661313647,0.0022555886760165077,0.2798584685578641,0.025061093072514546,14.508788661884617,11.391790466311956,0.011097098102292023,0.0066486452614792566,-0.793362706814863,0.21773688315004022,-14.432421657248506,11.455638833945347,-2.0971927891936493,1.4552651941917387,-2.372860131828829,0.863919229318065,0.6069517001509667,0.06587519292321922
test,subsidy_ablation/tuned_family,8.840775489807129,1.9528233230047345,65.75806179046631,6.661991165589068,0.4586309626698494,0.00498479766047134,0.07115084305405617,0.013296499669401926,1.0810974419116974,0.015137651956916288,0.06790413474664092,0.025333868659180997,0.7808667600154877,0.04650257422525142,3.553540062904358,0.23512034650363986,9.807062339782714,2.3354985453255415,0.7056438773870468,0.05230893579482898,547.1147521972656,70.61851780770047,0.002874005666275478,0.002284971496975614,0.28584342448128863,0.02572030631513517,38016011.28883885,94944294.6589857,0.011739533254977706,0.006617966252831579,-0.791360514928346,0.21772179565321187,-38016011.07586677,94944294.74835141,-2.8960123719601456,2.461698395266463,-2.746304283077273,1.1396830102350746,0.6349951267242432,0.07427769025645752
test,subsidy_ablation/voltage_family,8.257484436035156,1.8704261799687625,59.19928512573242,6.339256274451964,0.4591517969965935,0.00433111401517449,0.0663963008671999,0.01434647307043211,1.07254718542099,0.013743807559946341,0.060295269498601554,0.027544334176359295,0.7236102163791657,0.039830015366520435,3.21552392244339,0.1810606869484336,6.855177879333496,1.9262067245191965,0.7468152910470962,0.044529884927036766,546.7794464111328,70.01832742032029,0.0038319437255267983,0.0021902693906767777,0.29434265019712064,0.027578082394997174,1167.9570407782198,4169.308226084482,0.011726871722889127,0.0066135415201625915,-0.7912629625430678,0.21782036992527906,-1167.6439440882818,4169.400138318963,-3.5355047414906458,3.043168798160275,-3.053332175092881,1.1605306343085091,0.6604387193918229,0.07194175615409867
test,subsidy_ablation/voltage_off_matched,9.463000297546387,1.5746268203708285,62.74325942993164,6.650086628203009,0.45833334475755694,0.004605640322341237,0.06841969285160303,0.01373572694822305,1.0757140159606933,0.014019355671215537,0.064630325185135,0.0267838049382753,0.7630248546600342,0.04526554062432378,3.322838544845581,0.19546734471824384,6.14621639251709,0.7316836581682187,0.7540291249752045,0.05333480602711031,546.3100631713867,70.49620972389805,0.0028773897489990596,0.00227589903659465,0.27901945925117355,0.023410080453926365,38023253.07686503,94955446.06824794,0.01174027010801101,0.0066137743101950695,-0.7910820893998268,0.2177386903302108,-38023252.91807924,94955446.13477679,-2.1030015394030763,1.6760353216963273,-2.408857186402454,0.90425298247235,0.608673232793808,0.06808589962058867
test,tenant_floor/fixed_base,7.895112037658691,1.6605241433217772,65.30489883422851,7.502285208105379,0.42172619700431824,0.012575112589637607,0.07587669119238853,0.015241042582588783,1.083418607711792,0.01716394844346152,0.07427161568775772,0.027828149518768063,0.7682901978492737,0.058020549425283306,3.6697436571121216,0.21208226260139412,15.279912948608398,2.787619691537706,0.5959129840135574,0.05591904160622876,294.2795867919922,67.8236576815035,0.014975375216454267,0.004138301094877671,0.3009249860204282,0.02828991993272824,11.135477850406538,6.797547163486711,0.20195327323041878,0.0008459087467273664,-0.4853136207375863,0.20616054520046495,-10.870949570102635,6.85412757265128,-2.197416599307979,1.6621160386173692,-1.985261313464171,0.7489197463400199,0.6554691106081009,0.061944007328567814
test,tenant_floor/tuned_base,8.889389038085938,1.8009213574909366,67.19367446899415,6.834500400395369,0.4580357238650322,0.004984799533481479,0.07340804859995842,0.013236836530914425,1.0852035939693452,0.01586139542603239,0.07431469270959497,0.02550048535687864,0.7863730311393737,0.050148545272752185,3.590392220020294,0.21253598899187387,48.4116548538208,5.36936022312856,0.7144156336784363,0.052163839622191586,303.01839981079104,70.52295672000668,0.003062484661313647,0.0022555886760165077,0.2798584685578641,0.025061093072514546,10.97028443526143,8.866119220534362,0.2016601077819269,0.0008164926562470568,-0.4814340102100145,0.2057030489129704,-10.697381281405786,8.929563966301918,-1.5038302662511565,1.1580536594063027,-1.6546371334336363,0.6734560459690352,0.6069517001509667,0.06587519292321922
test,tenant_floor/tuned_family,8.840775489807129,1.9528233230047345,65.75806179046631,6.661991165589068,0.4586309626698494,0.00498479766047134,0.07115084305405617,0.013296499669401926,1.0810974419116974,0.015137651956916288,0.06790413474664092,0.025333868659180997,0.7808667600154877,0.04650257422525142,3.553540062904358,0.23512034650363986,9.807062339782714,2.3354985453255415,0.7056438773870468,0.05230893579482898,305.19456634521487,70.6184121256149,0.002874005666275478,0.002284971496975614,0.28584342448128863,0.02572030631513517,29038063.001936156,72920612.57778917,0.202302533778923,0.0007776413844766215,-0.4794317664188544,0.20570746316219735,-29038062.61944943,72920612.65367092,-2.1027226504384293,1.9394806263938664,-1.9211886900404427,0.878346742027459,0.6349951267242432,0.07427769025645752
test,tenant_floor/voltage_family,8.257484436035156,1.8704261799687625,59.19928512573242,6.339256274451964,0.4591517969965935,0.00433111401517449,0.0663963008671999,0.01434647307043211,1.07254718542099,0.013743807559946341,0.060295269498601554,0.027544334176359295,0.7236102163791657,0.039830015366520435,3.21552392244339,0.1810606869484336,6.855177879333496,1.9262067245191965,0.7468152910470962,0.044529884927036766,304.85926513671876,70.01819897157617,0.0038319437255267983,0.0021902693906767777,0.29434265019712064,0.027578082394997174,904.9273769450014,3255.8813082870133,0.20228986946864982,0.0007686705375162467,-0.47933422030481043,0.20581189206427056,-904.4546211697786,3255.960131218834,-2.5627251398687934,2.3792606070858597,-2.1316191599490653,0.8877799901695681,0.6604387193918229,0.07194175615409867
test,tenant_floor/voltage_off_matched,9.463000297546387,1.5746268203708285,62.74325942993164,6.650086628203009,0.45833334475755694,0.004605640322341237,0.06841969285160303,0.01373572694822305,1.0757140159606933,0.014019355671215537,0.064630325185135,0.0267838049382753,0.7630248546600342,0.04526554062432378,3.322838544845581,0.19546734471824384,6.14621639251709,0.7316836581682187,0.7540291249752045,0.05333480602711031,304.3898811340332,70.49610516654718,0.0028773897489990596,0.00227589903659465,0.27901945925117355,0.023410080453926365,29045309.52050249,72930963.52399741,0.20230327144947036,0.0007716190533978282,-0.479153415937182,0.20572837583047912,-29045309.167631634,72930963.58746867,-1.5179512111090978,1.334320563539695,-1.6833246399204902,0.7049956665140164,0.608673232793808,0.06808589962058867
test,tou_evening_import/fixed_base,7.895112037658691,1.6605241433217772,65.30489883422851,7.502285208105379,0.42172619700431824,0.012575112589637607,0.07587669119238853,0.015241042582588783,1.083418607711792,0.01716394844346152,0.07427161568775772,0.027828149518768063,0.7682901978492737,0.058020549425283306,3.6697436571121216,0.21208226260139412,15.279912948608398,2.787619691537706,0.5959129840135574,0.05591904160622876,294.2795669555664,67.82366242205148,0.014975375216454267,0.004138301094877671,0.3009249860204282,0.02828991993272824,11.382419716830537,6.905572832401135,0.2201511172328424,0.0006835814691945363,-0.48386208648339835,0.20711654122814674,-11.10124852467866,6.960513295573153,-2.2386832724027874,1.688212029374267,-2.021799028624072,0.7587972852704798,0.6554691106081009,0.061944007328567814
test,tou_evening_import/tuned_base,8.889389038085938,1.8009213574909366,67.19367446899415,6.834500400395369,0.4580357238650322,0.004984799533481479,0.07340804859995842,0.013236836530914425,1.0852035939693452,0.01586139542603239,0.07431469270959497,0.02550048535687864,0.7863730311393737,0.050148545272752185,3.590392220020294,0.21253598899187387,48.4116548538208,5.36936022312856,0.7144156336784363,0.052163839622191586,303.0183807373047,70.52295244356648,0.003062484661313647,0.0022555886760165077,0.2798584685578641,0.025061093072514546,11.202957416560706,9.016497827649973,0.21935904756614172,0.0008454424918832265,-0.48068251945283047,0.20680845916395962,-10.912362639459406,9.07955502967342,-1.5287726508574375,1.1755646633687655,-1.6835777931023443,0.6821943741323464,0.6069517001509667,0.06587519292321922
test,tou_evening_import/tuned_family,8.840775489807129,1.9528233230047345,65.75806179046631,6.661991165589068,0.4586309626698494,0.00498479766047134,0.07115084305405617,0.013296499669401926,1.0810974419116974,0.015137651956916288,0.06790413474664092,0.025333868659180997,0.7808667600154877,0.04650257422525142,3.553540062904358,0.23512034650363986,9.807062339782714,2.3354985453255415,0.7056438773870468,0.05230893579482898,305.1945320129395,70.61846977887645,0.002874005666275478,0.002284971496975614,0.28584342448128863,0.02572030631513517,29561844.10047707,74218867.48628189,0.22058671516255077,0.0009929837064016555,-0.4778588039841762,0.2067991880675406,-29561843.697712827,74218867.56241861,-2.1410025819700733,1.9712929806946329,-1.9556085203777296,0.8905238470353305,0.6349951267242432,0.07427769025645752
test,tou_evening_import/voltage_family,8.257484436035156,1.8704261799687625,59.19928512573242,6.339256274451964,0.4591517969965935,0.00433111401517449,0.0663963008671999,0.01434647307043211,1.07254718542099,0.013743807559946341,0.060295269498601554,0.027544334176359295,0.7236102163791657,0.039830015366520435,3.21552392244339,0.1810606869484336,6.855177879333496,1.9262067245191965,0.7468152910470962,0.044529884927036766,304.859196472168,70.01823764953612,0.0038319437255267983,0.0021902693906767777,0.29434265019712064,0.027578082394997174,920.6631733546571,3311.528034591039,0.22096439269009446,0.0008184941843282589,-0.4772122484330585,0.2068169797545095,-920.1697516410666,3311.6071939807734,-2.6114307328867534,2.4180127300009895,-2.1707452864936565,0.9003263325670573,0.6604387193918229,0.07194175615409867
test,tou_evening_import/voltage_off_matched,9.463000297546387,1.5746268203708285,62.74325942993164,6.650086628203009,0.45833334475755694,0.004605640322341237,0.06841969285160303,0.01373572694822305,1.0757140159606933,0.014019355671215537,0.064630325185135,0.0267838049382753,0.7630248546600342,0.04526554062432378,3.322838544845581,0.19546734471824384,6.14621639251709,0.7316836581682187,0.7540291249752045,0.05333480602711031,304.3898063659668,70.49614393418754,0.0028773897489990596,0.00227589903659465,0.27901945925117355,0.023410080453926365,29578342.677230757,74253252.82785162,0.2204070962879582,0.0010133631913436117,-0.4778358889495726,0.20685520860819728,-29578342.306893766,74253252.89049914,-1.544743649495643,1.3562248285912624,-1.7132526358724576,0.7143498811951422,0.608673232793808,0.06808589962058867
test,tou_midday_export/fixed_base,7.895112037658691,1.6605241433217772,65.30489883422851,7.502285208105379,0.42172619700431824,0.012575112589637607,0.07587669119238853,0.015241042582588783,1.083418607711792,0.01716394844346152,0.07427161568775772,0.027828149518768063,0.7682901978492737,0.058020549425283306,3.6697436571121216,0.21208226260139412,15.279912948608398,2.787619691537706,0.5959129840135574,0.05591904160622876,294.2795806884766,67.82367597818471,0.014975375216454267,0.004138301094877671,0.3009249860204282,0.02828991993272824,9.75482355789247,5.903758058500993,0.09204880625570262,0.02042271148989183,-0.4631323847694132,0.15093984510356417,-9.646693863075447,5.936766423216753,-1.851548943639321,1.3576501728826693,-1.762796052026216,0.668557150010294,0.6554691106081009,0.061944007328567814
test,tou_midday_export/tuned_base,8.889389038085938,1.8009213574909366,67.19367446899415,6.834500400395369,0.4580357238650322,0.004984799533481479,0.07340804859995842,0.013236836530914425,1.0852035939693452,0.01586139542603239,0.07431469270959497,0.02550048535687864,0.7863730311393737,0.050148545272752185,3.590392220020294,0.21253598899187387,48.4116548538208,5.36936022312856,0.7144156336784363,0.052163839622191586,303.0184043884277,70.52297445914228,0.003062484661313647,0.0022555886760165077,0.2798584685578641,0.025061093072514546,9.814022614825976,7.892264551210714,0.1088697120218027,0.017873226791531825,-0.43532770876757754,0.1521507914787986,-9.655538017042533,7.952626118518846,-1.3385525744005935,1.0005799977409322,-1.502533300625437,0.6155344618163672,0.6069517001509667,0.06587519292321922
test,tou_midday_export/tuned_family,8.243799209594727,1.9186172486690842,61.09142303466797,6.598451462699718,0.4595238208770752,0.004670971602849207,0.06650149580091239,0.014187004699569511,1.074403738975525,0.014296275731433498,0.059496396617032585,0.026562054938448387,0.7314091891050338,0.04458584054600244,3.3476210474967956,0.18821472624952823,11.729407119750977,2.1933041965512676,0.6790523082017899,0.04627152817367008,304.05638580322267,70.57389737917372,0.004189846056397073,0.0021879414160499424,0.29715685047207796,0.028589530020371103,25838461.84137282,64631886.88247341,0.11272263547138814,0.018423781424624208,-0.42862962572983465,0.15141263087984078,-25838461.464490347,64631887.00428565,-2.808383653708106,2.6139648506689066,-2.0321175507763245,0.8971239324835891,0.6683935463428498,0.07489775331062157
test,tou_midday_export/voltage_family,8.07342529296875,1.9495941583197398,59.97805595397949,7.20545914689113,0.4596726313233376,0.004474719315637364,0.06593064088374376,0.014362723714023393,1.0735193192958832,0.014217457162773561,0.05826284440699965,0.026685424580652067,0.7184460282325744,0.053346127070921415,3.3146398425102235,0.1991857301532138,12.312746238708495,2.6048010174100678,0.6752500593662262,0.04299191983999561,303.8085342407227,70.27506766709001,0.004852724549709819,0.0022131715350152997,0.2999217461333684,0.028962084021834228,1473.0960252815707,5317.497534483227,0.11180283488355543,0.018698205640805415,-0.4299226267158399,0.15135987944879362,-1472.6957413369423,5317.590273475255,-3.221487691735894,3.045545637710531,-2.123479415394537,0.9363974048917892,0.6779205590486527,0.07507280336201501
test,tou_midday_export/voltage_off_matched,8.243799209594727,1.9186172486690842,61.09142303466797,6.598451462699718,0.4595238208770752,0.004670971602849207,0.06650149580091239,0.014187004699569511,1.074403738975525,0.014296275731433498,0.059496396617032585,0.026562054938448387,0.7314091891050338,0.04458584054600244,3.3476210474967956,0.18821472624952823,11.729407119750977,2.1933041965512676,0.6790523082017899,0.04627152817367008,304.05638580322267,70.57389737917372,0.004189846056397073,0.0021879414160499424,0.29715685047207796,0.028589530020371103,25838461.84137282,64631886.88247341,0.11272263547138814,0.018423781424624208,-0.42862962572983465,0.15141263087984078,-25838461.464490347,64631887.00428565,-2.808383653708106,2.6139648506689066,-2.0321175507763245,0.8971239324835891,0.6683935463428498,0.07489775331062157
test,two_part_fixed/fixed_base,7.895112037658691,1.6605241433217772,65.30489883422851,7.502285208105379,0.42172619700431824,0.012575112589637607,0.07587669119238853,0.015241042582588783,1.083418607711792,0.01716394844346152,0.07427161568775772,0.027828149518768063,0.7682901978492737,0.058020549425283306,3.6697436571121216,0.21208226260139412,15.279912948608398,2.787619691537706,0.5959129840135574,0.05591904160622876,294.27957916259766,67.82366749029053,0.014975375216454267,0.004138301094877671,0.3009249860204282,0.02828991993272824,11.858968835167742,7.246925515649243,0.26766074909528703,0.008355681257816733,-0.532835206096268,0.23365602881101669,-11.513510914357685,7.308581995202084,-2.356300298886334,1.7878431592959558,-2.1169037175542753,0.7903220511559863,0.6554691106081009,0.061944007328567814
test,two_part_fixed/tuned_base,8.889389038085938,1.8009213574909366,67.19367446899415,6.834500400395369,0.4580357238650322,0.004984799533481479,0.07340804859995842,0.013236836530914425,1.0852035939693452,0.01586139542603239,0.07431469270959497,0.02550048535687864,0.7863730311393737,0.050148545272752185,3.590392220020294,0.21253598899187387,48.4116548538208,5.36936022312856,0.7144156336784363,0.052163839622191586,303.0183952331543,70.52294227914476,0.003062484661313647,0.0022555886760165077,0.2798584685578641,0.025061093072514546,11.674976839827538,9.417201288668036,0.2705064675994467,0.008406805309283064,-0.5245487351600796,0.23268255509927793,-11.321414730604378,9.482709002797103,-1.6264346161735808,1.2512927422461806,-1.7665737723479373,0.7104371594770944,0.6069517001509667,0.06587519292321922
test,two_part_fixed/tuned_family,10.127854347229004,1.6672350965366414,63.93747348785401,6.698228498263991,0.4580357253551483,0.004695857944132299,0.07005066871643066,0.013731422523195345,1.0784595489501954,0.014857285676212379,0.06829573893919587,0.027137475310721255,0.7687389343976975,0.046443393420252596,3.3419848442077638,0.2002142492057418,6.194424629211426,0.8332688825755972,0.7205397486686707,0.05273124656704339,304.1528823852539,70.60389222144276,0.00287641028850697,0.00229484224002644,0.2716537793351831,0.021987239281453862,30801867.99779836,77409384.6861195,0.2721885385777154,0.008335773601291244,-0.5207614006443606,0.23257423683826653,-30801867.609117467,77409384.72966813,-1.321387886231214,1.1027480716575024,-1.6212828645302657,0.6376453226664309,0.5862542003393173,0.06422394969081123
test,two_part_fixed/voltage_family,8.257484436035156,1.8704261799687625,59.19928512573242,6.339256274451964,0.4591517969965935,0.00433111401517449,0.0663963008671999,0.01434647307043211,1.07254718542099,0.013743807559946341,0.060295269498601554,0.027544334176359295,0.7236102163791657,0.039830015366520435,3.21552392244339,0.1810606869484336,6.855177879333496,1.9262067245191965,0.7468152910470962,0.044529884927036766,304.85918655395506,70.01824074843842,0.0038319437255267983,0.0021902693906767777,0.29434265019712064,0.027578082394997174,962.2703144439025,3465.805109384645,0.2690888036624849,0.008606415547944852,-0.5253822429313937,0.2331198941048387,-961.6983607790908,3465.888386271258,-2.7540324043627455,2.5689523310566145,-2.270817337122389,0.9369494309048161,0.6604387193918229,0.07194175615409867
test,two_part_fixed/voltage_off_matched,9.463000297546387,1.5746268203708285,62.74325942993164,6.650086628203009,0.45833334475755694,0.004605640322341237,0.06841969285160303,0.01373572694822305,1.0757140159606933,0.014019355671215537,0.064630325185135,0.0267838049382753,0.7630248546600342,0.04526554062432378,3.322838544845581,0.19546734471824384,6.14621639251709,0.7316836581682187,0.7540291249752045,0.05333480602711031,304.389818572998,70.49615917208104,0.0028773897489990596,0.00227589903659465,0.27901945925117355,0.023410080453926365,30745331.062243998,77293738.9875962,0.2711938041878209,0.008347365796618251,-0.5222427173878615,0.23265280487487958,-30745330.614148665,77293739.05644217,-1.6436117126526657,1.4443305904646708,-1.7966245507567244,0.7435969530258077,0.608673232793808,0.06808589962058867
test,two_part_volumetric/fixed_base,7.895112037658691,1.6605241433217772,65.30489883422851,7.502285208105379,0.42172619700431824,0.012575112589637607,0.07587669119238853,0.015241042582588783,1.083418607711792,0.01716394844346152,0.07427161568775772,0.027828149518768063,0.7682901978492737,0.058020549425283306,3.6697436571121216,0.21208226260139412,15.279912948608398,2.787619691537706,0.5959129840135574,0.05591904160622876,294.2795585632324,67.82366384997148,0.014975375216454267,0.004138301094877671,0.3009249860204282,0.02828991993272824,10.841054587346914,6.5294811171059095,0.1785931241706511,0.008406653466981922,-0.46749963720042026,0.18040736468640511,-10.617567114085645,6.578044355975692,-2.1247647325499743,1.582272152778071,-1.937925169291415,0.7280003007673733,0.6554691106081009,0.061944007328567814
test,two_part_volumetric/tuned_base,8.889389038085938,1.8009213574909366,67.19367446899415,6.834500400395369,0.4580357238650322,0.004984799533481479,0.07340804859995842,0.013236836530914425,1.0852035939693452,0.01586139542603239,0.07431469270959497,0.02550048535687864,0.7863730311393737,0.050148545272752185,3.590392220020294,0.21253598899187387,48.4116548538208,5.36936022312856,0.7144156336784363,0.052163839622191586,303.01838836669924,70.52297563257302,0.003062484661313647,0.0022555886760165077,0.2798584685578641,0.025061093072514546,10.663086684466466,8.557633552923303,0.17516106037167067,0.00849904715397995,-0.46802681259111534,0.18046522511750424,-10.429063965342568,8.617894664810452,-1.4377365397384685,1.0933703566974076,-1.6111025050533008,0.6543389283798915,0.6069517001509667,0.06587519292321922
test,two_part_volumetric/tuned_family,8.840775489807129,1.9528233230047345,65.75806179046631,6.661991165589068,0.4586309626698494,0.00498479766047134,0.07115084305405617,0.013296499669401926,1.0810974419116974,0.015137651956916288,0.06790413474664092,0.025333868659180997,0.7808667600154877,0.04650257422525142,3.553540062904358,0.23512034650363986,9.807062339782714,2.3354985453255415,0.7056438773870468,0.05230893579482898,305.1945655822754,70.61850725094477,0.002874005666275478,0.002284971496975614,0.28584342448128863,0.02572030631513517,28152822.880829286,70554609.19354236,0.17672591102821575,0.008451930500937418,-0.4647070285093508,0.18044676907775783,-28152822.543139506,70554609.26608674,-2.015606405029391,1.8400529104861798,-1.872758020055414,0.8545194123743983,0.6349951267242432,0.07427769025645752
test,two_part_volumetric/voltage_family,8.257484436035156,1.8704261799687625,59.19928512573242,6.339256274451964,0.4591517969965935,0.00433111401517449,0.0663963008671999,0.01434647307043211,1.07254718542099,0.013743807559946341,0.060295269498601554,0.027544334176359295,0.7236102163791657,0.039830015366520435,3.21552392244339,0.1810606869484336,6.855177879333496,1.9262067245191965,0.7468152910470962,0.044529884927036766,304.85921783447264,70.01828737444175,0.0038319437255267983,0.0021902693906767777,0.29434265019712064,0.027578082394997174,872.6908415350623,3132.9359792617747,0.1778382807457133,0.008589865143890115,-0.4629937183654082,0.18027198136611108,-872.2719946633837,3133.010500784311,-2.4640527274061226,2.253273010132777,-2.08019583636397,0.8641494971542598,0.6604387193918229,0.07194175615409867
test,two_part_volumetric/voltage_off_matched,9.463000297546387,1.5746268203708285,62.74325942993164,6.650086628203009,0.45833334475755694,0.004605640322341237,0.06841969285160303,0.01373572694822305,1.0757140159606933,0.014019355671215537,0.064630325185135,0.0267838049382753,0.7630248546600342,0.04526554062432378,3.322838544845581,0.19546734471824384,6.14621639251709,0.7316836581682187,0.7540291249752045,0.05333480602711031,304.3898361206055,70.49617396775825,0.0028773897489990596,0.00227589903659465,0.27901945925117355,0.023410080453926365,28200187.05925409,70666768.132094,0.17576007497885163,0.008349243423857672,-0.465771619574297,0.18054305531037856,-28200186.761618316,70666768.18827778,-1.4480035095692982,1.2569946485700487,-1.639117139163488,0.6851265154523962,0.608673232793808,0.06808589962058867
test,voltage_level_exposure/fixed_base,7.895112037658691,1.6605241433217772,65.30489883422851,7.502285208105379,0.42172619700431824,0.012575112589637607,0.07587669119238853,0.015241042582588783,1.083418607711792,0.01716394844346152,0.07427161568775772,0.027828149518768063,0.7682901978492737,0.058020549425283306,3.6697436571121216,0.21208226260139412,15.279912948608398,2.787619691537706,0.5959129840135574,0.05591904160622876,294.2795753479004,67.82365827184091,0.014975375216454267,0.004138301094877671,0.3009249860204282,0.02828991993272824,10.666997967060233,6.22662907962248,0.09839556121557978,0.05119844345231661,-0.6300918075469064,0.1797373897911624,-10.568602405844652,6.262886589430886,-1.2533610254823329,0.8900773171607355,-1.7671075128178333,0.6307524496602097,0.6554691106081009,0.061944007328567814
test,voltage_level_exposure/tuned_base,8.229565620422363,1.724371073849388,65.23509044647217,6.6990325272695905,0.45900298804044726,0.004981878365569836,0.06849757358431816,0.014082739341783583,1.0784510731697083,0.015326089114253387,0.0655740909744054,0.02608991587861684,0.7644031435251236,0.04402217376525706,3.577469217777252,0.22139698219835,47.61302471160889,4.671627933874517,0.734089595079422,0.050684653659001815,300.222241973877,69.95742356232793,0.006544129317626357,0.0023966712281759885,0.29387915563125255,0.027722770568556203,11.454304113760468,7.888686083390925,0.11551003518730082,0.04484032166276496,-0.6097016578913231,0.1828030170385318,-11.33879407857317,7.919900052192398,-1.2915561703626413,0.9164433716170536,-1.7460839848245873,0.6561470204049615,0.6427724748849869,0.06638668416494867
test,voltage_level_exposure/tuned_family,8.257484436035156,1.8704261799687625,59.19928512573242,6.339256274451964,0.4591517969965935,0.00433111401517449,0.0663963008671999,0.01434647307043211,1.07254718542099,0.013743807559946341,0.060295269498601554,0.027544334176359295,0.7236102163791657,0.039830015366520435,3.21552392244339,0.1810606869484336,6.855177879333496,1.9262067245191965,0.7468152910470962,0.044529884927036766,304.85922012329104,70.0182817197591,0.0038319437255267983,0.0021902693906767777,0.29434265019712064,0.027578082394997174,824.8894921613817,2931.966680286183,0.12822633808856945,0.04127437695491411,-0.5921768119391052,0.18556737959036526,-824.7093968925483,2931.99366725056,-1.7566330771463832,1.513354263411514,-1.9676299305946607,0.7891992496162833,0.6604387193918229,0.07194175615409867
test,voltage_level_exposure/voltage_family,8.257484436035156,1.8704261799687625,59.19928512573242,6.339256274451964,0.4591517969965935,0.00433111401517449,0.0663963008671999,0.01434647307043211,1.07254718542099,0.013743807559946341,0.060295269498601554,0.027544334176359295,0.7236102163791657,0.039830015366520435,3.21552392244339,0.1810606869484336,6.855177879333496,1.9262067245191965,0.7468152910470962,0.044529884927036766,304.85922012329104,70.0182817197591,0.0038319437255267983,0.0021902693906767777,0.29434265019712064,0.027578082394997174,824.8894921613817,2931.966680286183,0.12822633808856945,0.04127437695491411,-0.5921768119391052,0.18556737959036526,-824.7093968925483,2931.99366725056,-1.7566330771463832,1.513354263411514,-1.9676299305946607,0.7891992496162833,0.6604387193918229,0.07194175615409867
test,voltage_level_exposure/voltage_off_matched,9.463000297546387,1.5746268203708285,62.74325942993164,6.650086628203009,0.45833334475755694,0.004605640322341237,0.06841969285160303,0.01373572694822305,1.0757140159606933,0.014019355671215537,0.064630325185135,0.0267838049382753,0.7630248546600342,0.04526554062432378,3.322838544845581,0.19546734471824384,6.14621639251709,0.7316836581682187,0.7540291249752045,0.05333480602711031,304.38984298706055,70.49615731452099,0.0028773897489990596,0.00227589903659465,0.27901945925117355,0.023410080453926365,27243201.33241432,67915164.75000829,0.11937779866615561,0.0421363477125945,-0.6031468440255803,0.18541521821675638,-27243201.205392938,67915164.76722711,-0.9723909608139806,0.7865039334356833,-1.5365374279581876,0.6093298398725832,0.608673232793808,0.06808589962058867
test,voltage_sensitivity/fixed_base,7.895112037658691,1.6605241433217772,65.30489883422851,7.502285208105379,0.42172619700431824,0.012575112589637607,0.07587669119238853,0.015241042582588783,1.083418607711792,0.01716394844346152,0.07427161568775772,0.027828149518768063,0.7682901978492737,0.058020549425283306,3.6697436571121216,0.21208226260139412,15.279912948608398,2.787619691537706,0.5959129840135574,0.05591904160622876,294.27956619262693,67.82366879824434,0.014975375216454267,0.004138301094877671,0.3009249860204282,0.02828991993272824,10.772696239887198,6.39238380063511,0.13896592929963983,0.031346219832528756,-0.4699189885181287,0.16804494553114369,-10.607513488752378,6.441224737417276,-1.844357805632735,1.3923643054667032,-1.855014627063164,0.6835581784395989,0.6554691106081009,0.061944007328567814
test,voltage_sensitivity/tuned_base,8.889389038085938,1.8009213574909366,67.19367446899415,6.834500400395369,0.4580357238650322,0.004984799533481479,0.07340804859995842,0.013236836530914425,1.0852035939693452,0.01586139542603239,0.07431469270959497,0.02550048535687864,0.7863730311393737,0.050148545272752185,3.590392220020294,0.21253598899187387,48.4116548538208,5.36936022312856,0.7144156336784363,0.052163839622191586,303.0183952331543,70.52296228565024,0.003062484661313647,0.0022555886760165077,0.2798584685578641,0.025061093072514546,11.124640493646218,8.938828548163734,0.1464933015691634,0.024913288782290943,-0.5134638517422855,0.18573442664550494,-10.937629708628009,8.994841675412944,-1.1483257363146215,0.9106108017195715,-1.560760766278956,0.6208131347696598,0.6069517001509667,0.06587519292321922
test,voltage_sensitivity/tuned_family,7.763123512268066,1.9183330550279556,64.19563331604004,7.787122820804995,0.4602678671479225,0.004683429110447942,0.06759504675865173,0.01412849677776826,1.0785079658031465,0.016079381930567366,0.06032659751363099,0.02446677363638187,0.7513751417398453,0.06142734255333435,3.6463730692863465,0.19807567665273718,14.816689491271973,2.5244284610026977,0.6690188229084015,0.05025744656169134,298.71174240112305,68.25407463439514,0.01310296889860183,0.0036626003408225766,0.3071097695768315,0.028931912821351744,34121191.889108144,74556573.88424999,0.17097247787787814,0.022782340983649844,-0.4360005567419938,0.17062673459940733,-34121191.09693232,74556574.18710554,-4.677846291935106,5.506395166855878,-2.4162591417440784,1.0536416052313358,0.6949417382478714,0.07368364570072178
test,voltage_sensitivity/voltage_family,8.309531211853027,2.1171516820107334,59.55898742675781,7.605100305854997,0.4597470358014107,0.004566884507694529,0.0666940938681364,0.014691565050287314,1.0746357977390288,0.01365079141906639,0.06226895311847329,0.027230272109863184,0.7071269512176513,0.058983301421813024,3.2619526267051695,0.20814894103663367,11.743760108947754,2.7540444533065305,0.6314529865980149,0.04040365197983824,303.4543601989746,70.00942267573512,0.005498675411217846,0.002535549873618023,0.30019728048337935,0.028896641681799118,9687817.544012893,43322739.914811686,0.16488149314739767,0.02867929151795116,-0.4941300306624732,0.17839218303107562,-9687817.09374458,43322739.989972115,-2.8481180741546455,2.8391505695904864,-2.2129947813648925,0.9323192222070312,0.6768408298492432,0.07222776831803526
test,voltage_sensitivity/voltage_off_matched,8.470988273620605,1.8371141621943654,62.29579544067383,6.662777892899927,0.4590029865503311,0.005005215012233552,0.06732316948473453,0.014045725111050664,1.0755965530872345,0.014468448677622717,0.061199874896556136,0.026348444439910055,0.744726711511612,0.04631199414717895,3.3924872875213623,0.19379357384689944,9.328913688659668,2.8664778534873645,0.6200589388608932,0.05033006701120032,304.4154769897461,70.55409281406743,0.0035881354022421876,0.002232837508649396,0.2930320756006536,0.02798135991668213,29929415.455617767,74944800.07860364,0.15245907348085713,0.029639318477871893,-0.48072380647801205,0.17657031799356032,-29929415.087373234,74944800.17613854,-2.0969400485218674,2.0675013193057454,-1.9808179398141157,0.8495898737454012,0.6547647476196289,0.0736499175904392
validation,fair_leg,9.377837181091309,2.034913935842288,63.93289613723755,6.4102823933991315,0.4596354179084301,0.004801434294493768,0.07081815367564559,0.012174969279906595,1.0800153762102127,0.011845097268211388,0.06520206714048982,0.023946887725261812,0.7637733221054077,0.04562020965321338,3.519452780485153,0.15743385680673,10.187506675720215,2.488406689275894,0.7172819897532463,0.044034083398285344,297.9040050506592,74.06362416179911,0.0023024828513484863,0.0023291421444605483,0.29287162451645904,0.021776619999133124,24238745.330173545,68557399.17283997,0.2231858458264576,0.0006840489093021261,-0.37582978650027526,0.27761460475844857,-24238745.1069877,68557399.17300802,-2.029241815169291,2.1395344759198793,-2.0212395461662522,1.1054139645112975,0.6393399015069008,0.07819488545623082
validation,fair_leg_passthrough,9.377837181091309,2.034913935842288,63.93289613723755,6.4102823933991315,0.4596354179084301,0.004801434294493768,0.07081815367564559,0.012174969279906595,1.0800153762102127,0.011845097268211388,0.06520206714048982,0.023946887725261812,0.7637733221054077,0.04562020965321338,3.519452780485153,0.15743385680673,10.187506675720215,2.488406689275894,0.7172819897532463,0.044034083398285344,297.9040050506592,74.06362416179911,0.0023024828513484863,0.0023291421444605483,0.29287162451645904,0.021776619999133124,24238745.330173545,68557399.17283997,0.2231858458264576,0.0006840489093021261,-0.37582978650027526,0.27761460475844857,-24238745.1069877,68557399.17300802,-2.029241815169291,2.1395344759198793,-2.0212395461662522,1.1054139645112975,0.6393399015069008,0.07819488545623082
validation,joint_system_cost,7.385849952697754,1.1014895226742707,59.95202016830444,9.229471148550234,0.4611235223710537,0.0046677978546181016,0.06443556491285563,0.01348828632063653,1.0701498240232468,0.011214182285815713,0.05358121846802533,0.025878543441310506,0.7133114188909531,0.07332061947871478,3.437301367521286,0.23982437937801745,14.12057876586914,2.5633730632298217,0.7012583687901497,0.037257932217932284,295.42131423950195,72.39109115803579,0.006580701476195827,0.0029096790736870817,0.31465322227074777,0.027089354603261326,284.96068542036505,685.800586719405,-0.0599750556478905,0.12079616936506889,-0.34498286963672203,0.15666919714123664,-285.02066047601295,685.8975390634517,-4.752864677962048,6.999925885120664,-1.9280490862426938,0.7641964971863466,0.7100849598646164,0.06561419124809072
validation,kva_charge_class_neutral,9.377837181091309,2.034913935842288,63.93289613723755,6.4102823933991315,0.4596354179084301,0.004801434294493768,0.07081815367564559,0.012174969279906595,1.0800153762102127,0.011845097268211388,0.06520206714048982,0.023946887725261812,0.7637733221054077,0.04562020965321338,3.519452780485153,0.15743385680673,10.187506675720215,2.488406689275894,0.7172819897532463,0.044034083398285344,297.90400886535645,74.06364644304534,0.0023024828513484863,0.0023291421444605483,0.29287162451645904,0.021776619999133124,23905478.722220425,67614779.46868594,0.2231858458264576,0.0006840489093021261,-0.44333771486689977,0.26452138873233577,-23905478.49903458,67614779.46885398,-1.8996934344322747,1.8998262647430928,-2.0212396668882278,1.1054139443783717,0.6393399015069008,0.07819488545623082
validation,kva_coincident_charge,7.973611354827881,1.3591407371573607,58.36606025695801,6.746365905266328,0.4603794738650322,0.00470156678940248,0.06561028538271785,0.013510721120527359,1.0697836428880692,0.010480689282062241,0.0575559982098639,0.02672333220868628,0.7136711180210114,0.049381618977678336,3.2468832433223724,0.17194246548375666,7.850706577301025,3.619601230534588,0.7602918967604637,0.03948850434464151,297.96483039855957,73.73984109486331,0.0030184937440935755,0.002007456162665486,0.3035961656659809,0.02353745965745861,403.6739186310027,993.1127856779391,0.18495394170856833,0.062402030637927645,-0.384560037939552,0.2639833417451049,-403.4889646892941,993.1737400913787,-3.28837265298315,3.80631032893306,-2.2896362653453317,1.1240601572779936,0.6758133172988892,0.07949274478628557
validation,kva_peak_ratchet,7.973611354827881,1.3591407371573607,58.36606025695801,6.746365905266328,0.4603794738650322,0.00470156678940248,0.06561028538271785,0.013510721120527359,1.0697836428880692,0.010480689282062241,0.0575559982098639,0.02672333220868628,0.7136711180210114,0.049381618977678336,3.2468832433223724,0.17194246548375666,7.850706577301025,3.619601230534588,0.7602918967604637,0.03948850434464151,297.96481132507324,73.73979477389621,0.0030184937440935755,0.002007456162665486,0.3035961656659809,0.02353745965745861,456.6395763898864,1142.3075386171706,0.2119475193428361,0.007958676668367509,-0.37699221804045624,0.2722926517925372,-456.4276288705435,1142.3132525902167,-3.5716389610288712,4.460371527070975,-2.3758064024106282,1.2743188720136465,0.6758133172988892,0.07949274478628557
validation,kw_peak_ratchet,7.973611354827881,1.3591407371573607,58.36606025695801,6.746365905266328,0.4603794738650322,0.00470156678940248,0.06561028538271785,0.013510721120527359,1.0697836428880692,0.010480689282062241,0.0575559982098639,0.02672333220868628,0.7136711180210114,0.049381618977678336,3.2468832433223724,0.17194246548375666,7.850706577301025,3.619601230534588,0.7602918967604637,0.03948850434464151,297.964807510376,73.73979695918572,0.0030184937440935755,0.002007456162665486,0.3035961656659809,0.02353745965745861,457.496663269565,1145.082185640564,0.21135648131440873,0.006278944897150969,-0.37723757902958543,0.2716680594557376,-457.2853067882505,1145.0863709525481,-3.575432973704464,4.475312117822441,-2.375335081355174,1.2779985310175423,0.6758133172988892,0.07949274478628557
validation,loss_share_linear,7.973611354827881,1.3591407371573607,58.36606025695801,6.746365905266328,0.4603794738650322,0.00470156678940248,0.06561028538271785,0.013510721120527359,1.0697836428880692,0.010480689282062241,0.0575559982098639,0.02672333220868628,0.7136711180210114,0.049381618977678336,3.2468832433223724,0.17194246548375666,7.850706577301025,3.619601230534588,0.7602918967604637,0.03948850434464151,297.9648551940918,73.73983352438033,0.0030184937440935755,0.002007456162665486,0.3035961656659809,0.02353745965745861,446.1988863964742,1116.0246701933333,0.1955137492700567,0.010673421898120535,-0.3735912707579242,0.2580794429876214,-446.0033726472041,1116.0345589303156,-3.5083673565255586,4.366591745265224,-2.337051019479881,1.2521452839441085,0.6758133172988892,0.07949274478628557
validation,loss_share_quadratic,7.973611354827881,1.3591407371573607,58.36606025695801,6.746365905266328,0.4603794738650322,0.00470156678940248,0.06561028538271785,0.013510721120527359,1.0697836428880692,0.010480689282062241,0.0575559982098639,0.02672333220868628,0.7136711180210114,0.049381618977678336,3.2468832433223724,0.17194246548375666,7.850706577301025,3.619601230534588,0.7602918967604637,0.03948850434464151,297.96484375,73.73983666896744,0.0030184937440935755,0.002007456162665486,0.3035961656659809,0.02353745965745861,445.70387819831427,1115.4253153044024,0.19164654970010525,0.011295772637114648,-0.38261305712260735,0.25430044624984566,-445.5122316486142,1115.4357599775665,-3.4623548719783663,4.288054098885098,-2.328045577418097,1.247674099683148,0.6758133172988892,0.07949274478628557
validation,own_deviation_charge,7.973611354827881,1.3591407371573607,58.36606025695801,6.746365905266328,0.4603794738650322,0.00470156678940248,0.06561028538271785,0.013510721120527359,1.0697836428880692,0.010480689282062241,0.0575559982098639,0.02672333220868628,0.7136711180210114,0.049381618977678336,3.2468832433223724,0.17194246548375666,7.850706577301025,3.619601230534588,0.7602918967604637,0.03948850434464151,297.9648208618164,73.73981252077728,0.0030184937440935755,0.002007456162665486,0.3035961656659809,0.02353745965745861,430.4340239351392,1078.9183153963513,0.149968558281298,0.011527397406022053,-0.35310783998814216,0.22569711272443316,-430.2840553768579,1078.9280978058105,-3.3471003505549635,4.191895426957198,-2.233165797735488,1.2137586680196215,0.6758133172988892,0.07949274478628557
validation,own_peak_ratchet,9.377837181091309,2.034913935842288,63.93289613723755,6.4102823933991315,0.4596354179084301,0.004801434294493768,0.07081815367564559,0.012174969279906595,1.0800153762102127,0.011845097268211388,0.06520206714048982,0.023946887725261812,0.7637733221054077,0.04562020965321338,3.519452780485153,0.15743385680673,10.187506675720215,2.488406689275894,0.7172819897532463,0.044034083398285344,297.90402030944824,74.06360213627693,0.0023024828513484863,0.0023291421444605483,0.29287162451645904,0.021776619999133124,23937239.110246804,67704613.08304867,0.20703494160857439,0.002042700330115379,-0.381451092825932,0.2703134287905289,-23937238.90321186,67704613.08461273,-1.9744961374443575,2.0917566257988685,-1.989696379761122,1.0910731376151115,0.6393399015069008,0.07819488545623082
validation,reverse_flow_charge,7.973611354827881,1.3591407371573607,58.36606025695801,6.746365905266328,0.4603794738650322,0.00470156678940248,0.06561028538271785,0.013510721120527359,1.0697836428880692,0.010480689282062241,0.0575559982098639,0.02672333220868628,0.7136711180210114,0.049381618977678336,3.2468832433223724,0.17194246548375666,7.850706577301025,3.619601230534588,0.7602918967604637,0.03948850434464151,297.96484184265137,73.73983205787175,0.0030184937440935755,0.002007456162665486,0.3035961656659809,0.02353745965745861,411.2918586385281,1032.165663460257,0.11463995425729195,0.017044305965989662,-0.35685777645999917,0.20381398933533434,-411.1772186842708,1032.1799689840984,-3.212592767067878,4.000506357868073,-2.15032692157126,1.1723109692157958,0.6758133172988892,0.07949274478628557
validation,staggered_class_tou,9.377837181091309,2.034913935842288,63.93289613723755,6.4102823933991315,0.4596354179084301,0.004801434294493768,0.07081815367564559,0.012174969279906595,1.0800153762102127,0.011845097268211388,0.06520206714048982,0.023946887725261812,0.7637733221054077,0.04562020965321338,3.519452780485153,0.15743385680673,10.187506675720215,2.488406689275894,0.7172819897532463,0.044034083398285344,297.9040126800537,74.06363457110993,0.0023024828513484863,0.0023291421444605483,0.29287162451645904,0.021776619999133124,22297754.217282582,63067458.59829283,0.15236523466545535,0.01017320844364668,-0.3431529825963586,0.2229599361470176,-22297754.06491735,63067458.60666377,-1.920924714184328,2.0150000484503336,-1.8821054148922212,1.037461011109109,0.6393399015069008,0.07819488545623082
validation,stress_bidirectional,7.385849952697754,1.1014895226742707,59.95202016830444,9.229471148550234,0.4611235223710537,0.0046677978546181016,0.06443556491285563,0.01348828632063653,1.0701498240232468,0.011214182285815713,0.05358121846802533,0.025878543441310506,0.7133114188909531,0.07332061947871478,3.437301367521286,0.23982437937801745,14.12057876586914,2.5633730632298217,0.7012583687901497,0.037257932217932284,295.42131996154785,72.39108668625964,0.006580701476195827,0.0029096790736870817,0.31465322227074777,0.027089354603261326,315.8279426646245,761.3743078532741,0.009023099643360104,0.10886961201985976,-0.34271268291311496,0.17538439028841382,-315.8189195649811,761.4596519564361,-5.427112094305622,7.892659762584614,-2.1136092350820963,0.8458293596417154,0.7100849598646164,0.06561419124809072
validation,stress_class_neutral,9.377837181091309,2.034913935842288,63.93289613723755,6.4102823933991315,0.4596354179084301,0.004801434294493768,0.07081815367564559,0.012174969279906595,1.0800153762102127,0.011845097268211388,0.06520206714048982,0.023946887725261812,0.7637733221054077,0.04562020965321338,3.519452780485153,0.15743385680673,10.187506675720215,2.488406689275894,0.7172819897532463,0.044034083398285344,297.90400886535645,74.0636301642889,0.0023024828513484863,0.0023291421444605483,0.29287162451645904,0.021776619999133124,23221409.412043173,65679947.44426549,0.2231858458264576,0.0006840489093021261,-0.5577559629529513,0.19744808941261474,-23221409.18885733,65679947.444433555,-1.775053070360657,1.7685588036896494,-2.021239616797352,1.1054139176229185,0.6393399015069008,0.07819488545623082
validation,stress_export_biting,7.593929767608643,1.1512328949507014,21.044552326202393,1.069831835316697,0.4603794738650322,0.004701566789402466,0.017339656013064086,0.0024759655365517936,1.0320567339658737,0.0022722521129961127,0.0,0.0,0.8624796271324158,0.035933360951743605,2.2490677535533905,0.07766100509627838,5.843818187713623,0.8305097354882951,0.544559869915247,0.04820419001351261,71.69928550720215,29.05513400094171,0.3767463229596615,0.03552379679623587,0.4983803852806821,0.019914161479063445,17763824.47565385,33056596.831088677,0.2198562205538416,0.0033912494185120356,-0.11087070634629301,0.1023935843299836,-17763824.255797625,33056596.83403862,-1.898443040938316,2.246586095845558,-1.06857237041054,0.5135195943021371,0.6996034234762192,0.06843911780884823
validation,stress_export_default,7.385849952697754,1.1014895226742707,59.95202016830444,9.229471148550234,0.4611235223710537,0.0046677978546181016,0.06443556491285563,0.01348828632063653,1.0701498240232468,0.011214182285815713,0.05358121846802533,0.025878543441310506,0.7133114188909531,0.07332061947871478,3.437301367521286,0.23982437937801745,14.12057876586914,2.5633730632298217,0.7012583687901497,0.037257932217932284,295.4213066101074,72.39107445488945,0.006580701476195827,0.0029096790736870817,0.31465322227074777,0.027089354603261326,315.22252328595283,760.6880078956219,0.0077692572308043105,0.1081662910318398,-0.34661651788315245,0.174705617766053,-315.214754028722,760.7731124377798,-5.425388454581944,7.884498475022027,-2.110939832260826,0.8469355511499952,0.7100849598646164,0.06561419124809072
validation,stress_export_tuned,7.593870162963867,1.1514006504555405,55.61208772659302,5.989361939905611,0.4603794738650322,0.004701566789402466,0.0625444371253252,0.012661690924650077,1.0676965415477753,0.008611870727322482,0.05059523764066398,0.024876864659643363,0.758944496512413,0.06089806871179515,3.179471105337143,0.15623659404898618,13.124644756317139,2.507722759143078,0.6979924812912941,0.04515915518113925,287.92859649658203,69.64392040993903,0.018842464545741677,0.006918984845967868,0.31464284619320704,0.025464984521916693,31395347.015451316,58153610.95591792,0.13011899942170338,0.12547990577487605,-0.38486537546808697,0.2503765511228199,-31395346.885332316,58153611.0407248,-3.606465351747169,3.9030215558203154,-2.2377936680425994,0.9010703633358945,0.6959897801280022,0.06991993385601862
validation,stress_funds_tenant_floor,7.594048976898193,1.151296447322625,37.7538800239563,2.416342403850125,0.4603794738650322,0.004701566789402466,0.03793741622939706,0.007159865881975892,1.0499321222305298,0.0036527509600889543,0.010749530221801251,0.008439018015596302,0.8554679229855537,0.029991049421286973,2.6740145683288574,0.12016762779201375,7.724523544311523,2.528545177269178,0.5444963872432709,0.03156920095845122,190.34450340270996,46.605476666188665,0.17971608601510525,0.030605522945061543,0.37653615165186893,0.02203576428104209,23221052.494881347,43096479.862497985,0.1328708677687592,0.08860637338281337,-0.2320631784011521,0.19411078093805417,-23221052.360929433,43096479.92482128,-2.5952208226310516,2.8748330226515533,-1.5885783057879908,0.6156099209903875,0.6960003152489662,0.06991544463723935
validation,stress_smoothed,7.594048976898193,1.1513547064593992,59.298158168792725,8.197101863722967,0.4603794738650322,0.004701566789402466,0.06519872276112437,0.013292400776352803,1.0712036192417145,0.01117674541861927,0.05497141252271831,0.026068458012254974,0.7037639692425728,0.06709247006736738,3.348622888326645,0.22316637171954823,13.635993003845215,2.421695543751783,0.7111844792962074,0.04392599956779509,296.42564964294434,72.95779481525133,0.005021935299737379,0.0022586901959677956,0.3103008944216147,0.026239615015617085,31657551.09789278,58850000.36906028,0.08282944504722357,0.1049582458025052,-0.354037123306787,0.2122331323562097,-31657551.015063334,58850000.44242855,-3.70959943541503,4.037228020125663,-2.1835581679726115,0.9215722331585486,0.6959897801280022,0.06991993385601862
validation,stress_tenant_exempt,7.385849952697754,1.1014895226742707,59.95202016830444,9.229471148550234,0.4611235223710537,0.0046677978546181016,0.06443556491285563,0.01348828632063653,1.0701498240232468,0.011214182285815713,0.05358121846802533,0.025878543441310506,0.7133114188909531,0.07332061947871478,3.437301367521286,0.23982437937801745,14.12057876586914,2.5633730632298217,0.7012583687901497,0.037257932217932284,295.42131423950195,72.39108845246803,0.006580701476195827,0.0029096790736870817,0.31465322227074777,0.027089354603261326,315.48882765220964,760.9174202804641,0.006354111928659559,0.10720129198111379,-0.34088405851030035,0.1761055528550772,-315.4824735402809,761.0020457765952,-5.420561590952921,7.8903523577838435,-2.108088182391537,0.8488400663568378,0.7100849598646164,0.06561419124809072
validation,subsidy_ablation,9.377837181091309,2.034913935842288,63.93289613723755,6.4102823933991315,0.4596354179084301,0.004801434294493768,0.07081815367564559,0.012174969279906595,1.0800153762102127,0.011845097268211388,0.06520206714048982,0.023946887725261812,0.7637733221054077,0.04562020965321338,3.519452780485153,0.15743385680673,10.187506675720215,2.488406689275894,0.7172819897532463,0.044034083398285344,539.8243522644043,74.06360320723563,0.0023024828513484863,0.0023291421444605483,0.29287162451645904,0.021776619999133124,30789304.413064584,87085135.3864561,0.009848876626959121,0.0032383753520913217,-0.6753179373578436,0.28609889454320897,-30789304.403215706,87085135.3876564,-2.756358695574731,2.648351168096761,-2.832121224052428,1.390665997397944,0.6393399015069008,0.07819488545623082
validation,tenant_floor,9.377837181091309,2.034913935842288,63.93289613723755,6.4102823933991315,0.4596354179084301,0.004801434294493768,0.07081815367564559,0.012174969279906595,1.0800153762102127,0.011845097268211388,0.06520206714048982,0.023946887725261812,0.7637733221054077,0.04562020965321338,3.519452780485153,0.15743385680673,10.187506675720215,2.488406689275894,0.7172819897532463,0.044034083398285344,297.9040946960449,74.06360228328799,0.0023024828513484863,0.0023291421444605483,0.29287162451645904,0.021776619999133124,23911276.59214166,67631179.94068812,0.2018521598734138,0.0008938967138438344,-0.3608553277079203,0.2772347518806618,-23911276.3902895,67631179.9409594,-1.9928910271363987,2.1142389659008978,-1.9806995171699786,1.0912473331414179,0.6393399015069008,0.07819488545623082
validation,tou_evening_import,9.377837181091309,2.034913935842288,63.93289613723755,6.4102823933991315,0.4596354179084301,0.004801434294493768,0.07081815367564559,0.012174969279906595,1.0800153762102127,0.011845097268211388,0.06520206714048982,0.023946887725261812,0.7637733221054077,0.04562020965321338,3.519452780485153,0.15743385680673,10.187506675720215,2.488406689275894,0.7172819897532463,0.044034083398285344,297.9040107727051,74.06362278841624,0.0023024828513484863,0.0023291421444605483,0.29287162451645904,0.021776619999133124,24298375.323224593,68726057.60556155,0.220478267334566,0.000892737735504214,-0.3594487649159368,0.2772910266501492,-24298375.102746323,68726057.60542965,-2.0286380053940944,2.1440307850134848,-2.01650309533096,1.1049773467474266,0.6393399015069008,0.07819488545623082
validation,tou_midday_export,7.688343524932861,1.2560255374921443,60.380101680755615,6.560008249327498,0.4603794738650322,0.004701566789402466,0.06584421545267105,0.013217619917618242,1.0721373707056046,0.01100784090429375,0.0560972741805017,0.026010112537396164,0.7210002988576889,0.04786442607096276,3.3856402039527893,0.1887948226265515,13.226926326751709,4.161186659483645,0.6966892257332802,0.04975505300914532,297.29329109191895,73.49763662046537,0.003794290456426097,0.002010609648028148,0.3071623829524064,0.025565552884958886,36473209.585548826,68856355.57706827,0.1150711572342206,0.017673342992062892,-0.3431045721012942,0.20007957262751558,-36473209.47047767,68856355.59041485,-3.7523642255370855,4.3617513242092905,-2.23754016576577,1.1650397851094336,0.6869873255491257,0.07433509032130438
validation,two_part_fixed,10.032296180725098,1.9603490103931909,62.462448596954346,6.3676986538674525,0.4585193507373333,0.005478446475615447,0.06963598821312189,0.012527097460069235,1.0769278556108475,0.011090120123934635,0.06473214272409678,0.025675199429141093,0.7523927018046379,0.04667953045377705,3.323030650615692,0.13746319337500623,5.9105753898620605,0.7051413031797303,0.7398773357272148,0.04454316330427701,296.9982376098633,74.3083249380236,0.0023397648547368345,0.002283628903298496,0.27924034552801413,0.018996396799185546,25317360.904596362,71608187.6851353,0.27086580635018237,0.0071905553661414925,-0.38617937678209585,0.3151856637755792,-25317360.633730553,71608187.67945828,-1.314332921658648,1.369579832731677,-1.7034896207064842,0.9667782869990116,0.5919906571507454,0.07252099617656502
validation,two_part_volumetric,9.377837181091309,2.034913935842288,63.93289613723755,6.4102823933991315,0.4596354179084301,0.004801434294493768,0.07081815367564559,0.012174969279906595,1.0800153762102127,0.011845097268211388,0.06520206714048982,0.023946887725261812,0.7637733221054077,0.04562020965321338,3.519452780485153,0.15743385680673,10.187506675720215,2.488406689275894,0.7172819897532463,0.044034083398285344,297.9040012359619,74.0636436043136,0.0023024828513484863,0.0023291421444605483,0.29287162451645904,0.021776619999133124,23148879.656166263,65474799.91883779,0.17740037514371032,0.007576748227967612,-0.3624858635958054,0.23999126379403507,-23148879.47876589,65474799.9253511,-1.917647361481637,2.019157900033146,-1.9311718107784275,1.0598314439979177,0.6393399015069008,0.07819488545623082
validation,voltage_level_exposure,7.973611354827881,1.3591407371573607,58.36606025695801,6.746365905266328,0.4603794738650322,0.00470156678940248,0.06561028538271785,0.013510721120527359,1.0697836428880692,0.010480689282062241,0.0575559982098639,0.02672333220868628,0.7136711180210114,0.049381618977678336,3.2468832433223724,0.17194246548375666,7.850706577301025,3.619601230534588,0.7602918967604637,0.03948850434464151,297.9648323059082,73.7398229760022,0.0030184937440935755,0.002007456162665486,0.3035961656659809,0.02353745965745861,451.12960185544716,1131.250057512786,0.13416236479540783,0.04640779062378543,-0.4821687444461778,0.2660967568783779,-450.99543949065173,1131.294180350478,-2.469911645256232,2.77696221233467,-2.181499823975565,1.1182039744274694,0.6758133172988892,0.07949274478628557
validation,voltage_sensitivity,7.3639750480651855,1.0718329882717157,62.49821186065674,7.840590494852025,0.4607514962553978,0.005026747747250184,0.06669187126681209,0.012709018425085577,1.0749972015619278,0.012378569192117559,0.055960212368518114,0.023388246157828318,0.72380780428648,0.06341328470161224,3.6164132058620453,0.2423038732690942,16.141772270202637,2.244010716888601,0.6736599951982498,0.050029512328958047,291.20911598205566,70.41434861385684,0.012420074024703354,0.005752294321271195,0.31959917935908466,0.02731769768383542,38263898.73279226,72163955.5575142,0.1741395340705242,0.020297325129488904,-0.3395374658121639,0.24255180068916835,-38263898.55865273,72163955.57147035,-7.739503744945615,11.763907125296498,-2.645245309906938,1.1670074227992193,0.7178204581141472,0.06310387454237153
