run,split,seed_index,connection,household,settlement_chf,load_kwh,cost_per_load_kwh_chf
fair_leg,validation,0,0,tenant,-14.142488479614258,63.256629943847656,0.2235732227563858
fair_leg,validation,0,1,tenant,-14.498015403747559,65.01628112792969,0.2229904979467392
fair_leg,validation,0,2,tenant,-15.257240295410156,68.85164642333984,0.2215958833694458
fair_leg,validation,0,3,tenant,-11.886449813842773,53.06748580932617,0.2239874005317688
fair_leg,validation,0,4,tenant,-14.080035209655762,62.4814567565918,0.22534747421741486
fair_leg,validation,0,5,tenant,-14.37942886352539,63.9527702331543,0.22484436631202698
fair_leg,validation,0,6,pv_only,-0.42701876163482666,82.06903839111328,0.005203181877732277
fair_leg,validation,0,7,pv_battery,27.12466049194336,86.5527114868164,-0.3133889138698578
fair_leg,validation,0,8,pv_battery,40.22810363769531,80.56747436523438,-0.4993091821670532
fair_leg,validation,0,9,pv_battery,48.95081329345703,84.03340148925781,-0.5825161933898926
fair_leg,validation,0,10,pv_only,-7.6439433097839355,84.14382934570312,0.0908438190817833
fair_leg,validation,0,11,pv_battery,44.27345275878906,92.43013000488281,-0.4789937734603882
fair_leg,validation,0,12,large_flex,-20.361536026000977,230.11929321289062,0.08848255127668381
fair_leg,validation,0,13,large_flex,38.831668853759766,208.2650146484375,-0.18645314872264862
fair_leg,validation,0,14,large_flex,40.85259246826172,207.8992919921875,-0.19650177657604218
fair_leg,validation,0,15,pv_battery,33.27674865722656,72.11612701416016,-0.46143287420272827
fair_leg,validation,0,16,pv_battery,47.363433837890625,82.88166809082031,-0.5714589357376099
fair_leg,validation,0,17,large_flex,9.32461929321289,199.26376342773438,-0.04679539054632187
fair_leg,validation,1,0,tenant,-13.915787696838379,62.609100341796875,0.22226457297801971
fair_leg,validation,1,1,tenant,-15.562396049499512,70.07598114013672,0.22207897901535034
fair_leg,validation,1,2,tenant,-13.732006072998047,62.185245513916016,0.22082406282424927
fair_leg,validation,1,3,tenant,-14.843624114990234,66.8858413696289,0.2219248265028
fair_leg,validation,1,4,tenant,-14.395733833312988,63.95261001586914,0.22510001063346863
fair_leg,validation,1,5,tenant,-12.628546714782715,56.10432815551758,0.22509047389030457
fair_leg,validation,1,6,pv_only,36.29503631591797,80.04058837890625,-0.4534578323364258
fair_leg,validation,1,7,pv_battery,6.582920074462891,87.52914428710938,-0.07520835846662521
fair_leg,validation,1,8,pv_battery,7.810283660888672,82.78816223144531,-0.09434060007333755
fair_leg,validation,1,9,pv_battery,16.427093505859375,87.03486633300781,-0.1887415498495102
fair_leg,validation,1,10,pv_only,15.879602432250977,96.53172302246094,-0.1645013839006424
fair_leg,validation,1,11,pv_battery,56.25209045410156,86.29106140136719,-0.6518880128860474
fair_leg,validation,1,12,large_flex,-21.5903377532959,209.00732421875,0.10329941660165787
fair_leg,validation,1,13,large_flex,32.299598693847656,215.46754455566406,-0.14990463852882385
fair_leg,validation,1,14,large_flex,50.99781036376953,205.94480895996094,-0.2476285994052887
fair_leg,validation,1,15,pv_battery,39.14556884765625,79.95680236816406,-0.4895840287208557
fair_leg,validation,1,16,pv_battery,-1.2477891445159912,84.4518051147461,0.014775155112147331
fair_leg,validation,1,17,large_flex,53.648773193359375,215.06895446777344,-0.24944926798343658
fair_leg,validation,2,0,tenant,-13.320418357849121,59.15785217285156,0.2251674383878708
fair_leg,validation,2,1,tenant,-14.510509490966797,65.2469482421875,0.2223936766386032
fair_leg,validation,2,2,tenant,-14.46400260925293,64.70036315917969,0.2235535979270935
fair_leg,validation,2,3,tenant,-15.198542594909668,67.90006256103516,0.2238369882106781
fair_leg,validation,2,4,tenant,-13.71603775024414,61.69146728515625,0.22233274579048157
fair_leg,validation,2,5,tenant,-14.557985305786133,65.1369857788086,0.22349786758422852
fair_leg,validation,2,6,pv_only,10.83641529083252,79.59252166748047,-0.13614864647388458
fair_leg,validation,2,7,pv_battery,36.97282409667969,82.44232940673828,-0.4484690725803375
fair_leg,validation,2,8,pv_battery,39.992958068847656,88.63339233398438,-0.4512176811695099
fair_leg,validation,2,9,pv_battery,49.95439147949219,83.41477966308594,-0.5988674163818359
fair_leg,validation,2,10,pv_only,41.463958740234375,88.67477416992188,-0.4675958752632141
fair_leg,validation,2,11,pv_battery,1.2664555311203003,81.03462219238281,-0.015628566965460777
fair_leg,validation,2,12,large_flex,46.47046661376953,239.3982696533203,-0.19411365687847137
fair_leg,validation,2,13,large_flex,47.06441116333008,214.72161865234375,-0.21918807923793793
fair_leg,validation,2,14,large_flex,32.79606246948242,230.87008666992188,-0.1420542299747467
fair_leg,validation,2,15,pv_battery,52.34211349487305,95.50543212890625,-0.5480535626411438
fair_leg,validation,2,16,pv_battery,22.372547149658203,87.44998931884766,-0.2558324635028839
fair_leg,validation,2,17,large_flex,18.079599380493164,195.54653930664062,-0.09245677292346954
fair_leg,validation,3,0,tenant,-13.18414306640625,58.59726333618164,0.22499583661556244
fair_leg,validation,3,1,tenant,-12.154464721679688,53.91218948364258,0.2254493534564972
fair_leg,validation,3,2,tenant,-15.192878723144531,67.8530502319336,0.22390852868556976
fair_leg,validation,3,3,tenant,-14.957902908325195,67.3963623046875,0.22193916141986847
fair_leg,validation,3,4,tenant,-14.911029815673828,66.50166320800781,0.22422051429748535
fair_leg,validation,3,5,tenant,-14.758279800415039,65.81591033935547,0.22423578798770905
fair_leg,validation,3,6,pv_only,10.38094711303711,76.09394073486328,-0.13642267882823944
fair_leg,validation,3,7,pv_battery,59.65156555175781,78.63816833496094,-0.7585572004318237
fair_leg,validation,3,8,pv_battery,50.466026306152344,79.33293914794922,-0.6361294388771057
fair_leg,validation,3,9,pv_battery,55.463478088378906,88.96942901611328,-0.6233992576599121
fair_leg,validation,3,10,pv_only,30.832223892211914,84.82926940917969,-0.3634621500968933
fair_leg,validation,3,11,pv_battery,35.869285583496094,75.20507049560547,-0.4769532382488251
fair_leg,validation,3,12,large_flex,36.932525634765625,215.21572875976562,-0.17160707712173462
fair_leg,validation,3,13,large_flex,54.637969970703125,211.53811645507812,-0.25828900933265686
fair_leg,validation,3,14,large_flex,4.537549018859863,209.2581024169922,-0.02168397791683674
fair_leg,validation,3,15,pv_battery,56.508522033691406,76.23827362060547,-0.741209089756012
fair_leg,validation,3,16,pv_battery,6.021183967590332,80.12486267089844,-0.07514748722314835
fair_leg,validation,3,17,large_flex,-0.4246702194213867,218.67652893066406,0.0019420060561969876
fair_leg,validation,4,0,tenant,-14.851258277893066,66.33662414550781,0.2238772213459015
fair_leg,validation,4,1,tenant,-13.49183464050293,60.2364501953125,0.22398127615451813
fair_leg,validation,4,2,tenant,-15.142931938171387,67.95689392089844,0.2228313833475113
fair_leg,validation,4,3,tenant,-13.96247673034668,62.11300277709961,0.22479166090488434
fair_leg,validation,4,4,tenant,-14.477272033691406,64.41056060791016,0.22476547956466675
fair_leg,validation,4,5,tenant,-13.87173843383789,62.05414581298828,0.2235424667596817
fair_leg,validation,4,6,pv_only,5.866170406341553,85.09870910644531,-0.06893376260995865
fair_leg,validation,4,7,pv_battery,28.57707405090332,72.64412689208984,-0.3933844268321991
fair_leg,validation,4,8,pv_battery,47.250877380371094,87.39320373535156,-0.5406697988510132
fair_leg,validation,4,9,pv_battery,38.54743957519531,70.40589141845703,-0.5475030541419983
fair_leg,validation,4,10,pv_only,35.549652099609375,75.73416137695312,-0.46940094232559204
fair_leg,validation,4,11,pv_battery,8.68371868133545,78.40057373046875,-0.11076091974973679
fair_leg,validation,4,12,large_flex,60.00409698486328,216.10569763183594,-0.277660995721817
fair_leg,validation,4,13,large_flex,7.502187728881836,195.37832641601562,-0.03839823603630066
fair_leg,validation,4,14,large_flex,25.549930572509766,225.06564331054688,-0.11352214217185974
fair_leg,validation,4,15,pv_battery,56.79823684692383,85.2679214477539,-0.6661151051521301
fair_leg,validation,4,16,pv_battery,39.163780212402344,74.80137634277344,-0.5235702395439148
fair_leg,validation,4,17,large_flex,47.053802490234375,224.4448699951172,-0.2096450924873352
fair_leg,validation,5,0,tenant,-13.662338256835938,60.97385025024414,0.2240687608718872
fair_leg,validation,5,1,tenant,-14.26252555847168,64.33060455322266,0.22170673310756683
fair_leg,validation,5,2,tenant,-14.772125244140625,66.09261322021484,0.22350656986236572
fair_leg,validation,5,3,tenant,-11.741202354431152,53.613704681396484,0.2189963012933731
fair_leg,validation,5,4,tenant,-14.457818031311035,64.44416046142578,0.2243463695049286
fair_leg,validation,5,5,tenant,-14.39208698272705,64.99906921386719,0.22141993045806885
fair_leg,validation,5,6,pv_only,24.59178352355957,88.69921112060547,-0.2772493362426758
fair_leg,validation,5,7,pv_battery,56.88173294067383,89.49531555175781,-0.6355835795402527
fair_leg,validation,5,8,pv_battery,23.427452087402344,76.76554870605469,-0.30518200993537903
fair_leg,validation,5,9,pv_battery,12.415855407714844,75.94456481933594,-0.16348573565483093
fair_leg,validation,5,10,pv_only,38.71412658691406,92.93466186523438,-0.4165736138820648
fair_leg,validation,5,11,pv_battery,13.883807182312012,83.95079040527344,-0.16538038849830627
fair_leg,validation,5,12,large_flex,37.98698425292969,202.6458282470703,-0.1874549239873886
fair_leg,validation,5,13,large_flex,40.9410400390625,210.4336700439453,-0.19455552101135254
fair_leg,validation,5,14,large_flex,7.614447116851807,209.6605987548828,-0.036317985504865646
fair_leg,validation,5,15,pv_battery,24.384193420410156,80.13607025146484,-0.30428484082221985
fair_leg,validation,5,16,pv_battery,59.990142822265625,87.2297592163086,-0.6877257227897644
fair_leg,validation,5,17,large_flex,50.38691711425781,192.84347534179688,-0.2612839341163635
fair_leg,validation,6,0,tenant,-14.451448440551758,64.91349792480469,0.22262628376483917
fair_leg,validation,6,1,tenant,-14.130009651184082,63.532413482666016,0.2224062830209732
fair_leg,validation,6,2,tenant,-13.224257469177246,59.08380889892578,0.2238219976425171
fair_leg,validation,6,3,tenant,-14.126720428466797,63.11469650268555,0.2238263189792633
fair_leg,validation,6,4,tenant,-13.563596725463867,60.66307830810547,0.2235889434814453
fair_leg,validation,6,5,tenant,-13.713150024414062,62.213218688964844,0.220421701669693
fair_leg,validation,6,6,pv_only,-1.9705381393432617,81.61064910888672,0.024145586416125298
fair_leg,validation,6,7,pv_battery,43.325340270996094,86.4236831665039,-0.5013132691383362
fair_leg,validation,6,8,pv_battery,37.89403533935547,78.5420150756836,-0.4824680984020233
fair_leg,validation,6,9,pv_battery,53.66650390625,87.92286682128906,-0.6103813052177429
fair_leg,validation,6,10,pv_only,19.844181060791016,79.1370849609375,-0.25075703859329224
fair_leg,validation,6,11,pv_battery,45.73350524902344,83.1150894165039,-0.5502431988716125
fair_leg,validation,6,12,large_flex,53.851341247558594,191.13111877441406,-0.28175079822540283
fair_leg,validation,6,13,large_flex,37.77117156982422,216.6252899169922,-0.17436173558235168
fair_leg,validation,6,14,large_flex,69.71150207519531,199.98873901367188,-0.3485770523548126
fair_leg,validation,6,15,pv_battery,53.81438064575195,80.76419067382812,-0.6663151383399963
fair_leg,validation,6,16,pv_battery,63.955726623535156,81.23686218261719,-0.7872747778892517
fair_leg,validation,6,17,large_flex,50.06874465942383,229.7265167236328,-0.21794943511486053
fair_leg,validation,7,0,tenant,-13.148189544677734,59.53289031982422,0.2208559215068817
fair_leg,validation,7,1,tenant,-15.002120971679688,67.27177429199219,0.2230077087879181
fair_leg,validation,7,2,tenant,-12.61210823059082,55.9511604309082,0.22541286051273346
fair_leg,validation,7,3,tenant,-12.488616943359375,56.29400634765625,0.22184614837169647
fair_leg,validation,7,4,tenant,-15.4027738571167,69.76871490478516,0.220769003033638
fair_leg,validation,7,5,tenant,-13.81828498840332,62.13036346435547,0.22240781784057617
fair_leg,validation,7,6,pv_only,-2.0691275596618652,78.40585327148438,0.026389971375465393
fair_leg,validation,7,7,pv_battery,-4.133074760437012,88.22730255126953,0.04684578254818916
fair_leg,validation,7,8,pv_battery,48.90842819213867,81.65179443359375,-0.598987877368927
fair_leg,validation,7,9,pv_battery,68.0145263671875,80.47213745117188,-0.8451935648918152
fair_leg,validation,7,10,pv_only,8.132102966308594,72.28105163574219,-0.1125066950917244
fair_leg,validation,7,11,pv_battery,28.115589141845703,78.58164978027344,-0.3577883839607239
fair_leg,validation,7,12,large_flex,27.50092887878418,227.33767700195312,-0.12096951901912689
fair_leg,validation,7,13,large_flex,-0.8465442657470703,218.08721923828125,0.0038816845044493675
fair_leg,validation,7,14,large_flex,64.38491821289062,224.78585815429688,-0.28642770648002625
fair_leg,validation,7,15,pv_battery,55.40626907348633,81.4078598022461,-0.6806009411811829
fair_leg,validation,7,16,pv_battery,53.1003532409668,77.24151611328125,-0.6874587535858154
fair_leg,validation,7,17,large_flex,-2.481853485107422,233.0989532470703,0.010647195391356945
stress_export_default,validation,0,0,tenant,-8.099727630615234,63.256629943847656,0.12804555892944336
stress_export_default,validation,0,1,tenant,-8.45515251159668,65.01628112792969,0.13004669547080994
stress_export_default,validation,0,2,tenant,-9.214052200317383,68.85164642333984,0.13382475078105927
stress_export_default,validation,0,3,tenant,-5.843507766723633,53.06748580932617,0.11011462658643723
stress_export_default,validation,0,4,tenant,-8.036909103393555,62.4814567565918,0.12862862646579742
stress_export_default,validation,0,5,tenant,-8.33635425567627,63.9527702331543,0.1303517371416092
stress_export_default,validation,0,6,pv_only,2.460946559906006,82.06903839111328,-0.029986297711730003
stress_export_default,validation,0,7,pv_battery,23.637269973754883,86.5527114868164,-0.2730967402458191
stress_export_default,validation,0,8,pv_battery,33.94207000732422,80.56747436523438,-0.4212874472141266
stress_export_default,validation,0,9,pv_battery,39.845394134521484,84.03340148925781,-0.474161297082901
stress_export_default,validation,0,10,pv_only,-3.030247688293457,84.14382934570312,0.036012712866067886
stress_export_default,validation,0,11,pv_battery,35.884159088134766,92.43013763427734,-0.3882298767566681
stress_export_default,validation,0,12,large_flex,-12.738292694091797,230.11929321289062,0.05535513907670975
stress_export_default,validation,0,13,large_flex,32.754859924316406,208.2650146484375,-0.15727491676807404
stress_export_default,validation,0,14,large_flex,33.291534423828125,207.89930725097656,-0.1601329892873764
stress_export_default,validation,0,15,pv_battery,29.127086639404297,72.11612701416016,-0.4038914740085602
stress_export_default,validation,0,16,pv_battery,38.27235794067383,82.88166809082031,-0.4617711901664734
stress_export_default,validation,0,17,large_flex,13.644325256347656,199.26376342773438,-0.0684736892580986
stress_export_default,validation,1,0,tenant,-8.166643142700195,62.609100341796875,0.13043861091136932
stress_export_default,validation,1,1,tenant,-9.812994003295898,70.07598114013672,0.14003366231918335
stress_export_default,validation,1,2,tenant,-7.982688903808594,62.185245513916016,0.12836948037147522
stress_export_default,validation,1,3,tenant,-9.094297409057617,66.8858413696289,0.13596738874912262
stress_export_default,validation,1,4,tenant,-8.646358489990234,63.95261001586914,0.1351993978023529
stress_export_default,validation,1,5,tenant,-6.879256248474121,56.10432815551758,0.12261553108692169
stress_export_default,validation,1,6,pv_only,29.487335205078125,80.04058837890625,-0.3684048354625702
stress_export_default,validation,1,7,pv_battery,9.682462692260742,87.52914428710938,-0.11061985790729523
stress_export_default,validation,1,8,pv_battery,9.10185718536377,82.78816223144531,-0.10994164645671844
stress_export_default,validation,1,9,pv_battery,17.600868225097656,87.03486633300781,-0.20222783088684082
stress_export_default,validation,1,10,pv_only,14.443683624267578,96.53172302246094,-0.14962628483772278
stress_export_default,validation,1,11,pv_battery,45.127376556396484,86.29106140136719,-0.5229671001434326
stress_export_default,validation,1,12,large_flex,-15.152345657348633,209.00732421875,0.07249674201011658
stress_export_default,validation,1,13,large_flex,27.463382720947266,215.46754455566406,-0.12745946645736694
stress_export_default,validation,1,14,large_flex,38.986114501953125,205.94480895996094,-0.18930377066135406
stress_export_default,validation,1,15,pv_battery,31.993663787841797,79.95679473876953,-0.40013694763183594
stress_export_default,validation,1,16,pv_battery,4.27978515625,84.4518051147461,-0.050677236169576645
stress_export_default,validation,1,17,large_flex,42.72595977783203,215.06893920898438,-0.19866178929805756
stress_export_default,validation,2,0,tenant,1.823641061782837,59.15785217285156,-0.030826693400740623
stress_export_default,validation,2,1,tenant,0.6346999406814575,65.2469482421875,-0.009727660566568375
stress_export_default,validation,2,2,tenant,0.6812355518341064,64.70036315917969,-0.010529079474508762
stress_export_default,validation,2,3,tenant,-0.053772807121276855,67.90006256103516,0.0007919386262074113
stress_export_default,validation,2,4,tenant,1.428766131401062,61.69146728515625,-0.023159876465797424
stress_export_default,validation,2,5,tenant,0.5868639349937439,65.1369857788086,-0.00900968536734581
stress_export_default,validation,2,6,pv_only,13.315025329589844,79.59252166748047,-0.16728991270065308
stress_export_default,validation,2,7,pv_battery,28.61307144165039,82.44232940673828,-0.3470676839351654
stress_export_default,validation,2,8,pv_battery,29.64321517944336,88.63338470458984,-0.33444759249687195
stress_export_default,validation,2,9,pv_battery,34.02631759643555,83.41477966308594,-0.4079171419143677
stress_export_default,validation,2,10,pv_only,26.773670196533203,88.67477416992188,-0.30193114280700684
stress_export_default,validation,2,11,pv_battery,14.631673812866211,81.03462219238281,-0.18056078255176544
stress_export_default,validation,2,12,large_flex,30.386585235595703,239.3982696533203,-0.12692901492118835
stress_export_default,validation,2,13,large_flex,30.158912658691406,214.72161865234375,-0.14045588672161102
stress_export_default,validation,2,14,large_flex,24.24175453186035,230.87008666992188,-0.10500168800354004
stress_export_default,validation,2,15,pv_battery,35.258567810058594,95.50543212890625,-0.36917874217033386
stress_export_default,validation,2,16,pv_battery,22.186420440673828,87.44998931884766,-0.2537042200565338
stress_export_default,validation,2,17,large_flex,19.547489166259766,195.54653930664062,-0.09996331483125687
stress_export_default,validation,3,0,tenant,2.8235392570495605,58.59726333618164,-0.048185501247644424
stress_export_default,validation,3,1,tenant,3.853614330291748,53.91218948364258,-0.0714794397354126
stress_export_default,validation,3,2,tenant,0.8157705664634705,67.8530502319336,-0.012022625654935837
stress_export_default,validation,3,3,tenant,1.0510354042053223,67.3963623046875,-0.015594840981066227
stress_export_default,validation,3,4,tenant,1.097790002822876,66.50166320800781,-0.01650768704712391
stress_export_default,validation,3,5,tenant,1.2503838539123535,65.81591033935547,-0.01899821124970913
stress_export_default,validation,3,6,pv_only,13.229193687438965,76.09394073486328,-0.17385341227054596
stress_export_default,validation,3,7,pv_battery,36.793479919433594,78.63816833496094,-0.4678831398487091
stress_export_default,validation,3,8,pv_battery,33.910736083984375,79.33293914794922,-0.42744842171669006
stress_export_default,validation,3,9,pv_battery,34.362972259521484,88.96942901611328,-0.386233389377594
stress_export_default,validation,3,10,pv_only,21.583667755126953,84.82926940917969,-0.2544366717338562
stress_export_default,validation,3,11,pv_battery,26.785207748413086,75.205078125,-0.35616230964660645
stress_export_default,validation,3,12,large_flex,27.889379501342773,215.21572875976562,-0.12958799302577972
stress_export_default,validation,3,13,large_flex,32.74290084838867,211.53811645507812,-0.1547849178314209
stress_export_default,validation,3,14,large_flex,15.598031997680664,209.2581024169922,-0.0745396763086319
stress_export_default,validation,3,15,pv_battery,34.62084197998047,76.23827362060547,-0.45411360263824463
stress_export_default,validation,3,16,pv_battery,17.04927635192871,80.1248550415039,-0.21278385818004608
stress_export_default,validation,3,17,large_flex,8.42326831817627,218.67652893066406,-0.03851930424571037
stress_export_default,validation,4,0,tenant,0.39077281951904297,66.33662414550781,-0.005890781991183758
stress_export_default,validation,4,1,tenant,1.750034213066101,60.2364501953125,-0.02905275672674179
stress_export_default,validation,4,2,tenant,0.09893995523452759,67.95689392089844,-0.0014559190021827817
stress_export_default,validation,4,3,tenant,1.27937650680542,62.11300277709961,-0.020597588270902634
stress_export_default,validation,4,4,tenant,0.7648884057998657,64.41056060791016,-0.011875234544277191
stress_export_default,validation,4,5,tenant,1.36986243724823,62.05414581298828,-0.022075287997722626
stress_export_default,validation,4,6,pv_only,10.041670799255371,85.09870910644531,-0.1180003359913826
stress_export_default,validation,4,7,pv_battery,25.42047119140625,72.64412689208984,-0.3499314785003662
stress_export_default,validation,4,8,pv_battery,30.581411361694336,87.39319610595703,-0.3499290645122528
stress_export_default,validation,4,9,pv_battery,31.722864151000977,70.40589141845703,-0.45057111978530884
stress_export_default,validation,4,10,pv_only,23.648372650146484,75.73416137695312,-0.312255322933197
stress_export_default,validation,4,11,pv_battery,18.69754409790039,78.40057373046875,-0.2384873926639557
stress_export_default,validation,4,12,large_flex,33.688289642333984,216.10569763183594,-0.15588802099227905
stress_export_default,validation,4,13,large_flex,14.643235206604004,195.37832641601562,-0.07494809478521347
stress_export_default,validation,4,14,large_flex,24.145536422729492,225.06564331054688,-0.10728216171264648
stress_export_default,validation,4,15,pv_battery,34.98678207397461,85.2679214477539,-0.41031578183174133
stress_export_default,validation,4,16,pv_battery,28.26226806640625,74.80137634277344,-0.3778305947780609
stress_export_default,validation,4,17,large_flex,29.733322143554688,224.4448699951172,-0.13247495889663696
stress_export_default,validation,5,0,tenant,-0.09977388381958008,60.97385025024414,0.0016363392351195216
stress_export_default,validation,5,1,tenant,-0.7000367641448975,64.33060455322266,0.010881868191063404
stress_export_default,validation,5,2,tenant,-1.2098997831344604,66.09261322021484,0.01830613799393177
stress_export_default,validation,5,3,tenant,1.8212122917175293,53.613704681396484,-0.03396916389465332
stress_export_default,validation,5,4,tenant,-0.8953919410705566,64.44416046142578,0.013894092291593552
stress_export_default,validation,5,5,tenant,-0.8297066688537598,64.99906921386719,0.012764908373355865
stress_export_default,validation,5,6,pv_only,18.18561363220215,88.69921112060547,-0.2050255835056305
stress_export_default,validation,5,7,pv_battery,36.45977020263672,89.49531555175781,-0.40739306807518005
stress_export_default,validation,5,8,pv_battery,23.006166458129883,76.76554870605469,-0.29969388246536255
stress_export_default,validation,5,9,pv_battery,17.22536849975586,75.94456481933594,-0.22681504487991333
stress_export_default,validation,5,10,pv_only,25.24602508544922,92.93466186523438,-0.27165356278419495
stress_export_default,validation,5,11,pv_battery,18.18627166748047,83.95079040527344,-0.21663028001785278
stress_export_default,validation,5,12,large_flex,25.943845748901367,202.6458282470703,-0.12802547216415405
stress_export_default,validation,5,13,large_flex,28.532705307006836,210.4336700439453,-0.13558998703956604
stress_export_default,validation,5,14,large_flex,17.342267990112305,209.6605987548828,-0.08271591365337372
stress_export_default,validation,5,15,pv_battery,21.23941421508789,80.13607025146484,-0.26504185795783997
stress_export_default,validation,5,16,pv_battery,39.33485412597656,87.22976684570312,-0.4509338140487671
stress_export_default,validation,5,17,large_flex,34.87881088256836,192.84347534179688,-0.18086594343185425
stress_export_default,validation,6,0,tenant,12.396113395690918,64.91349792480469,-0.19096343219280243
stress_export_default,validation,6,1,tenant,12.71773624420166,63.532413482666016,-0.2001771330833435
stress_export_default,validation,6,2,tenant,13.62324333190918,59.08380889892578,-0.23057511448860168
stress_export_default,validation,6,3,tenant,12.720763206481934,63.11469650268555,-0.20154982805252075
stress_export_default,validation,6,4,tenant,13.283977508544922,60.66307830810547,-0.2189795970916748
stress_export_default,validation,6,5,tenant,13.134223937988281,62.213218688964844,-0.21111628413200378
stress_export_default,validation,6,6,pv_only,16.661640167236328,81.61064910888672,-0.20416000485420227
stress_export_default,validation,6,7,pv_battery,31.206594467163086,86.4236831665039,-0.361088365316391
stress_export_default,validation,6,8,pv_battery,31.18218231201172,78.5420150756836,-0.3970127999782562
stress_export_default,validation,6,9,pv_battery,33.26536178588867,87.92286682128906,-0.3783470094203949
stress_export_default,validation,6,10,pv_only,21.149211883544922,79.1370849609375,-0.2672475576400757
stress_export_default,validation,6,11,pv_battery,32.532371520996094,83.1150894165039,-0.39141368865966797
stress_export_default,validation,6,12,large_flex,31.981515884399414,191.13111877441406,-0.1673276424407959
stress_export_default,validation,6,13,large_flex,28.68304443359375,216.6252899169922,-0.1324084997177124
stress_export_default,validation,6,14,large_flex,34.02768325805664,199.9887237548828,-0.17014795541763306
stress_export_default,validation,6,15,pv_battery,32.97072982788086,80.76419067382812,-0.4082343280315399
stress_export_default,validation,6,16,pv_battery,34.60564422607422,81.23686981201172,-0.4259844720363617
stress_export_default,validation,6,17,large_flex,31.90424346923828,229.7265167236328,-0.1388792097568512
stress_export_default,validation,7,0,tenant,-3.257838249206543,59.53289031982422,0.054723333567380905
stress_export_default,validation,7,1,tenant,-5.111526966094971,67.27177429199219,0.0759831890463829
stress_export_default,validation,7,2,tenant,-2.7216153144836426,55.9511604309082,0.04864273592829704
stress_export_default,validation,7,3,tenant,-2.59870982170105,56.29400634765625,0.04616311565041542
stress_export_default,validation,7,4,tenant,-5.512534141540527,69.76871490478516,0.07901159673929214
stress_export_default,validation,7,5,tenant,-3.9278037548065186,62.13036346435547,0.06321870535612106
stress_export_default,validation,7,6,pv_only,3.9552440643310547,78.40585327148438,-0.05044578015804291
stress_export_default,validation,7,7,pv_battery,4.960899829864502,88.22730255126953,-0.0562286414206028
stress_export_default,validation,7,8,pv_battery,37.003746032714844,81.65179443359375,-0.4531894326210022
stress_export_default,validation,7,9,pv_battery,48.718299865722656,80.47213745117188,-0.6054057478904724
stress_export_default,validation,7,10,pv_only,9.522109031677246,72.28105163574219,-0.13173726201057434
stress_export_default,validation,7,11,pv_battery,22.850542068481445,78.58164978027344,-0.2907872498035431
stress_export_default,validation,7,12,large_flex,19.841407775878906,227.33767700195312,-0.08727729320526123
stress_export_default,validation,7,13,large_flex,6.8216047286987305,218.08721923828125,-0.03127923980355263
stress_export_default,validation,7,14,large_flex,44.574195861816406,224.78585815429688,-0.19829629361629486
stress_export_default,validation,7,15,pv_battery,39.243743896484375,81.4078598022461,-0.4820634126663208
stress_export_default,validation,7,16,pv_battery,37.21207809448242,77.24150848388672,-0.48176270723342896
stress_export_default,validation,7,17,large_flex,6.8283820152282715,233.0989532470703,-0.029293926432728767
fair_leg/default_base,test,0,0,tenant,-16.28519058227539,72.69613647460938,0.2240172177553177
fair_leg/default_base,test,0,1,tenant,-15.448548316955566,69.583251953125,0.22201527655124664
fair_leg/default_base,test,0,2,tenant,-14.035711288452148,62.99239730834961,0.22281593084335327
fair_leg/default_base,test,0,3,tenant,-13.054411888122559,58.74997329711914,0.2222028225660324
fair_leg/default_base,test,0,4,tenant,-15.843764305114746,71.63943481445312,0.22115986049175262
fair_leg/default_base,test,0,5,tenant,-14.166385650634766,64.07042694091797,0.2211064100265503
fair_leg/default_base,test,0,6,pv_only,34.81307601928711,81.1683578491211,-0.42889973521232605
fair_leg/default_base,test,0,7,pv_battery,19.99848175048828,84.80936431884766,-0.2358051836490631
fair_leg/default_base,test,0,8,pv_battery,4.644675254821777,87.64793395996094,-0.05299242585897446
fair_leg/default_base,test,0,9,pv_battery,-3.6956706047058105,78.14643096923828,0.04729163274168968
fair_leg/default_base,test,0,10,pv_only,31.53424835205078,82.98085021972656,-0.38001835346221924
fair_leg/default_base,test,0,11,pv_battery,20.036754608154297,87.82832336425781,-0.22813545167446136
fair_leg/default_base,test,0,12,large_flex,42.47785568237305,163.15771484375,-0.26034867763519287
fair_leg/default_base,test,0,13,large_flex,-2.028536796569824,212.2732391357422,0.009556232951581478
fair_leg/default_base,test,0,14,large_flex,22.574487686157227,196.8924102783203,-0.11465395241975784
fair_leg/default_base,test,0,15,pv_battery,55.450889587402344,83.90279388427734,-0.6608943939208984
fair_leg/default_base,test,0,16,pv_battery,11.331195831298828,81.3831787109375,-0.13923263549804688
fair_leg/default_base,test,0,17,large_flex,35.13421630859375,200.39971923828125,-0.17532077431678772
fair_leg/default_base,test,1,0,tenant,-12.096043586730957,54.457115173339844,0.2221204936504364
fair_leg/default_base,test,1,1,tenant,-15.21877670288086,68.22596740722656,0.22306424379348755
fair_leg/default_base,test,1,2,tenant,-12.275796890258789,55.17155075073242,0.22250232100486755
fair_leg/default_base,test,1,3,tenant,-13.770963668823242,61.46684646606445,0.22403886914253235
fair_leg/default_base,test,1,4,tenant,-12.313817977905273,55.16480255126953,0.22321879863739014
fair_leg/default_base,test,1,5,tenant,-13.871686935424805,62.23639678955078,0.22288717329502106
fair_leg/default_base,test,1,6,pv_only,30.742937088012695,74.15965270996094,-0.4145508110523224
fair_leg/default_base,test,1,7,pv_battery,58.6688117980957,72.0064468383789,-0.814771294593811
fair_leg/default_base,test,1,8,pv_battery,55.488014221191406,92.32186889648438,-0.6010274887084961
fair_leg/default_base,test,1,9,pv_battery,43.13513946533203,78.94182586669922,-0.5464173555374146
fair_leg/default_base,test,1,10,pv_only,35.008087158203125,82.67589569091797,-0.42343756556510925
fair_leg/default_base,test,1,11,pv_battery,38.95808029174805,92.00402069091797,-0.4234389662742615
fair_leg/default_base,test,1,12,large_flex,42.796142578125,178.49832153320312,-0.2397567480802536
fair_leg/default_base,test,1,13,large_flex,-23.24608612060547,245.25674438476562,0.09478259086608887
fair_leg/default_base,test,1,14,large_flex,46.72173309326172,217.50503540039062,-0.21480746567249298
fair_leg/default_base,test,1,15,pv_battery,57.36128234863281,86.00672912597656,-0.6669393181800842
fair_leg/default_base,test,1,16,pv_battery,43.54082107543945,79.69620513916016,-0.5463353991508484
fair_leg/default_base,test,1,17,large_flex,31.69515037536621,225.34510803222656,-0.1406516134738922
fair_leg/default_base,test,2,0,tenant,-13.676209449768066,61.47628402709961,0.2224632203578949
fair_leg/default_base,test,2,1,tenant,-12.987995147705078,58.042232513427734,0.22376808524131775
fair_leg/default_base,test,2,2,tenant,-14.522026062011719,64.21237182617188,0.22615613043308258
fair_leg/default_base,test,2,3,tenant,-15.182524681091309,68.21656799316406,0.22256362438201904
fair_leg/default_base,test,2,4,tenant,-13.056355476379395,58.41762161254883,0.22350025177001953
fair_leg/default_base,test,2,5,tenant,-16.970172882080078,75.52835083007812,0.22468605637550354
fair_leg/default_base,test,2,6,pv_only,11.74610710144043,80.94506072998047,-0.14511215686798096
fair_leg/default_base,test,2,7,pv_battery,8.927000045776367,84.7945785522461,-0.10527786612510681
fair_leg/default_base,test,2,8,pv_battery,8.968361854553223,88.06771087646484,-0.10183477401733398
fair_leg/default_base,test,2,9,pv_battery,50.825931549072266,91.76109313964844,-0.5538939833641052
fair_leg/default_base,test,2,10,pv_only,42.2396354675293,91.85672760009766,-0.4598428010940552
fair_leg/default_base,test,2,11,pv_battery,56.76648712158203,77.25574493408203,-0.7347867488861084
fair_leg/default_base,test,2,12,large_flex,-17.244348526000977,204.84323120117188,0.08418314903974533
fair_leg/default_base,test,2,13,large_flex,24.88957405090332,181.23695373535156,-0.13733167946338654
fair_leg/default_base,test,2,14,large_flex,-20.567506790161133,205.46482849121094,0.10010234266519547
fair_leg/default_base,test,2,15,pv_battery,59.58556365966797,90.3670425415039,-0.6593726277351379
fair_leg/default_base,test,2,16,pv_battery,60.249393463134766,82.03416442871094,-0.7344421744346619
fair_leg/default_base,test,2,17,large_flex,46.09696960449219,219.12710571289062,-0.21036629378795624
fair_leg/default_base,test,3,0,tenant,-14.004310607910156,62.633827209472656,0.2235902100801468
fair_leg/default_base,test,3,1,tenant,-13.129216194152832,59.18191146850586,0.2218451052904129
fair_leg/default_base,test,3,2,tenant,-15.718523025512695,70.26583862304688,0.22370073199272156
fair_leg/default_base,test,3,3,tenant,-13.89517593383789,61.681739807128906,0.2252720296382904
fair_leg/default_base,test,3,4,tenant,-13.866264343261719,61.75115966796875,0.22455066442489624
fair_leg/default_base,test,3,5,tenant,-13.950020790100098,62.27299880981445,0.2240140438079834
fair_leg/default_base,test,3,6,pv_only,17.233375549316406,85.24974822998047,-0.20215167105197906
fair_leg/default_base,test,3,7,pv_battery,19.59673309326172,81.70304107666016,-0.23985305428504944
fair_leg/default_base,test,3,8,pv_battery,19.892871856689453,72.66333770751953,-0.2737676203250885
fair_leg/default_base,test,3,9,pv_battery,26.946760177612305,93.52278137207031,-0.28813043236732483
fair_leg/default_base,test,3,10,pv_only,8.925947189331055,77.6488037109375,-0.11495286226272583
fair_leg/default_base,test,3,11,pv_battery,14.71353816986084,79.91842651367188,-0.18410703539848328
fair_leg/default_base,test,3,12,large_flex,11.687511444091797,216.7044219970703,-0.053932975977659225
fair_leg/default_base,test,3,13,large_flex,53.90320587158203,213.9955596923828,-0.25188928842544556
fair_leg/default_base,test,3,14,large_flex,49.557212829589844,223.9399871826172,-0.22129686176776886
fair_leg/default_base,test,3,15,pv_battery,47.60795593261719,80.59619903564453,-0.5906969904899597
fair_leg/default_base,test,3,16,pv_battery,47.930538177490234,81.26229095458984,-0.5898256897926331
fair_leg/default_base,test,3,17,large_flex,41.88097381591797,207.4656524658203,-0.20186954736709595
fair_leg/default_base,test,4,0,tenant,-13.768072128295898,62.15242385864258,0.2215210646390915
fair_leg/default_base,test,4,1,tenant,-13.59528636932373,61.42643737792969,0.2213263362646103
fair_leg/default_base,test,4,2,tenant,-16.194978713989258,72.35894012451172,0.22381456196308136
fair_leg/default_base,test,4,3,tenant,-14.800073623657227,65.97551727294922,0.22432675957679749
fair_leg/default_base,test,4,4,tenant,-14.685338973999023,66.20619201660156,0.2218121737241745
fair_leg/default_base,test,4,5,tenant,-13.479825973510742,60.11405563354492,0.22423750162124634
fair_leg/default_base,test,4,6,pv_only,26.374731063842773,89.06841278076172,-0.2961176633834839
fair_leg/default_base,test,4,7,pv_battery,44.953853607177734,82.7998275756836,-0.5429220199584961
fair_leg/default_base,test,4,8,pv_battery,10.478991508483887,72.0082778930664,-0.14552472531795502
fair_leg/default_base,test,4,9,pv_battery,55.99628448486328,86.46599578857422,-0.6476105451583862
fair_leg/default_base,test,4,10,pv_only,24.827404022216797,76.42791748046875,-0.3248472809791565
fair_leg/default_base,test,4,11,pv_battery,57.48125457763672,76.65846252441406,-0.7498354911804199
fair_leg/default_base,test,4,12,large_flex,60.221405029296875,205.79310607910156,-0.29263076186180115
fair_leg/default_base,test,4,13,large_flex,36.54943084716797,190.24539184570312,-0.19211730360984802
fair_leg/default_base,test,4,14,large_flex,60.429443359375,204.85440063476562,-0.29498711228370667
fair_leg/default_base,test,4,15,pv_battery,47.66999816894531,89.1939697265625,-0.5344529747962952
fair_leg/default_base,test,4,16,pv_battery,30.40874481201172,86.89279174804688,-0.34995707869529724
fair_leg/default_base,test,4,17,large_flex,29.879600524902344,197.13223266601562,-0.1515713930130005
fair_leg/default_base,test,5,0,tenant,-14.456554412841797,65.47962951660156,0.22077929973602295
fair_leg/default_base,test,5,1,tenant,-16.251258850097656,72.49996948242188,0.22415544092655182
fair_leg/default_base,test,5,2,tenant,-12.570091247558594,56.48336410522461,0.2225450724363327
fair_leg/default_base,test,5,3,tenant,-15.450549125671387,69.02279663085938,0.22384707629680634
fair_leg/default_base,test,5,4,tenant,-12.584449768066406,56.17674255371094,0.22401537001132965
fair_leg/default_base,test,5,5,tenant,-14.821758270263672,66.93524169921875,0.22143425047397614
fair_leg/default_base,test,5,6,pv_only,31.706632614135742,81.12821960449219,-0.3908214569091797
fair_leg/default_base,test,5,7,pv_battery,45.633460998535156,95.53137969970703,-0.4776802957057953
fair_leg/default_base,test,5,8,pv_battery,39.6859245300293,90.40953063964844,-0.43895718455314636
fair_leg/default_base,test,5,9,pv_battery,52.389488220214844,77.04638671875,-0.6799734234809875
fair_leg/default_base,test,5,10,pv_only,11.26312255859375,95.9556884765625,-0.11737838387489319
fair_leg/default_base,test,5,11,pv_battery,6.075124740600586,91.12498474121094,-0.0666680857539177
fair_leg/default_base,test,5,12,large_flex,64.7541732788086,209.5968475341797,-0.308946430683136
fair_leg/default_base,test,5,13,large_flex,0.5027713775634766,216.7526397705078,-0.0023195708636194468
fair_leg/default_base,test,5,14,large_flex,4.2726826667785645,197.72850036621094,-0.02160884253680706
fair_leg/default_base,test,5,15,pv_battery,35.53194808959961,79.16350555419922,-0.44884249567985535
fair_leg/default_base,test,5,16,pv_battery,57.99085998535156,88.03372955322266,-0.6587343811988831
fair_leg/default_base,test,5,17,large_flex,6.795706748962402,204.9633026123047,-0.03315572813153267
fair_leg/default_base,test,6,0,tenant,-14.194000244140625,63.66468048095703,0.22294944524765015
fair_leg/default_base,test,6,1,tenant,-14.376839637756348,64.55371856689453,0.22271114587783813
fair_leg/default_base,test,6,2,tenant,-15.531488418579102,69.72496032714844,0.22275373339653015
fair_leg/default_base,test,6,3,tenant,-14.151971817016602,64.16187286376953,0.22056667506694794
fair_leg/default_base,test,6,4,tenant,-12.079887390136719,54.091068267822266,0.22332502901554108
fair_leg/default_base,test,6,5,tenant,-16.167430877685547,72.30187225341797,0.22361017763614655
fair_leg/default_base,test,6,6,pv_only,4.973606109619141,88.91521453857422,-0.05593648552894592
fair_leg/default_base,test,6,7,pv_battery,61.39447021484375,68.42283630371094,-0.8972806334495544
fair_leg/default_base,test,6,8,pv_battery,47.55049133300781,79.10440826416016,-0.6011102795600891
fair_leg/default_base,test,6,9,pv_battery,42.500125885009766,82.94664764404297,-0.512378990650177
fair_leg/default_base,test,6,10,pv_only,14.319788932800293,83.30595397949219,-0.17189395427703857
fair_leg/default_base,test,6,11,pv_battery,0.7820074558258057,77.62564086914062,-0.010074096731841564
fair_leg/default_base,test,6,12,large_flex,59.26494216918945,193.56597900390625,-0.30617430806159973
fair_leg/default_base,test,6,13,large_flex,8.968716621398926,186.5530548095703,-0.048075977712869644
fair_leg/default_base,test,6,14,large_flex,31.823604583740234,198.32691955566406,-0.16046030819416046
fair_leg/default_base,test,6,15,pv_battery,51.237918853759766,92.69847106933594,-0.5527370572090149
fair_leg/default_base,test,6,16,pv_battery,37.35723114013672,90.08251953125,-0.41469985246658325
fair_leg/default_base,test,6,17,large_flex,58.652305603027344,208.28182983398438,-0.2816006541252136
fair_leg/default_base,test,7,0,tenant,-12.658214569091797,56.37227249145508,0.22454684972763062
fair_leg/default_base,test,7,1,tenant,-14.288895606994629,64.04303741455078,0.22311389446258545
fair_leg/default_base,test,7,2,tenant,-14.001975059509277,62.43913650512695,0.22425003349781036
fair_leg/default_base,test,7,3,tenant,-12.974903106689453,57.86317443847656,0.2242341935634613
fair_leg/default_base,test,7,4,tenant,-14.492549896240234,64.57722473144531,0.22442194819450378
fair_leg/default_base,test,7,5,tenant,-14.187597274780273,63.76203536987305,0.22250843048095703
fair_leg/default_base,test,7,6,pv_only,36.39237976074219,89.17561340332031,-0.40809768438339233
fair_leg/default_base,test,7,7,pv_battery,26.189952850341797,93.81871032714844,-0.27915483713150024
fair_leg/default_base,test,7,8,pv_battery,28.927095413208008,79.26966094970703,-0.36492016911506653
fair_leg/default_base,test,7,9,pv_battery,43.31060028076172,83.69727325439453,-0.5174672603607178
fair_leg/default_base,test,7,10,pv_only,37.62202072143555,89.58158111572266,-0.41997483372688293
fair_leg/default_base,test,7,11,pv_battery,57.48408508300781,88.0494613647461,-0.652860701084137
fair_leg/default_base,test,7,12,large_flex,49.11128234863281,192.69558715820312,-0.2548644542694092
fair_leg/default_base,test,7,13,large_flex,28.42724609375,189.23648071289062,-0.15022069215774536
fair_leg/default_base,test,7,14,large_flex,12.835654258728027,205.96295166015625,-0.06232020631432533
fair_leg/default_base,test,7,15,pv_battery,35.93180847167969,87.1794204711914,-0.4121595621109009
fair_leg/default_base,test,7,16,pv_battery,42.92012023925781,85.78961181640625,-0.5002950429916382
fair_leg/default_base,test,7,17,large_flex,57.741111755371094,207.57110595703125,-0.2781749367713928
fair_leg/default_base,test,8,0,tenant,-13.96621322631836,62.965553283691406,0.22180721163749695
fair_leg/default_base,test,8,1,tenant,-14.30985164642334,64.07431030273438,0.22333216667175293
fair_leg/default_base,test,8,2,tenant,-14.798858642578125,66.06665802001953,0.22399884462356567
fair_leg/default_base,test,8,3,tenant,-15.819573402404785,70.55229187011719,0.22422483563423157
fair_leg/default_base,test,8,4,tenant,-13.400920867919922,59.791648864746094,0.2241269201040268
fair_leg/default_base,test,8,5,tenant,-15.104283332824707,67.35026550292969,0.22426460683345795
fair_leg/default_base,test,8,6,pv_only,-6.044475078582764,89.90369415283203,0.06723276525735855
fair_leg/default_base,test,8,7,pv_battery,39.147727966308594,80.24171447753906,-0.48787248134613037
fair_leg/default_base,test,8,8,pv_battery,12.920411109924316,86.0987319946289,-0.15006501972675323
fair_leg/default_base,test,8,9,pv_battery,28.782550811767578,90.46062469482422,-0.31817787885665894
fair_leg/default_base,test,8,10,pv_only,27.80865478515625,76.1808853149414,-0.3650345504283905
fair_leg/default_base,test,8,11,pv_battery,9.45617389678955,89.7593002319336,-0.10535035282373428
fair_leg/default_base,test,8,12,large_flex,39.561073303222656,182.61277770996094,-0.21663907170295715
fair_leg/default_base,test,8,13,large_flex,55.894134521484375,183.36631774902344,-0.3048223853111267
fair_leg/default_base,test,8,14,large_flex,26.86293601989746,183.66424560546875,-0.1462610512971878
fair_leg/default_base,test,8,15,pv_battery,14.734771728515625,82.60540771484375,-0.17837534844875336
fair_leg/default_base,test,8,16,pv_battery,19.457275390625,94.55230712890625,-0.20578308403491974
fair_leg/default_base,test,8,17,large_flex,36.86988067626953,202.8647918701172,-0.18174602091312408
fair_leg/default_base,test,9,0,tenant,-15.673818588256836,70.0582046508789,0.22372585535049438
fair_leg/default_base,test,9,1,tenant,-12.422911643981934,55.69179153442383,0.22306548058986664
fair_leg/default_base,test,9,2,tenant,-15.550638198852539,68.88367462158203,0.22575215995311737
fair_leg/default_base,test,9,3,tenant,-14.006158828735352,62.655616760253906,0.22354191541671753
fair_leg/default_base,test,9,4,tenant,-13.606691360473633,61.0221061706543,0.22297978401184082
fair_leg/default_base,test,9,5,tenant,-13.96590805053711,62.020748138427734,0.22518128156661987
fair_leg/default_base,test,9,6,pv_only,25.944690704345703,86.77166748046875,-0.29899951815605164
fair_leg/default_base,test,9,7,pv_battery,31.360416412353516,71.95958709716797,-0.43580588698387146
fair_leg/default_base,test,9,8,pv_battery,11.581475257873535,75.52348327636719,-0.15334929525852203
fair_leg/default_base,test,9,9,pv_battery,50.83475875854492,80.29789733886719,-0.6330768465995789
fair_leg/default_base,test,9,10,pv_only,35.67986297607422,91.98482513427734,-0.3878885507583618
fair_leg/default_base,test,9,11,pv_battery,2.66900634765625,93.70648956298828,-0.028482625260949135
fair_leg/default_base,test,9,12,large_flex,-11.919791221618652,238.96209716796875,0.04988151788711548
fair_leg/default_base,test,9,13,large_flex,-17.16574478149414,194.73968505859375,0.0881471261382103
fair_leg/default_base,test,9,14,large_flex,18.1013126373291,201.51390075683594,-0.08982661366462708
fair_leg/default_base,test,9,15,pv_battery,63.415916442871094,95.91413879394531,-0.6611735224723816
fair_leg/default_base,test,9,16,pv_battery,28.991695404052734,87.90290069580078,-0.32981500029563904
fair_leg/default_base,test,9,17,large_flex,13.86422348022461,177.35377502441406,-0.07817265391349792
fair_leg/default_base,test,10,0,tenant,-14.961150169372559,67.41810607910156,0.2219158411026001
fair_leg/default_base,test,10,1,tenant,-12.747299194335938,57.790008544921875,0.22057974338531494
fair_leg/default_base,test,10,2,tenant,-13.449151992797852,60.276390075683594,0.22312460839748383
fair_leg/default_base,test,10,3,tenant,-14.698440551757812,65.67347717285156,0.22381094098091125
fair_leg/default_base,test,10,4,tenant,-15.102086067199707,67.2275619506836,0.2246410995721817
fair_leg/default_base,test,10,5,tenant,-13.436126708984375,60.786712646484375,0.2210371196269989
fair_leg/default_base,test,10,6,pv_only,34.903533935546875,88.04647827148438,-0.3964219093322754
fair_leg/default_base,test,10,7,pv_battery,29.04096221923828,91.16907501220703,-0.3185396194458008
fair_leg/default_base,test,10,8,pv_battery,34.19028854370117,90.3240966796875,-0.3785288631916046
fair_leg/default_base,test,10,9,pv_battery,-2.7785816192626953,86.59068298339844,0.03208873048424721
fair_leg/default_base,test,10,10,pv_only,3.5152814388275146,82.48348236083984,-0.0426180399954319
fair_leg/default_base,test,10,11,pv_battery,29.588878631591797,92.20865631103516,-0.3208903670310974
fair_leg/default_base,test,10,12,large_flex,56.41090774536133,228.5016326904297,-0.2468731850385666
fair_leg/default_base,test,10,13,large_flex,31.988666534423828,190.19651794433594,-0.16818751394748688
fair_leg/default_base,test,10,14,large_flex,13.946151733398438,177.0040283203125,-0.07879006862640381
fair_leg/default_base,test,10,15,pv_battery,59.90190124511719,83.85359191894531,-0.7143625617027283
fair_leg/default_base,test,10,16,pv_battery,10.692541122436523,84.9761962890625,-0.12582984566688538
fair_leg/default_base,test,10,17,large_flex,32.122161865234375,209.84616088867188,-0.15307481586933136
fair_leg/default_base,test,11,0,tenant,-16.163034439086914,72.15080261230469,0.22401747107505798
fair_leg/default_base,test,11,1,tenant,-13.847044944763184,62.132808685302734,0.22286202013492584
fair_leg/default_base,test,11,2,tenant,-15.504138946533203,69.55110168457031,0.222917377948761
fair_leg/default_base,test,11,3,tenant,-14.519521713256836,64.90348815917969,0.22370941936969757
fair_leg/default_base,test,11,4,tenant,-14.941076278686523,66.502685546875,0.2246687263250351
fair_leg/default_base,test,11,5,tenant,-14.036911010742188,62.70114517211914,0.22387006878852844
fair_leg/default_base,test,11,6,pv_only,29.647262573242188,85.8766860961914,-0.3452306389808655
fair_leg/default_base,test,11,7,pv_battery,43.06085968017578,84.4786148071289,-0.5097248554229736
fair_leg/default_base,test,11,8,pv_battery,23.162960052490234,94.71376037597656,-0.24455766379833221
fair_leg/default_base,test,11,9,pv_battery,52.55316162109375,86.70022583007812,-0.606148362159729
fair_leg/default_base,test,11,10,pv_only,8.88533878326416,90.72291564941406,-0.09793924540281296
fair_leg/default_base,test,11,11,pv_battery,53.37200164794922,75.66815185546875,-0.7053433060646057
fair_leg/default_base,test,11,12,large_flex,-12.603796005249023,215.45156860351562,0.05849943682551384
fair_leg/default_base,test,11,13,large_flex,46.66752243041992,230.04476928710938,-0.20286281406879425
fair_leg/default_base,test,11,14,large_flex,57.90211868286133,221.48182678222656,-0.26143062114715576
fair_leg/default_base,test,11,15,pv_battery,49.13057327270508,79.61206817626953,-0.617124617099762
fair_leg/default_base,test,11,16,pv_battery,31.75734519958496,91.61184692382812,-0.3466510474681854
fair_leg/default_base,test,11,17,large_flex,55.90898895263672,184.9727020263672,-0.3022555112838745
fair_leg/default_base,test,12,0,tenant,-13.8014497756958,61.44271469116211,0.22462308406829834
fair_leg/default_base,test,12,1,tenant,-13.364188194274902,59.79969787597656,0.22348254919052124
fair_leg/default_base,test,12,2,tenant,-14.704877853393555,65.94331359863281,0.2229926437139511
fair_leg/default_base,test,12,3,tenant,-15.600034713745117,69.69342803955078,0.22383800148963928
fair_leg/default_base,test,12,4,tenant,-13.880847930908203,61.78516387939453,0.22466319799423218
fair_leg/default_base,test,12,5,tenant,-14.95097541809082,67.02764892578125,0.2230568677186966
fair_leg/default_base,test,12,6,pv_only,13.68120288848877,82.48181915283203,-0.16586938500404358
fair_leg/default_base,test,12,7,pv_battery,49.20287322998047,86.35420989990234,-0.5697795748710632
fair_leg/default_base,test,12,8,pv_battery,41.65068054199219,73.18670654296875,-0.5691016316413879
fair_leg/default_base,test,12,9,pv_battery,6.347152233123779,83.92576599121094,-0.07562821358442307
fair_leg/default_base,test,12,10,pv_only,40.7172737121582,93.49021911621094,-0.4355243742465973
fair_leg/default_base,test,12,11,pv_battery,59.843021392822266,92.68009948730469,-0.645694375038147
fair_leg/default_base,test,12,12,large_flex,34.06525421142578,198.4273223876953,-0.17167626321315765
fair_leg/default_base,test,12,13,large_flex,21.036577224731445,195.70989990234375,-0.10748860239982605
fair_leg/default_base,test,12,14,large_flex,-9.4496488571167,230.02713012695312,0.04108061268925667
fair_leg/default_base,test,12,15,pv_battery,2.7879087924957275,83.97183227539062,-0.033200524747371674
fair_leg/default_base,test,12,16,pv_battery,3.935971260070801,93.6460952758789,-0.04203024134039879
fair_leg/default_base,test,12,17,large_flex,43.681922912597656,205.8638153076172,-0.2121884524822235
fair_leg/default_base,test,13,0,tenant,-14.472601890563965,65.24479675292969,0.22182008624076843
fair_leg/default_base,test,13,1,tenant,-15.592020034790039,69.55045318603516,0.22418290376663208
fair_leg/default_base,test,13,2,tenant,-12.675924301147461,56.62065124511719,0.22387464344501495
fair_leg/default_base,test,13,3,tenant,-15.077978134155273,68.10638427734375,0.22138862311840057
fair_leg/default_base,test,13,4,tenant,-14.017698287963867,62.777862548828125,0.223290354013443
fair_leg/default_base,test,13,5,tenant,-14.923078536987305,67.26835632324219,0.22184400260448456
fair_leg/default_base,test,13,6,pv_only,-9.382486343383789,94.4789810180664,0.09930765628814697
fair_leg/default_base,test,13,7,pv_battery,37.10305404663086,77.69390106201172,-0.47755447030067444
fair_leg/default_base,test,13,8,pv_battery,46.44612121582031,75.55756378173828,-0.6147120594978333
fair_leg/default_base,test,13,9,pv_battery,0.20864993333816528,85.7825927734375,-0.002432310488075018
fair_leg/default_base,test,13,10,pv_only,30.28826904296875,79.85309600830078,-0.3792997896671295
fair_leg/default_base,test,13,11,pv_battery,44.962554931640625,81.53446960449219,-0.5514543056488037
fair_leg/default_base,test,13,12,large_flex,30.800203323364258,209.47874450683594,-0.14703258872032166
fair_leg/default_base,test,13,13,large_flex,59.40928649902344,191.4552459716797,-0.31030401587486267
fair_leg/default_base,test,13,14,large_flex,42.54304504394531,195.6560821533203,-0.21743780374526978
fair_leg/default_base,test,13,15,pv_battery,5.640110492706299,81.54383850097656,-0.0691666379570961
fair_leg/default_base,test,13,16,pv_battery,36.73309326171875,75.5238037109375,-0.4863772988319397
fair_leg/default_base,test,13,17,large_flex,54.898582458496094,235.9943084716797,-0.23262690007686615
fair_leg/default_base,test,14,0,tenant,-14.4609375,64.54833984375,0.22403265535831451
fair_leg/default_base,test,14,1,tenant,-12.0828275680542,54.62171173095703,0.22120927274227142
fair_leg/default_base,test,14,2,tenant,-15.910853385925293,71.51648712158203,0.22247807681560516
fair_leg/default_base,test,14,3,tenant,-13.87594985961914,63.19842529296875,0.21956174075603485
fair_leg/default_base,test,14,4,tenant,-15.200407981872559,67.76394653320312,0.2243141531944275
fair_leg/default_base,test,14,5,tenant,-14.691743850708008,65.76097106933594,0.2234112173318863
fair_leg/default_base,test,14,6,pv_only,-0.9721965789794922,81.26487731933594,0.011963274329900742
fair_leg/default_base,test,14,7,pv_battery,59.714698791503906,89.22527313232422,-0.6692574620246887
fair_leg/default_base,test,14,8,pv_battery,57.64637756347656,70.50829315185547,-0.8175830245018005
fair_leg/default_base,test,14,9,pv_battery,45.319908142089844,76.63369750976562,-0.5913839340209961
fair_leg/default_base,test,14,10,pv_only,36.02730178833008,84.27347564697266,-0.4275045394897461
fair_leg/default_base,test,14,11,pv_battery,52.4826545715332,94.81993103027344,-0.5534980297088623
fair_leg/default_base,test,14,12,large_flex,17.014362335205078,196.6439208984375,-0.08652374893426895
fair_leg/default_base,test,14,13,large_flex,54.54851531982422,204.53672790527344,-0.26669299602508545
fair_leg/default_base,test,14,14,large_flex,12.017461776733398,219.083740234375,-0.054853275418281555
fair_leg/default_base,test,14,15,pv_battery,55.691436767578125,77.27157592773438,-0.720723569393158
fair_leg/default_base,test,14,16,pv_battery,23.036884307861328,78.55946350097656,-0.29324132204055786
fair_leg/default_base,test,14,17,large_flex,7.311070919036865,223.69619750976562,-0.03268303722143173
fair_leg/default_base,test,15,0,tenant,-16.623401641845703,74.6938247680664,0.22255384922027588
fair_leg/default_base,test,15,1,tenant,-14.554571151733398,65.07762908935547,0.22364936769008636
fair_leg/default_base,test,15,2,tenant,-13.964282989501953,62.6085205078125,0.22304119169712067
fair_leg/default_base,test,15,3,tenant,-13.981241226196289,62.717777252197266,0.22292323410511017
fair_leg/default_base,test,15,4,tenant,-12.973122596740723,58.54052734375,0.22160926461219788
fair_leg/default_base,test,15,5,tenant,-13.951135635375977,62.90364074707031,0.22178567945957184
fair_leg/default_base,test,15,6,pv_only,12.401165008544922,89.89776611328125,-0.13794741034507751
fair_leg/default_base,test,15,7,pv_battery,11.20074462890625,97.54315948486328,-0.1148286834359169
fair_leg/default_base,test,15,8,pv_battery,51.5869140625,72.86759948730469,-0.7079541087150574
fair_leg/default_base,test,15,9,pv_battery,-0.7018488645553589,86.77117156982422,0.008088499307632446
fair_leg/default_base,test,15,10,pv_only,18.644752502441406,75.73419952392578,-0.24618670344352722
fair_leg/default_base,test,15,11,pv_battery,61.28934860229492,92.31656646728516,-0.663904070854187
fair_leg/default_base,test,15,12,large_flex,7.445313453674316,210.69766235351562,-0.03533647954463959
fair_leg/default_base,test,15,13,large_flex,31.403188705444336,199.19363403320312,-0.15765149891376495
fair_leg/default_base,test,15,14,large_flex,48.132530212402344,219.95989990234375,-0.21882422268390656
fair_leg/default_base,test,15,15,pv_battery,40.75177764892578,102.40504455566406,-0.3979467451572418
fair_leg/default_base,test,15,16,pv_battery,37.11501693725586,84.61502075195312,-0.4386340081691742
fair_leg/default_base,test,15,17,large_flex,41.24486541748047,209.6678466796875,-0.19671531021595
fair_leg/default_base,test,16,0,tenant,-14.97431755065918,67.2093505859375,0.2228011041879654
fair_leg/default_base,test,16,1,tenant,-12.237300872802734,54.931549072265625,0.22277355194091797
fair_leg/default_base,test,16,2,tenant,-15.10706901550293,67.35568237304688,0.2242879420518875
fair_leg/default_base,test,16,3,tenant,-13.764979362487793,62.17927551269531,0.22137562930583954
fair_leg/default_base,test,16,4,tenant,-12.981344223022461,58.209693908691406,0.22301006317138672
fair_leg/default_base,test,16,5,tenant,-12.885662078857422,57.75937271118164,0.22309210896492004
fair_leg/default_base,test,16,6,pv_only,37.57354736328125,90.48619079589844,-0.41524097323417664
fair_leg/default_base,test,16,7,pv_battery,25.754947662353516,92.22779846191406,-0.2792537212371826
fair_leg/default_base,test,16,8,pv_battery,15.238028526306152,82.8550033569336,-0.18391190469264984
fair_leg/default_base,test,16,9,pv_battery,39.91864776611328,94.79684448242188,-0.4210970103740692
fair_leg/default_base,test,16,10,pv_only,23.377330780029297,98.70648193359375,-0.23683691024780273
fair_leg/default_base,test,16,11,pv_battery,55.43382263183594,91.78948211669922,-0.6039234399795532
fair_leg/default_base,test,16,12,large_flex,5.179792404174805,220.208740234375,-0.023522179573774338
fair_leg/default_base,test,16,13,large_flex,-7.069627285003662,186.87705993652344,0.03783034905791283
fair_leg/default_base,test,16,14,large_flex,53.18785095214844,204.80606079101562,-0.2596985697746277
fair_leg/default_base,test,16,15,pv_battery,50.24920654296875,85.46842956542969,-0.587926983833313
fair_leg/default_base,test,16,16,pv_battery,61.434791564941406,73.39588165283203,-0.8370331525802612
fair_leg/default_base,test,16,17,large_flex,37.069271087646484,205.97467041015625,-0.17997002601623535
fair_leg/default_base,test,17,0,tenant,-14.04487133026123,62.53596496582031,0.22458872199058533
fair_leg/default_base,test,17,1,tenant,-12.981062889099121,58.3036994934082,0.22264541685581207
fair_leg/default_base,test,17,2,tenant,-12.157176971435547,53.944068908691406,0.22536638379096985
fair_leg/default_base,test,17,3,tenant,-14.501096725463867,65.78950500488281,0.22041650116443634
fair_leg/default_base,test,17,4,tenant,-13.131635665893555,58.92573165893555,0.22285069525241852
fair_leg/default_base,test,17,5,tenant,-14.182909965515137,63.63812255859375,0.22286801040172577
fair_leg/default_base,test,17,6,pv_only,23.871257781982422,76.66487121582031,-0.3113715350627899
fair_leg/default_base,test,17,7,pv_battery,53.322265625,85.16590118408203,-0.6260985732078552
fair_leg/default_base,test,17,8,pv_battery,37.80060577392578,74.32852935791016,-0.5085615515708923
fair_leg/default_base,test,17,9,pv_battery,52.50432205200195,82.66796875,-0.6351227164268494
fair_leg/default_base,test,17,10,pv_only,20.698780059814453,80.77920532226562,-0.2562389075756073
fair_leg/default_base,test,17,11,pv_battery,35.0388069152832,89.17574310302734,-0.3929184675216675
fair_leg/default_base,test,17,12,large_flex,45.78684616088867,216.91053771972656,-0.21108627319335938
fair_leg/default_base,test,17,13,large_flex,14.942608833312988,195.1348419189453,-0.07657582312822342
fair_leg/default_base,test,17,14,large_flex,41.30419921875,230.5649871826172,-0.179143488407135
fair_leg/default_base,test,17,15,pv_battery,63.03303909301758,81.8302001953125,-0.770291268825531
fair_leg/default_base,test,17,16,pv_battery,25.05029296875,93.58142852783203,-0.2676844596862793
fair_leg/default_base,test,17,17,large_flex,36.81588363647461,221.88687133789062,-0.16592183709144592
fair_leg/default_base,test,18,0,tenant,-13.959207534790039,62.71976852416992,0.22256465256214142
fair_leg/default_base,test,18,1,tenant,-13.995662689208984,63.05696105957031,0.2219526171684265
fair_leg/default_base,test,18,2,tenant,-14.475866317749023,65.02294158935547,0.22262698411941528
fair_leg/default_base,test,18,3,tenant,-13.895095825195312,61.90911865234375,0.22444331645965576
fair_leg/default_base,test,18,4,tenant,-12.989038467407227,58.7082405090332,0.22124721109867096
fair_leg/default_base,test,18,5,tenant,-15.85465145111084,70.38614654541016,0.22525238990783691
fair_leg/default_base,test,18,6,pv_only,-12.626225471496582,88.58834075927734,0.14252696931362152
fair_leg/default_base,test,18,7,pv_battery,43.987972259521484,88.0772476196289,-0.49942436814308167
fair_leg/default_base,test,18,8,pv_battery,18.875818252563477,79.63179016113281,-0.23703870177268982
fair_leg/default_base,test,18,9,pv_battery,50.995155334472656,78.36991119384766,-0.6506987810134888
fair_leg/default_base,test,18,10,pv_only,35.99921417236328,73.76455688476562,-0.4880284070968628
fair_leg/default_base,test,18,11,pv_battery,38.42681121826172,81.8764419555664,-0.46932703256607056
fair_leg/default_base,test,18,12,large_flex,53.32585144042969,193.24049377441406,-0.2759557366371155
fair_leg/default_base,test,18,13,large_flex,57.75768280029297,201.227294921875,-0.2870270907878876
fair_leg/default_base,test,18,14,large_flex,56.55023956298828,223.53965759277344,-0.2529764473438263
fair_leg/default_base,test,18,15,pv_battery,58.94476318359375,85.72362518310547,-0.6876141428947449
fair_leg/default_base,test,18,16,pv_battery,51.133087158203125,85.09390258789062,-0.6009014844894409
fair_leg/default_base,test,18,17,large_flex,-5.907864093780518,197.70721435546875,0.02988187037408352
fair_leg/default_base,test,19,0,tenant,-15.425457000732422,68.8856201171875,0.22392837703227997
fair_leg/default_base,test,19,1,tenant,-13.310744285583496,59.58950424194336,0.22337381541728973
fair_leg/default_base,test,19,2,tenant,-13.280084609985352,59.54359436035156,0.22303135693073273
fair_leg/default_base,test,19,3,tenant,-13.128776550292969,59.20698928833008,0.22174352407455444
fair_leg/default_base,test,19,4,tenant,-13.567522048950195,60.636199951171875,0.22375285625457764
fair_leg/default_base,test,19,5,tenant,-11.85257339477539,53.75758361816406,0.2204820215702057
fair_leg/default_base,test,19,6,pv_only,25.91107940673828,87.54927062988281,-0.29596003890037537
fair_leg/default_base,test,19,7,pv_battery,60.70052719116211,80.59639739990234,-0.7531419992446899
fair_leg/default_base,test,19,8,pv_battery,11.224384307861328,78.52198028564453,-0.1429457813501358
fair_leg/default_base,test,19,9,pv_battery,13.690773963928223,99.76522827148438,-0.13722991943359375
fair_leg/default_base,test,19,10,pv_only,40.45911407470703,84.8145980834961,-0.47703006863594055
fair_leg/default_base,test,19,11,pv_battery,26.486967086791992,88.55309295654297,-0.2991085946559906
fair_leg/default_base,test,19,12,large_flex,21.14931297302246,218.55615234375,-0.09676828980445862
fair_leg/default_base,test,19,13,large_flex,33.11079025268555,223.74447631835938,-0.14798490703105927
fair_leg/default_base,test,19,14,large_flex,27.213993072509766,204.47276306152344,-0.1330934762954712
fair_leg/default_base,test,19,15,pv_battery,8.307690620422363,73.83027648925781,-0.11252421885728836
fair_leg/default_base,test,19,16,pv_battery,19.404293060302734,86.82530975341797,-0.22348652780056
fair_leg/default_base,test,19,17,large_flex,61.73321533203125,187.8963623046875,-0.3285493850708008
tariff/fixed_base,test,0,0,tenant,-7.182673454284668,72.69613647460938,0.09880414605140686
tariff/fixed_base,test,0,1,tenant,-6.346031188964844,69.583251953125,0.0912005603313446
tariff/fixed_base,test,0,2,tenant,-4.933195114135742,62.99239730834961,0.07831420004367828
tariff/fixed_base,test,0,3,tenant,-3.951894760131836,58.74997329711914,0.0672663077712059
tariff/fixed_base,test,0,4,tenant,-6.741247653961182,71.63943481445312,0.09409961849451065
tariff/fixed_base,test,0,5,tenant,-5.063868522644043,64.07042694091797,0.07903600484132767
tariff/fixed_base,test,0,6,pv_only,25.067214965820312,81.1683578491211,-0.3088299632072449
tariff/fixed_base,test,0,7,pv_battery,13.100564002990723,84.80936431884766,-0.15447071194648743
tariff/fixed_base,test,0,8,pv_battery,11.326253890991211,87.64793395996094,-0.12922435998916626
tariff/fixed_base,test,0,9,pv_battery,5.093086242675781,78.14643096923828,-0.06517364084720612
tariff/fixed_base,test,0,10,pv_only,24.998262405395508,82.98085021972656,-0.3012535870075226
tariff/fixed_base,test,0,11,pv_battery,13.59594440460205,87.82832336425781,-0.15480132400989532
tariff/fixed_base,test,0,12,large_flex,29.515565872192383,163.15771484375,-0.1809021532535553
tariff/fixed_base,test,0,13,large_flex,-1.377976417541504,212.2732391357422,0.006491498090326786
tariff/fixed_base,test,0,14,large_flex,18.50258445739746,196.8924102783203,-0.09397301077842712
tariff/fixed_base,test,0,15,pv_battery,38.381900787353516,83.90279388427734,-0.4574567973613739
tariff/fixed_base,test,0,16,pv_battery,14.032780647277832,81.3831787109375,-0.1724284589290619
tariff/fixed_base,test,0,17,large_flex,25.420394897460938,200.39971923828125,-0.1268484741449356
tariff/fixed_base,test,1,0,tenant,13.563963890075684,54.457115173339844,-0.24907605350017548
tariff/fixed_base,test,1,1,tenant,10.441230773925781,68.22596740722656,-0.15303896367549896
tariff/fixed_base,test,1,2,tenant,13.384210586547852,55.17155075073242,-0.24259255826473236
tariff/fixed_base,test,1,3,tenant,11.889044761657715,61.46684646606445,-0.1934221088886261
tariff/fixed_base,test,1,4,tenant,13.346189498901367,55.16480255126953,-0.24193298816680908
tariff/fixed_base,test,1,5,tenant,11.788320541381836,62.23639678955078,-0.1894119828939438
tariff/fixed_base,test,1,6,pv_only,24.338367462158203,74.15965270996094,-0.3281887471675873
tariff/fixed_base,test,1,7,pv_battery,32.58802795410156,72.0064468383789,-0.4525706470012665
tariff/fixed_base,test,1,8,pv_battery,30.686988830566406,92.32186889648438,-0.33239150047302246
tariff/fixed_base,test,1,9,pv_battery,28.36007308959961,78.94182586669922,-0.35925284028053284
tariff/fixed_base,test,1,10,pv_only,25.23358917236328,82.67589569091797,-0.30521100759506226
tariff/fixed_base,test,1,11,pv_battery,28.21945571899414,92.00402069091797,-0.3067198395729065
tariff/fixed_base,test,1,12,large_flex,26.8714599609375,178.49832153320312,-0.150541752576828
tariff/fixed_base,test,1,13,large_flex,1.8140344619750977,245.25674438476562,-0.007396475411951542
tariff/fixed_base,test,1,14,large_flex,25.36520004272461,217.50503540039062,-0.11661893874406815
tariff/fixed_base,test,1,15,pv_battery,31.0312442779541,86.00672912597656,-0.3608001470565796
tariff/fixed_base,test,1,16,pv_battery,27.499116897583008,79.69620513916016,-0.34504935145378113
tariff/fixed_base,test,1,17,large_flex,24.902523040771484,225.34510803222656,-0.11050837486982346
tariff/fixed_base,test,2,0,tenant,3.0923824310302734,61.47628402709961,-0.05030204728245735
tariff/fixed_base,test,2,1,tenant,3.780597448348999,58.042232513427734,-0.06513532251119614
tariff/fixed_base,test,2,2,tenant,2.2465665340423584,64.21237182617188,-0.03498651459813118
tariff/fixed_base,test,2,3,tenant,1.5860673189163208,68.21656799316406,-0.02325046807527542
tariff/fixed_base,test,2,4,tenant,3.7122373580932617,58.41762161254883,-0.06354650855064392
tariff/fixed_base,test,2,5,tenant,-0.20158016681671143,75.52835083007812,0.002668931381776929
tariff/fixed_base,test,2,6,pv_only,14.581292152404785,80.94506072998047,-0.18013812601566315
tariff/fixed_base,test,2,7,pv_battery,15.843188285827637,84.7945785522461,-0.18684199452400208
tariff/fixed_base,test,2,8,pv_battery,14.730487823486328,88.06771087646484,-0.1672631800174713
tariff/fixed_base,test,2,9,pv_battery,31.1189022064209,91.76109313964844,-0.3391294479370117
tariff/fixed_base,test,2,10,pv_only,26.39667510986328,91.85672760009766,-0.28736788034439087
tariff/fixed_base,test,2,11,pv_battery,31.92050552368164,77.25574493408203,-0.4131799638271332
tariff/fixed_base,test,2,12,large_flex,-2.56024169921875,204.84323120117188,0.01249853614717722
tariff/fixed_base,test,2,13,large_flex,15.14006233215332,181.23695373535156,-0.08353739976882935
tariff/fixed_base,test,2,14,large_flex,-4.031192779541016,205.46482849121094,0.019619880244135857
tariff/fixed_base,test,2,15,pv_battery,32.46249008178711,90.3670425415039,-0.35922926664352417
tariff/fixed_base,test,2,16,pv_battery,34.61945724487305,82.03416442871094,-0.4220126271247864
tariff/fixed_base,test,2,17,large_flex,21.64999008178711,219.12710571289062,-0.09880106896162033
tariff/fixed_base,test,3,0,tenant,2.912597417831421,62.633827209472656,-0.04650198668241501
tariff/fixed_base,test,3,1,tenant,3.787692070007324,59.18191146850586,-0.06400077044963837
tariff/fixed_base,test,3,2,tenant,1.1983836889266968,70.26583862304688,-0.017054973170161247
tariff/fixed_base,test,3,3,tenant,3.021732807159424,61.681739807128906,-0.04898909479379654
tariff/fixed_base,test,3,4,tenant,3.0506432056427,61.75115966796875,-0.04940224438905716
tariff/fixed_base,test,3,5,tenant,2.9668869972229004,62.27299880981445,-0.047643233090639114
tariff/fixed_base,test,3,6,pv_only,16.266496658325195,85.24974822998047,-0.1908099502325058
tariff/fixed_base,test,3,7,pv_battery,19.672256469726562,81.70304107666016,-0.24077759683132172
tariff/fixed_base,test,3,8,pv_battery,21.088804244995117,72.66333770751953,-0.2902261018753052
tariff/fixed_base,test,3,9,pv_battery,21.543594360351562,93.52278137207031,-0.23035672307014465
tariff/fixed_base,test,3,10,pv_only,14.21908950805664,77.6488037109375,-0.18312057852745056
tariff/fixed_base,test,3,11,pv_battery,19.341934204101562,79.91842651367188,-0.2420208603143692
tariff/fixed_base,test,3,12,large_flex,17.20867347717285,216.7044219970703,-0.0794108435511589
tariff/fixed_base,test,3,13,large_flex,25.31041717529297,213.9955596923828,-0.11827539652585983
tariff/fixed_base,test,3,14,large_flex,22.54751968383789,223.9399871826172,-0.10068555921316147
tariff/fixed_base,test,3,15,pv_battery,30.40482521057129,80.59619903564453,-0.37724873423576355
tariff/fixed_base,test,3,16,pv_battery,29.084449768066406,81.26229095458984,-0.3579081892967224
tariff/fixed_base,test,3,17,large_flex,21.68711280822754,207.4656524658203,-0.10453349351882935
tariff/fixed_base,test,4,0,tenant,12.155130386352539,62.15242385864258,-0.19556966423988342
tariff/fixed_base,test,4,1,tenant,12.327917098999023,61.42643737792969,-0.2006939798593521
tariff/fixed_base,test,4,2,tenant,9.728225708007812,72.35894012451172,-0.13444401323795319
tariff/fixed_base,test,4,3,tenant,11.123130798339844,65.97551727294922,-0.1685948520898819
tariff/fixed_base,test,4,4,tenant,11.23786449432373,66.20619201660156,-0.1697404384613037
tariff/fixed_base,test,4,5,tenant,12.443378448486328,60.11405563354492,-0.20699618756771088
tariff/fixed_base,test,4,6,pv_only,22.084928512573242,89.06841278076172,-0.24795463681221008
tariff/fixed_base,test,4,7,pv_battery,31.440673828125,82.7998275756836,-0.3797188997268677
tariff/fixed_base,test,4,8,pv_battery,25.669513702392578,72.0082778930664,-0.35648003220558167
tariff/fixed_base,test,4,9,pv_battery,33.348472595214844,86.46599578857422,-0.38568317890167236
tariff/fixed_base,test,4,10,pv_only,24.766321182250977,76.42791748046875,-0.32404807209968567
tariff/fixed_base,test,4,11,pv_battery,34.42820358276367,76.65846252441406,-0.4491119682788849
tariff/fixed_base,test,4,12,large_flex,26.596328735351562,205.79310607910156,-0.12923820316791534
tariff/fixed_base,test,4,13,large_flex,24.284963607788086,190.24539184570312,-0.1276506930589676
tariff/fixed_base,test,4,14,large_flex,26.403553009033203,204.85440063476562,-0.12888936698436737
tariff/fixed_base,test,4,15,pv_battery,28.765378952026367,89.1939697265625,-0.3225037455558777
tariff/fixed_base,test,4,16,pv_battery,27.283798217773438,86.89279174804688,-0.3139936625957489
tariff/fixed_base,test,4,17,large_flex,24.6597900390625,197.13223266601562,-0.12509265542030334
tariff/fixed_base,test,5,0,tenant,2.421807050704956,65.47962951660156,-0.03698563203215599
tariff/fixed_base,test,5,1,tenant,0.6271038055419922,72.49996948242188,-0.00864971149712801
tariff/fixed_base,test,5,2,tenant,4.308270454406738,56.48336410522461,-0.07627499848604202
tariff/fixed_base,test,5,3,tenant,1.4278128147125244,69.02279663085938,-0.020686093717813492
tariff/fixed_base,test,5,4,tenant,4.293911457061768,56.17674255371094,-0.07643572986125946
tariff/fixed_base,test,5,5,tenant,2.056603193283081,66.93524169921875,-0.03072526678442955
tariff/fixed_base,test,5,6,pv_only,20.598819732666016,81.12821960449219,-0.2539044916629791
tariff/fixed_base,test,5,7,pv_battery,26.276947021484375,95.53137969970703,-0.2750610113143921
tariff/fixed_base,test,5,8,pv_battery,24.74883270263672,90.40953063964844,-0.2737415134906769
tariff/fixed_base,test,5,9,pv_battery,30.492923736572266,77.04638671875,-0.39577364921569824
tariff/fixed_base,test,5,10,pv_only,13.4339017868042,95.9556884765625,-0.14000116288661957
tariff/fixed_base,test,5,11,pv_battery,16.109533309936523,91.12498474121094,-0.1767849326133728
tariff/fixed_base,test,5,12,large_flex,27.848094940185547,209.5968475341797,-0.1328650414943695
tariff/fixed_base,test,5,13,large_flex,8.615584373474121,216.7526397705078,-0.03974847495555878
tariff/fixed_base,test,5,14,large_flex,15.030126571655273,197.72850036621094,-0.07601392269134521
tariff/fixed_base,test,5,15,pv_battery,23.881591796875,79.16350555419922,-0.3016739785671234
tariff/fixed_base,test,5,16,pv_battery,31.743507385253906,88.03372955322266,-0.36058375239372253
tariff/fixed_base,test,5,17,large_flex,16.5518741607666,204.9633026123047,-0.080755315721035
tariff/fixed_base,test,6,0,tenant,7.974452972412109,63.66468048095703,-0.12525711953639984
tariff/fixed_base,test,6,1,tenant,7.791613578796387,64.55371856689453,-0.1206996887922287
tariff/fixed_base,test,6,2,tenant,6.636963844299316,69.72496032714844,-0.09518776088953018
tariff/fixed_base,test,6,3,tenant,8.016481399536133,64.16187286376953,-0.12494154274463654
tariff/fixed_base,test,6,4,tenant,10.0885648727417,54.091068267822266,-0.18651066720485687
tariff/fixed_base,test,6,5,tenant,6.0010223388671875,72.30187225341797,-0.08299953490495682
tariff/fixed_base,test,6,6,pv_only,13.627541542053223,88.91521453857422,-0.15326447784900665
tariff/fixed_base,test,6,7,pv_battery,34.068817138671875,68.42283630371094,-0.49791595339775085
tariff/fixed_base,test,6,8,pv_battery,28.645347595214844,79.10440826416016,-0.3621208071708679
tariff/fixed_base,test,6,9,pv_battery,26.648183822631836,82.94664764404297,-0.3212689757347107
tariff/fixed_base,test,6,10,pv_only,19.627574920654297,83.30595397949219,-0.23560844361782074
tariff/fixed_base,test,6,11,pv_battery,20.885038375854492,77.62564086914062,-0.26904815435409546
tariff/fixed_base,test,6,12,large_flex,26.402002334594727,193.56597900390625,-0.13639797270298004
tariff/fixed_base,test,6,13,large_flex,16.144960403442383,186.5530548095703,-0.08654355257749557
tariff/fixed_base,test,6,14,large_flex,20.79245376586914,198.32691955566406,-0.1048392727971077
tariff/fixed_base,test,6,15,pv_battery,28.95081901550293,92.69847106933594,-0.31231173872947693
tariff/fixed_base,test,6,16,pv_battery,24.214889526367188,90.08251953125,-0.26880788803100586
tariff/fixed_base,test,6,17,large_flex,25.80685806274414,208.28182983398438,-0.12390349805355072
tariff/fixed_base,test,7,0,tenant,11.28293514251709,56.37227249145508,-0.20015031099319458
tariff/fixed_base,test,7,1,tenant,9.652254104614258,64.04303741455078,-0.150715172290802
tariff/fixed_base,test,7,2,tenant,9.93917465209961,62.43913650512695,-0.15918181836605072
tariff/fixed_base,test,7,3,tenant,10.966245651245117,57.86317443847656,-0.18952016532421112
tariff/fixed_base,test,7,4,tenant,9.448599815368652,64.57722473144531,-0.1463148295879364
tariff/fixed_base,test,7,5,tenant,9.753552436828613,63.76203536987305,-0.15296806395053864
tariff/fixed_base,test,7,6,pv_only,24.472366333007812,89.17561340332031,-0.2744288742542267
tariff/fixed_base,test,7,7,pv_battery,24.60714340209961,93.81871032714844,-0.2622838616371155
tariff/fixed_base,test,7,8,pv_battery,25.239688873291016,79.26966094970703,-0.31840282678604126
tariff/fixed_base,test,7,9,pv_battery,29.338443756103516,83.69727325439453,-0.3505305051803589
tariff/fixed_base,test,7,10,pv_only,25.314069747924805,89.58158111572266,-0.2825811207294464
tariff/fixed_base,test,7,11,pv_battery,33.111236572265625,88.0494613647461,-0.3760525584220886
tariff/fixed_base,test,7,12,large_flex,24.531002044677734,192.69558715820312,-0.12730444967746735
tariff/fixed_base,test,7,13,large_flex,24.21714210510254,189.23648071289062,-0.12797293066978455
tariff/fixed_base,test,7,14,large_flex,22.284034729003906,205.96295166015625,-0.10819433629512787
tariff/fixed_base,test,7,15,pv_battery,26.331409454345703,87.1794204711914,-0.3020370602607727
tariff/fixed_base,test,7,16,pv_battery,28.300386428833008,85.78961181640625,-0.3298812806606293
tariff/fixed_base,test,7,17,large_flex,25.499544143676758,207.57110595703125,-0.1228473111987114
tariff/fixed_base,test,8,0,tenant,-2.229193687438965,62.965553283691406,0.035403404384851456
tariff/fixed_base,test,8,1,tenant,-2.572831630706787,64.07431030273438,0.040153868496418
tariff/fixed_base,test,8,2,tenant,-3.0618395805358887,66.06665802001953,0.04634471610188484
tariff/fixed_base,test,8,3,tenant,-4.082553386688232,70.55229187011719,0.05786564573645592
tariff/fixed_base,test,8,4,tenant,-1.6639013290405273,59.791648864746094,0.02782832272350788
tariff/fixed_base,test,8,5,tenant,-3.3672640323638916,67.35026550292969,0.049996279180049896
tariff/fixed_base,test,8,6,pv_only,2.6171376705169678,89.90369415283203,-0.029110444709658623
tariff/fixed_base,test,8,7,pv_battery,29.124786376953125,80.24171447753906,-0.3629629611968994
tariff/fixed_base,test,8,8,pv_battery,14.708646774291992,86.0987319946289,-0.17083463072776794
tariff/fixed_base,test,8,9,pv_battery,20.06308937072754,90.46062469482422,-0.2217882126569748
tariff/fixed_base,test,8,10,pv_only,20.80529022216797,76.1808853149414,-0.2731037437915802
tariff/fixed_base,test,8,11,pv_battery,16.805912017822266,89.7593002319336,-0.18723301589488983
tariff/fixed_base,test,8,12,large_flex,23.15489959716797,182.61277770996094,-0.12679772078990936
tariff/fixed_base,test,8,13,large_flex,33.6993522644043,183.36631774902344,-0.1837816685438156
tariff/fixed_base,test,8,14,large_flex,15.969820022583008,183.66424560546875,-0.08695121854543686
tariff/fixed_base,test,8,15,pv_battery,16.476211547851562,82.60540771484375,-0.1994568556547165
tariff/fixed_base,test,8,16,pv_battery,15.805242538452148,94.55230712890625,-0.16715872287750244
tariff/fixed_base,test,8,17,large_flex,25.798608779907227,202.8647918701172,-0.12717144191265106
tariff/fixed_base,test,9,0,tenant,-8.762945175170898,70.0582046508789,0.12508083879947662
tariff/fixed_base,test,9,1,tenant,-5.51203727722168,55.69179153442383,0.09897397458553314
tariff/fixed_base,test,9,2,tenant,-8.639763832092285,68.88367462158203,0.12542548775672913
tariff/fixed_base,test,9,3,tenant,-7.095285415649414,62.655616760253906,0.1132424995303154
tariff/fixed_base,test,9,4,tenant,-6.695817470550537,61.0221061706543,0.10972773283720016
tariff/fixed_base,test,9,5,tenant,-7.055034160614014,62.020748138427734,0.11375275999307632
tariff/fixed_base,test,9,6,pv_only,19.90029525756836,86.77166748046875,-0.22934085130691528
tariff/fixed_base,test,9,7,pv_battery,24.985565185546875,71.95958709716797,-0.34721627831459045
tariff/fixed_base,test,9,8,pv_battery,12.289517402648926,75.52348327636719,-0.16272446513175964
tariff/fixed_base,test,9,9,pv_battery,39.732444763183594,80.29789733886719,-0.494812935590744
tariff/fixed_base,test,9,10,pv_only,27.211252212524414,91.98482513427734,-0.29582351446151733
tariff/fixed_base,test,9,11,pv_battery,6.119904518127441,93.70648956298828,-0.0653093010187149
tariff/fixed_base,test,9,12,large_flex,-8.234365463256836,238.96209716796875,0.034458860754966736
tariff/fixed_base,test,9,13,large_flex,-10.361910820007324,194.73968505859375,0.05320902541279793
tariff/fixed_base,test,9,14,large_flex,15.357829093933105,201.51390075683594,-0.07621229439973831
tariff/fixed_base,test,9,15,pv_battery,46.977149963378906,95.91413879394531,-0.48978325724601746
tariff/fixed_base,test,9,16,pv_battery,23.92026138305664,87.90290069580078,-0.2721211910247803
tariff/fixed_base,test,9,17,large_flex,13.994640350341797,177.35377502441406,-0.0789080560207367
tariff/fixed_base,test,10,0,tenant,0.010978341102600098,67.41810607910156,-0.00016285637684632093
tariff/fixed_base,test,10,1,tenant,2.2248294353485107,57.790008544921875,-0.038498520851135254
tariff/fixed_base,test,10,2,tenant,1.5229763984680176,60.276390075683594,-0.025266557931900024
tariff/fixed_base,test,10,3,tenant,0.27368807792663574,65.67347717285156,-0.004167411010712385
tariff/fixed_base,test,10,4,tenant,-0.12995755672454834,67.2275619506836,0.0019331000512465835
tariff/fixed_base,test,10,5,tenant,1.536002516746521,60.786712646484375,-0.02526872046291828
tariff/fixed_base,test,10,6,pv_only,24.418859481811523,88.04647827148438,-0.27734050154685974
tariff/fixed_base,test,10,7,pv_battery,19.946414947509766,91.16907501220703,-0.2187848538160324
tariff/fixed_base,test,10,8,pv_battery,26.39985466003418,90.3240966796875,-0.29227912425994873
tariff/fixed_base,test,10,9,pv_battery,8.51408576965332,86.59068298339844,-0.09832556545734406
tariff/fixed_base,test,10,10,pv_only,10.299970626831055,82.48348236083984,-0.12487311661243439
tariff/fixed_base,test,10,11,pv_battery,20.9638614654541,92.20865631103516,-0.22735238075256348
tariff/fixed_base,test,10,12,large_flex,27.87396240234375,228.5016326904297,-0.1219857707619667
tariff/fixed_base,test,10,13,large_flex,19.936275482177734,190.19651794433594,-0.10481934249401093
tariff/fixed_base,test,10,14,large_flex,11.102707862854004,177.0040283203125,-0.062725730240345
tariff/fixed_base,test,10,15,pv_battery,36.07451248168945,83.85359191894531,-0.43020835518836975
tariff/fixed_base,test,10,16,pv_battery,15.404949188232422,84.9761962890625,-0.18128539621829987
tariff/fixed_base,test,10,17,large_flex,22.754474639892578,209.84616088867188,-0.10843401402235031
tariff/fixed_base,test,11,0,tenant,7.711207389831543,72.15080261230469,-0.10687623918056488
tariff/fixed_base,test,11,1,tenant,10.027196884155273,62.132808685302734,-0.16138340532779694
tariff/fixed_base,test,11,2,tenant,8.370102882385254,69.55110168457031,-0.12034457921981812
tariff/fixed_base,test,11,3,tenant,9.354721069335938,64.90348815917969,-0.14413265883922577
tariff/fixed_base,test,11,4,tenant,8.933165550231934,66.502685546875,-0.13432802259922028
tariff/fixed_base,test,11,5,tenant,9.83733081817627,62.70114517211914,-0.15689218044281006
tariff/fixed_base,test,11,6,pv_only,23.11005401611328,85.8766860961914,-0.2691076099872589
tariff/fixed_base,test,11,7,pv_battery,28.220962524414062,84.4786148071289,-0.33406034111976624
tariff/fixed_base,test,11,8,pv_battery,23.805105209350586,94.71376037597656,-0.25133761763572693
tariff/fixed_base,test,11,9,pv_battery,31.174856185913086,86.70022583007812,-0.35957059264183044
tariff/fixed_base,test,11,10,pv_only,17.262344360351562,90.72291564941406,-0.19027554988861084
tariff/fixed_base,test,11,11,pv_battery,31.984622955322266,75.66815185546875,-0.42269617319107056
tariff/fixed_base,test,11,12,large_flex,4.884975433349609,215.45156860351562,-0.02267322689294815
tariff/fixed_base,test,11,13,large_flex,23.618492126464844,230.04476928710938,-0.10266906023025513
tariff/fixed_base,test,11,14,large_flex,25.581892013549805,221.48182678222656,-0.11550330370664597
tariff/fixed_base,test,11,15,pv_battery,31.83486557006836,79.61206817626953,-0.3998749852180481
tariff/fixed_base,test,11,16,pv_battery,27.920564651489258,91.61184692382812,-0.3047701418399811
tariff/fixed_base,test,11,17,large_flex,26.800155639648438,184.9727020263672,-0.14488697052001953
tariff/fixed_base,test,12,0,tenant,0.3262777328491211,61.44271469116211,-0.0053102849051356316
tariff/fixed_base,test,12,1,tenant,0.7635389566421509,59.79969787597656,-0.012768269516527653
tariff/fixed_base,test,12,2,tenant,-0.5771505832672119,65.94331359863281,0.008752239868044853
tariff/fixed_base,test,12,3,tenant,-1.4723073244094849,69.69342803955078,0.02112549915909767
tariff/fixed_base,test,12,4,tenant,0.24687910079956055,61.78516387939453,-0.003995755221694708
tariff/fixed_base,test,12,5,tenant,-0.8232496976852417,67.02764892578125,0.012282227165997028
tariff/fixed_base,test,12,6,pv_only,13.073957443237305,82.48181915283203,-0.15850718319416046
tariff/fixed_base,test,12,7,pv_battery,29.8662109375,86.35420989990234,-0.34585684537887573
tariff/fixed_base,test,12,8,pv_battery,28.34154510498047,73.18670654296875,-0.38724997639656067
tariff/fixed_base,test,12,9,pv_battery,11.06186294555664,83.92576599121094,-0.13180533051490784
tariff/fixed_base,test,12,10,pv_only,25.937652587890625,93.49021911621094,-0.27743685245513916
tariff/fixed_base,test,12,11,pv_battery,34.87953186035156,92.68009948730469,-0.37634310126304626
tariff/fixed_base,test,12,12,large_flex,17.829641342163086,198.4273223876953,-0.08985476195812225
tariff/fixed_base,test,12,13,large_flex,13.255670547485352,195.70989990234375,-0.06773124635219574
tariff/fixed_base,test,12,14,large_flex,1.295396327972412,230.02713012695312,-0.005631491541862488
tariff/fixed_base,test,12,15,pv_battery,10.788034439086914,83.97183227539062,-0.12847204506397247
tariff/fixed_base,test,12,16,pv_battery,12.729158401489258,93.6460952758789,-0.13592837750911713
tariff/fixed_base,test,12,17,large_flex,23.6751708984375,205.8638153076172,-0.11500408500432968
tariff/fixed_base,test,13,0,tenant,4.116552829742432,65.24479675292969,-0.06309396773576736
tariff/fixed_base,test,13,1,tenant,2.9971346855163574,69.55045318603516,-0.04309292137622833
tariff/fixed_base,test,13,2,tenant,5.913228988647461,56.62065124511719,-0.10443583130836487
tariff/fixed_base,test,13,3,tenant,3.511176109313965,68.10638427734375,-0.051554229110479355
tariff/fixed_base,test,13,4,tenant,4.571455478668213,62.777862548828125,-0.0728195309638977
tariff/fixed_base,test,13,5,tenant,3.6660752296447754,67.26835632324219,-0.05449927598237991
tariff/fixed_base,test,13,6,pv_only,6.228322982788086,94.4789810180664,-0.0659228265285492
tariff/fixed_base,test,13,7,pv_battery,26.529624938964844,77.69390106201172,-0.3414636552333832
tariff/fixed_base,test,13,8,pv_battery,29.015644073486328,75.55756378173828,-0.3840205669403076
tariff/fixed_base,test,13,9,pv_battery,15.383489608764648,85.7825927734375,-0.17933107912540436
tariff/fixed_base,test,13,10,pv_only,22.081378936767578,79.85309600830078,-0.27652496099472046
tariff/fixed_base,test,13,11,pv_battery,27.775348663330078,81.53446960449219,-0.34065771102905273
tariff/fixed_base,test,13,12,large_flex,20.604276657104492,209.47874450683594,-0.09835977852344513
tariff/fixed_base,test,13,13,large_flex,28.143903732299805,191.4552459716797,-0.14699992537498474
tariff/fixed_base,test,13,14,large_flex,22.07689666748047,195.6560821533203,-0.11283523589372635
tariff/fixed_base,test,13,15,pv_battery,18.719511032104492,81.54383850097656,-0.2295638471841812
tariff/fixed_base,test,13,16,pv_battery,27.832609176635742,75.5238037109375,-0.36852750182151794
tariff/fixed_base,test,13,17,large_flex,23.724563598632812,235.9943084716797,-0.100530244410038
tariff/fixed_base,test,14,0,tenant,7.750676155090332,64.54833984375,-0.12007558345794678
tariff/fixed_base,test,14,1,tenant,10.128785133361816,54.62171173095703,-0.18543514609336853
tariff/fixed_base,test,14,2,tenant,6.300759315490723,71.51648712158203,-0.08810217678546906
tariff/fixed_base,test,14,3,tenant,8.335662841796875,63.19842529296875,-0.1318967193365097
tariff/fixed_base,test,14,4,tenant,7.011204242706299,67.76394653320312,-0.10346507281064987
tariff/fixed_base,test,14,5,tenant,7.519867897033691,65.76097106933594,-0.11435151845216751
tariff/fixed_base,test,14,6,pv_only,13.573509216308594,81.26487731933594,-0.16702793538570404
tariff/fixed_base,test,14,7,pv_battery,29.656593322753906,89.22527313232422,-0.3323788344860077
tariff/fixed_base,test,14,8,pv_battery,31.46370506286621,70.50829315185547,-0.44624119997024536
tariff/fixed_base,test,14,9,pv_battery,28.338592529296875,76.63369750976562,-0.3697928488254547
tariff/fixed_base,test,14,10,pv_only,24.17847442626953,84.27347564697266,-0.28690487146377563
tariff/fixed_base,test,14,11,pv_battery,29.01678466796875,94.81993103027344,-0.30601993203163147
tariff/fixed_base,test,14,12,large_flex,16.205036163330078,196.6439208984375,-0.08240804076194763
tariff/fixed_base,test,14,13,large_flex,23.10146713256836,204.53672790527344,-0.11294536292552948
tariff/fixed_base,test,14,14,large_flex,20.538619995117188,219.083740234375,-0.0937478244304657
tariff/fixed_base,test,14,15,pv_battery,29.810527801513672,77.27157592773438,-0.3857889771461487
tariff/fixed_base,test,14,16,pv_battery,23.191436767578125,78.55946350097656,-0.2952086329460144
tariff/fixed_base,test,14,17,large_flex,17.49405288696289,223.69619750976562,-0.07820448279380798
tariff/fixed_base,test,15,0,tenant,-0.2000255584716797,74.6938247680664,0.002677934942767024
tariff/fixed_base,test,15,1,tenant,1.8688067197799683,65.07762908935547,-0.028716588392853737
tariff/fixed_base,test,15,2,tenant,2.4590935707092285,62.6085205078125,-0.039277318865060806
tariff/fixed_base,test,15,3,tenant,2.442136287689209,62.717777252197266,-0.03893839940428734
tariff/fixed_base,test,15,4,tenant,3.4502551555633545,58.54052734375,-0.05893788859248161
tariff/fixed_base,test,15,5,tenant,2.4722418785095215,62.90364074707031,-0.039302051067352295
tariff/fixed_base,test,15,6,pv_only,14.019084930419922,89.89776611328125,-0.15594477951526642
tariff/fixed_base,test,15,7,pv_battery,17.175220489501953,97.54315948486328,-0.17607814073562622
tariff/fixed_base,test,15,8,pv_battery,32.16523742675781,72.86759948730469,-0.44142019748687744
tariff/fixed_base,test,15,9,pv_battery,14.02633285522461,86.77117156982422,-0.16164740920066833
tariff/fixed_base,test,15,10,pv_only,16.60674285888672,75.73419952392578,-0.21927674114704132
tariff/fixed_base,test,15,11,pv_battery,36.434139251708984,92.31656646728516,-0.3946654796600342
tariff/fixed_base,test,15,12,large_flex,15.66757583618164,210.69766235351562,-0.0743604525923729
tariff/fixed_base,test,15,13,large_flex,20.607500076293945,199.19363403320312,-0.1034546047449112
tariff/fixed_base,test,15,14,large_flex,24.353546142578125,219.95989990234375,-0.11071810126304626
tariff/fixed_base,test,15,15,pv_battery,25.167482376098633,102.40504455566406,-0.24576397240161896
tariff/fixed_base,test,15,16,pv_battery,25.503652572631836,84.61502075195312,-0.301408052444458
tariff/fixed_base,test,15,17,large_flex,20.24698257446289,209.6678466796875,-0.09656693786382675
tariff/fixed_base,test,16,0,tenant,6.0164899826049805,67.2093505859375,-0.08951862156391144
tariff/fixed_base,test,16,1,tenant,8.75350570678711,54.931549072265625,-0.15935294330120087
tariff/fixed_base,test,16,2,tenant,5.883737564086914,67.35568237304688,-0.08735324442386627
tariff/fixed_base,test,16,3,tenant,7.225827693939209,62.17927551269531,-0.11620959639549255
tariff/fixed_base,test,16,4,tenant,8.009462356567383,58.209693908691406,-0.13759666681289673
tariff/fixed_base,test,16,5,tenant,8.105143547058105,57.75937271118164,-0.14032599329948425
tariff/fixed_base,test,16,6,pv_only,24.0264835357666,90.48619079589844,-0.26552659273147583
tariff/fixed_base,test,16,7,pv_battery,23.89031219482422,92.22779846191406,-0.2590360939502716
tariff/fixed_base,test,16,8,pv_battery,21.611068725585938,82.8550033569336,-0.2608298361301422
tariff/fixed_base,test,16,9,pv_battery,24.49546241760254,94.79684448242188,-0.2583993673324585
tariff/fixed_base,test,16,10,pv_only,18.33460235595703,98.70648193359375,-0.18574880063533783
tariff/fixed_base,test,16,11,pv_battery,27.727643966674805,91.78948211669922,-0.3020787537097931
tariff/fixed_base,test,16,12,large_flex,18.095176696777344,220.208740234375,-0.08217282593250275
tariff/fixed_base,test,16,13,large_flex,10.408554077148438,186.87705993652344,-0.05569733306765556
tariff/fixed_base,test,16,14,large_flex,22.661693572998047,204.80606079101562,-0.110649473965168
tariff/fixed_base,test,16,15,pv_battery,28.459857940673828,85.46842956542969,-0.3329867422580719
tariff/fixed_base,test,16,16,pv_battery,33.4410514831543,73.39588165283203,-0.45562583208084106
tariff/fixed_base,test,16,17,large_flex,18.250869750976562,205.97467041015625,-0.0886073186993599
tariff/fixed_base,test,17,0,tenant,9.128665924072266,62.53596496582031,-0.1459747701883316
tariff/fixed_base,test,17,1,tenant,10.192474365234375,58.3036994934082,-0.17481699585914612
tariff/fixed_base,test,17,2,tenant,11.016361236572266,53.944068908691406,-0.2042180448770523
tariff/fixed_base,test,17,3,tenant,8.672441482543945,65.78950500488281,-0.13182108104228973
tariff/fixed_base,test,17,4,tenant,10.041901588439941,58.92573165893555,-0.17041616141796112
tariff/fixed_base,test,17,5,tenant,8.990628242492676,63.63812255859375,-0.14127740263938904
tariff/fixed_base,test,17,6,pv_only,22.566932678222656,76.66487121582031,-0.29435840249061584
tariff/fixed_base,test,17,7,pv_battery,31.520442962646484,85.16590118408203,-0.3701065182685852
tariff/fixed_base,test,17,8,pv_battery,28.66210174560547,74.32852935791016,-0.3856137990951538
tariff/fixed_base,test,17,9,pv_battery,31.754098892211914,82.66796875,-0.3841160237789154
tariff/fixed_base,test,17,10,pv_only,21.77399444580078,80.77920532226562,-0.2695494592189789
tariff/fixed_base,test,17,11,pv_battery,26.004390716552734,89.17574310302734,-0.29160815477371216
tariff/fixed_base,test,17,12,large_flex,23.475112915039062,216.91053771972656,-0.10822485387325287
tariff/fixed_base,test,17,13,large_flex,22.646339416503906,195.1348419189453,-0.11605484038591385
tariff/fixed_base,test,17,14,large_flex,22.864805221557617,230.5649871826172,-0.09916851669549942
tariff/fixed_base,test,17,15,pv_battery,33.81875228881836,81.8302001953125,-0.4132795035839081
tariff/fixed_base,test,17,16,pv_battery,24.556995391845703,93.58142852783203,-0.262412965297699
tariff/fixed_base,test,17,17,large_flex,21.483718872070312,221.88687133789062,-0.09682276099920273
tariff/fixed_base,test,18,0,tenant,10.609708786010742,62.71976852416992,-0.169160395860672
tariff/fixed_base,test,18,1,tenant,10.573253631591797,63.05696105957031,-0.1676778793334961
tariff/fixed_base,test,18,2,tenant,10.093050003051758,65.02294158935547,-0.15522292256355286
tariff/fixed_base,test,18,3,tenant,10.673821449279785,61.90911865234375,-0.1724110245704651
tariff/fixed_base,test,18,4,tenant,11.579877853393555,58.7082405090332,-0.1972445249557495
tariff/fixed_base,test,18,5,tenant,8.714265823364258,70.38614654541016,-0.12380653619766235
tariff/fixed_base,test,18,6,pv_only,10.333205223083496,88.58834075927734,-0.11664289236068726
tariff/fixed_base,test,18,7,pv_battery,28.885147094726562,88.0772476196289,-0.32795247435569763
tariff/fixed_base,test,18,8,pv_battery,26.29448699951172,79.63179016113281,-0.33020082116127014
tariff/fixed_base,test,18,9,pv_battery,29.523845672607422,78.36991119384766,-0.376723974943161
tariff/fixed_base,test,18,10,pv_only,25.58917236328125,73.76455688476562,-0.34690332412719727
tariff/fixed_base,test,18,11,pv_battery,27.265771865844727,81.8764419555664,-0.33301129937171936
tariff/fixed_base,test,18,12,large_flex,26.828819274902344,193.24049377441406,-0.13883639872074127
tariff/fixed_base,test,18,13,large_flex,24.166961669921875,201.227294921875,-0.1200978010892868
tariff/fixed_base,test,18,14,large_flex,25.43154525756836,223.53965759277344,-0.11376751214265823
tariff/fixed_base,test,18,15,pv_battery,32.48133087158203,85.72362518310547,-0.37890756130218506
tariff/fixed_base,test,18,16,pv_battery,29.829999923706055,85.09390258789062,-0.35055381059646606
tariff/fixed_base,test,18,17,large_flex,13.418732643127441,197.70721435546875,-0.06787174940109253
tariff/fixed_base,test,19,0,tenant,-0.3205951452255249,68.8856201171875,0.004654024727642536
tariff/fixed_base,test,19,1,tenant,1.794118046760559,59.58950424194336,-0.03010794334113598
tariff/fixed_base,test,19,2,tenant,1.8247785568237305,59.54359436035156,-0.030646106228232384
tariff/fixed_base,test,19,3,tenant,1.9760856628417969,59.20698928833008,-0.03337588533759117
tariff/fixed_base,test,19,4,tenant,1.5373399257659912,60.636199951171875,-0.02535349130630493
tariff/fixed_base,test,19,5,tenant,3.252288579940796,53.75758361816406,-0.060499146580696106
tariff/fixed_base,test,19,6,pv_only,19.753177642822266,87.54927062988281,-0.22562363743782043
tariff/fixed_base,test,19,7,pv_battery,36.367774963378906,80.59639739990234,-0.45123305916786194
tariff/fixed_base,test,19,8,pv_battery,17.205720901489258,78.52198028564453,-0.21911968290805817
tariff/fixed_base,test,19,9,pv_battery,17.124990463256836,99.76522827148438,-0.1716528832912445
tariff/fixed_base,test,19,10,pv_only,26.682430267333984,84.8145980834961,-0.3145972490310669
tariff/fixed_base,test,19,11,pv_battery,22.544099807739258,88.55309295654297,-0.2545829713344574
tariff/fixed_base,test,19,12,large_flex,18.22759246826172,218.55615234375,-0.08339998126029968
tariff/fixed_base,test,19,13,large_flex,21.252586364746094,223.74447631835938,-0.0949859544634819
tariff/fixed_base,test,19,14,large_flex,14.620442390441895,204.47276306152344,-0.07150310277938843
tariff/fixed_base,test,19,15,pv_battery,15.982906341552734,73.83027648925781,-0.21648181974887848
tariff/fixed_base,test,19,16,pv_battery,18.652870178222656,86.82530975341797,-0.2148321568965912
tariff/fixed_base,test,19,17,large_flex,30.3483943939209,187.8963623046875,-0.16151656210422516
tariff/tuned_base,test,0,0,tenant,-9.440272331237793,72.69613647460938,0.1298593133687973
tariff/tuned_base,test,0,1,tenant,-8.60838794708252,69.583251953125,0.12371351569890976
tariff/tuned_base,test,0,2,tenant,-7.190738677978516,62.99239730834961,0.11415253579616547
tariff/tuned_base,test,0,3,tenant,-6.215916633605957,58.74997329711914,0.10580288618803024
tariff/tuned_base,test,0,4,tenant,-9.001289367675781,71.63943481445312,0.12564712762832642
tariff/tuned_base,test,0,5,tenant,-7.325285911560059,64.07042694091797,0.11433188617229462
tariff/tuned_base,test,0,6,pv_only,27.04257583618164,81.1683578491211,-0.3331664204597473
tariff/tuned_base,test,0,7,pv_battery,15.068191528320312,84.80936431884766,-0.17767132818698883
tariff/tuned_base,test,0,8,pv_battery,9.519686698913574,87.64793395996094,-0.10861276835203171
tariff/tuned_base,test,0,9,pv_battery,1.775876522064209,78.14643096923828,-0.022724978625774384
tariff/tuned_base,test,0,10,pv_only,26.854347229003906,82.98085021972656,-0.32362112402915955
tariff/tuned_base,test,0,11,pv_battery,15.183904647827148,87.82832336425781,-0.1728816032409668
tariff/tuned_base,test,0,12,large_flex,33.72928237915039,163.15771484375,-0.20672816038131714
tariff/tuned_base,test,0,13,large_flex,-4.331681728363037,212.27325439453125,0.020406149327754974
tariff/tuned_base,test,0,14,large_flex,20.079607009887695,196.89239501953125,-0.10198268294334412
tariff/tuned_base,test,0,15,pv_battery,44.08119201660156,83.90279388427734,-0.5253838300704956
tariff/tuned_base,test,0,16,pv_battery,13.59664535522461,81.3831787109375,-0.1670694500207901
tariff/tuned_base,test,0,17,large_flex,28.904865264892578,200.39971923828125,-0.14423611760139465
tariff/tuned_base,test,1,0,tenant,11.612947463989258,54.457115173339844,-0.21324944496154785
tariff/tuned_base,test,1,1,tenant,8.493671417236328,68.22596740722656,-0.12449324876070023
tariff/tuned_base,test,1,2,tenant,11.43484878540039,55.17155075073242,-0.20725974440574646
tariff/tuned_base,test,1,3,tenant,9.938525199890137,61.46684646606445,-0.16168928146362305
tariff/tuned_base,test,1,4,tenant,11.397686004638672,55.16480255126953,-0.2066115438938141
tariff/tuned_base,test,1,5,tenant,9.841361045837402,62.23639678955078,-0.15812872350215912
tariff/tuned_base,test,1,6,pv_only,24.58583641052246,74.15965270996094,-0.3315259516239166
tariff/tuned_base,test,1,7,pv_battery,34.966922760009766,72.0064468383789,-0.4856083393096924
tariff/tuned_base,test,1,8,pv_battery,34.63482666015625,92.32186889648438,-0.37515297532081604
tariff/tuned_base,test,1,9,pv_battery,29.907405853271484,78.94181823730469,-0.37885385751724243
tariff/tuned_base,test,1,10,pv_only,25.764060974121094,82.67589569091797,-0.3116275668144226
tariff/tuned_base,test,1,11,pv_battery,30.383832931518555,92.00402069091797,-0.33024460077285767
tariff/tuned_base,test,1,12,large_flex,28.572317123413086,178.49832153320312,-0.1600705087184906
tariff/tuned_base,test,1,13,large_flex,-3.199716329574585,245.25674438476562,0.013046389445662498
tariff/tuned_base,test,1,14,large_flex,28.680194854736328,217.50503540039062,-0.13185998797416687
tariff/tuned_base,test,1,15,pv_battery,34.86372756958008,86.0067138671875,-0.4053604006767273
tariff/tuned_base,test,1,16,pv_battery,30.303096771240234,79.69620513916016,-0.38023269176483154
tariff/tuned_base,test,1,17,large_flex,27.62180519104004,225.34510803222656,-0.122575543820858
tariff/tuned_base,test,2,0,tenant,0.5896755456924438,61.47628402709961,-0.00959192868322134
tariff/tuned_base,test,2,1,tenant,1.2815213203430176,58.042232513427734,-0.02207908406853676
tariff/tuned_base,test,2,2,tenant,-0.2588071823120117,64.21237182617188,0.004030474927276373
tariff/tuned_base,test,2,3,tenant,-0.9095969200134277,68.21656799316406,0.013333960436284542
tariff/tuned_base,test,2,4,tenant,1.2119431495666504,58.41762161254883,-0.020746206864714622
tariff/tuned_base,test,2,5,tenant,-2.697303533554077,75.52835083007812,0.035712458193302155
tariff/tuned_base,test,2,6,pv_only,14.243826866149902,80.94506072998047,-0.17596909403800964
tariff/tuned_base,test,2,7,pv_battery,15.572919845581055,84.7945785522461,-0.18365468084812164
tariff/tuned_base,test,2,8,pv_battery,13.312458992004395,88.06771087646484,-0.15116162598133087
tariff/tuned_base,test,2,9,pv_battery,36.008331298828125,91.76107788085938,-0.3924139142036438
tariff/tuned_base,test,2,10,pv_only,27.978973388671875,91.85672760009766,-0.30459359288215637
tariff/tuned_base,test,2,11,pv_battery,37.020530700683594,77.25574493408203,-0.47919443249702454
tariff/tuned_base,test,2,12,large_flex,-5.293314456939697,204.84323120117188,0.025840792804956436
tariff/tuned_base,test,2,13,large_flex,16.204280853271484,181.23695373535156,-0.08940935134887695
tariff/tuned_base,test,2,14,large_flex,-7.9508209228515625,205.46482849121094,0.03869673237204552
tariff/tuned_base,test,2,15,pv_battery,38.15398025512695,90.36703491210938,-0.42221105098724365
tariff/tuned_base,test,2,16,pv_battery,39.93165969848633,82.03416442871094,-0.48676836490631104
tariff/tuned_base,test,2,17,large_flex,28.377460479736328,219.12709045410156,-0.1295023113489151
tariff/tuned_base,test,3,0,tenant,-0.2478867471218109,62.633827209472656,0.003957708366215229
tariff/tuned_base,test,3,1,tenant,0.6301276683807373,59.18191146850586,-0.010647298768162727
tariff/tuned_base,test,3,2,tenant,-1.9587554931640625,70.26583862304688,0.027876367792487144
tariff/tuned_base,test,3,3,tenant,-0.13669729232788086,61.681739807128906,0.0022161563392728567
tariff/tuned_base,test,3,4,tenant,-0.11204367876052856,61.75115966796875,0.001814445247873664
tariff/tuned_base,test,3,5,tenant,-0.20197200775146484,62.27299880981445,0.0032433357555419207
tariff/tuned_base,test,3,6,pv_only,16.505477905273438,85.24974822998047,-0.19361327588558197
tariff/tuned_base,test,3,7,pv_battery,19.885360717773438,81.70303344726562,-0.24338576197624207
tariff/tuned_base,test,3,8,pv_battery,21.38858413696289,72.66333770751953,-0.2943517863750458
tariff/tuned_base,test,3,9,pv_battery,23.228788375854492,93.5228042602539,-0.24837568402290344
tariff/tuned_base,test,3,10,pv_only,13.540451049804688,77.6488037109375,-0.17438073456287384
tariff/tuned_base,test,3,11,pv_battery,18.034021377563477,79.91842651367188,-0.2256554365158081
tariff/tuned_base,test,3,12,large_flex,14.819146156311035,216.7044219970703,-0.06838417053222656
tariff/tuned_base,test,3,13,large_flex,32.95588302612305,213.99559020996094,-0.15400265157222748
tariff/tuned_base,test,3,14,large_flex,28.890657424926758,223.9399871826172,-0.12901076674461365
tariff/tuned_base,test,3,15,pv_battery,34.086524963378906,80.5962142944336,-0.42292946577072144
tariff/tuned_base,test,3,16,pv_battery,33.57765579223633,81.26229095458984,-0.41320112347602844
tariff/tuned_base,test,3,17,large_flex,26.612995147705078,207.4656524658203,-0.12827664613723755
tariff/tuned_base,test,4,0,tenant,10.245033264160156,62.15242385864258,-0.16483727097511292
tariff/tuned_base,test,4,1,tenant,10.42049789428711,61.42643737792969,-0.16964179277420044
tariff/tuned_base,test,4,2,tenant,7.823166847229004,72.35894012451172,-0.10811609029769897
tariff/tuned_base,test,4,3,tenant,9.213482856750488,65.97551727294922,-0.13965007662773132
tariff/tuned_base,test,4,4,tenant,9.332087516784668,66.20619201660156,-0.14095492660999298
tariff/tuned_base,test,4,5,tenant,10.534595489501953,60.11405563354492,-0.17524343729019165
tariff/tuned_base,test,4,6,pv_only,22.009672164916992,89.06841278076172,-0.24710971117019653
tariff/tuned_base,test,4,7,pv_battery,33.03630828857422,82.79981231689453,-0.3989899158477783
tariff/tuned_base,test,4,8,pv_battery,24.659448623657227,72.00828552246094,-0.3424530029296875
tariff/tuned_base,test,4,9,pv_battery,35.881439208984375,86.46598815917969,-0.4149772822856903
tariff/tuned_base,test,4,10,pv_only,24.180599212646484,76.42791748046875,-0.31638431549072266
tariff/tuned_base,test,4,11,pv_battery,36.2171630859375,76.65846252441406,-0.47244852781295776
tariff/tuned_base,test,4,12,large_flex,32.455284118652344,205.79310607910156,-0.1577083319425583
tariff/tuned_base,test,4,13,large_flex,26.525054931640625,190.24539184570312,-0.1394253969192505
tariff/tuned_base,test,4,14,large_flex,31.148515701293945,204.8544158935547,-0.1520518809556961
tariff/tuned_base,test,4,15,pv_battery,31.146339416503906,89.1939697265625,-0.3491978347301483
tariff/tuned_base,test,4,16,pv_battery,27.765825271606445,86.89279174804688,-0.3195410370826721
tariff/tuned_base,test,4,17,large_flex,25.726537704467773,197.13223266601562,-0.13050402700901031
tariff/tuned_base,test,5,0,tenant,-0.6791437268257141,65.47962951660156,0.010371837764978409
tariff/tuned_base,test,5,1,tenant,-2.4677202701568604,72.49996948242188,0.03403753414750099
tariff/tuned_base,test,5,2,tenant,1.2023015022277832,56.48336410522461,-0.021285932511091232
tariff/tuned_base,test,5,3,tenant,-1.6776337623596191,69.02279663085938,0.024305522441864014
tariff/tuned_base,test,5,4,tenant,1.1892473697662354,56.17674255371094,-0.02116975374519825
tariff/tuned_base,test,5,5,tenant,-1.043870210647583,66.93524169921875,0.01559521909803152
tariff/tuned_base,test,5,6,pv_only,22.805015563964844,81.12821960449219,-0.2810986340045929
tariff/tuned_base,test,5,7,pv_battery,31.159908294677734,95.53137969970703,-0.3261744976043701
tariff/tuned_base,test,5,8,pv_battery,28.497352600097656,90.40953063964844,-0.3152029514312744
tariff/tuned_base,test,5,9,pv_battery,35.56227111816406,77.04638671875,-0.461569607257843
tariff/tuned_base,test,5,10,pv_only,13.358135223388672,95.9556884765625,-0.139211505651474
tariff/tuned_base,test,5,11,pv_battery,13.802373886108398,91.12498474121094,-0.15146632492542267
tariff/tuned_base,test,5,12,large_flex,37.2498664855957,209.5968475341797,-0.1777215152978897
tariff/tuned_base,test,5,13,large_flex,6.430357456207275,216.7526397705078,-0.02966679260134697
tariff/tuned_base,test,5,14,large_flex,11.50584602355957,197.72850036621094,-0.058190133422613144
tariff/tuned_base,test,5,15,pv_battery,26.426239013671875,79.16350555419922,-0.33381837606430054
tariff/tuned_base,test,5,16,pv_battery,38.952171325683594,88.03372955322266,-0.4424685835838318
tariff/tuned_base,test,5,17,large_flex,12.79615592956543,204.9633026123047,-0.06243148073554039
tariff/tuned_base,test,6,0,tenant,5.2264509201049805,63.66468048095703,-0.08209343254566193
tariff/tuned_base,test,6,1,tenant,5.045290470123291,64.55371856689453,-0.07815643399953842
tariff/tuned_base,test,6,2,tenant,3.8930587768554688,69.72496032714844,-0.055834513157606125
tariff/tuned_base,test,6,3,tenant,5.279767990112305,64.16187286376953,-0.08228825032711029
tariff/tuned_base,test,6,4,tenant,7.335088729858398,54.091068267822266,-0.13560621440410614
tariff/tuned_base,test,6,5,tenant,3.266079902648926,72.30187225341797,-0.045172832906246185
tariff/tuned_base,test,6,6,pv_only,12.424055099487305,88.91521453857422,-0.13972923159599304
tariff/tuned_base,test,6,7,pv_battery,38.97978210449219,68.42283630371094,-0.5696896910667419
tariff/tuned_base,test,6,8,pv_battery,31.342315673828125,79.1043930053711,-0.3962148129940033
tariff/tuned_base,test,6,9,pv_battery,29.354328155517578,82.94664764404297,-0.3538941442966461
tariff/tuned_base,test,6,10,pv_only,19.144636154174805,83.30595397949219,-0.22981120645999908
tariff/tuned_base,test,6,11,pv_battery,17.795368194580078,77.62564086914062,-0.22924603521823883
tariff/tuned_base,test,6,12,large_flex,32.566619873046875,193.56597900390625,-0.1682455986738205
tariff/tuned_base,test,6,13,large_flex,13.289982795715332,186.5530548095703,-0.07123968005180359
tariff/tuned_base,test,6,14,large_flex,22.116539001464844,198.326904296875,-0.1115155965089798
tariff/tuned_base,test,6,15,pv_battery,33.43043899536133,92.698486328125,-0.3606362044811249
tariff/tuned_base,test,6,16,pv_battery,26.900135040283203,90.08251953125,-0.2986166477203369
tariff/tuned_base,test,6,17,large_flex,31.859283447265625,208.2818603515625,-0.1529623121023178
tariff/tuned_base,test,7,0,tenant,8.979947090148926,56.37227249145508,-0.15929725766181946
tariff/tuned_base,test,7,1,tenant,7.349106788635254,64.04303741455078,-0.11475261300802231
tariff/tuned_base,test,7,2,tenant,7.6356096267700195,62.43913650512695,-0.1222887635231018
tariff/tuned_base,test,7,3,tenant,8.662367820739746,57.86317443847656,-0.149704247713089
tariff/tuned_base,test,7,4,tenant,7.145866394042969,64.57722473144531,-0.11065612733364105
tariff/tuned_base,test,7,5,tenant,7.451477527618408,63.76203536987305,-0.11686378717422485
tariff/tuned_base,test,7,6,pv_only,24.93943214416504,89.17561340332031,-0.27966663241386414
tariff/tuned_base,test,7,7,pv_battery,25.927764892578125,93.81871032714844,-0.2763601243495941
tariff/tuned_base,test,7,8,pv_battery,25.902587890625,79.26966094970703,-0.326765239238739
tariff/tuned_base,test,7,9,pv_battery,31.787307739257812,83.69727325439453,-0.3797890543937683
tariff/tuned_base,test,7,10,pv_only,25.890270233154297,89.58158111572266,-0.28901323676109314
tariff/tuned_base,test,7,11,pv_battery,37.39299011230469,88.0494613647461,-0.4246816337108612
tariff/tuned_base,test,7,12,large_flex,27.970874786376953,192.69558715820312,-0.14515575766563416
tariff/tuned_base,test,7,13,large_flex,23.812206268310547,189.23648071289062,-0.12583306431770325
tariff/tuned_base,test,7,14,large_flex,19.901363372802734,205.96295166015625,-0.09662585705518723
tariff/tuned_base,test,7,15,pv_battery,27.754690170288086,87.1794204711914,-0.3183630406856537
tariff/tuned_base,test,7,16,pv_battery,30.48818016052246,85.78961181640625,-0.355383038520813
tariff/tuned_base,test,7,17,large_flex,30.03331756591797,207.57110595703125,-0.1446893960237503
tariff/tuned_base,test,8,0,tenant,-5.365531921386719,62.965553283691406,0.08521375805139542
tariff/tuned_base,test,8,1,tenant,-5.71217155456543,64.07431030273438,0.08914916962385178
tariff/tuned_base,test,8,2,tenant,-6.197415351867676,66.06665802001953,0.09380552917718887
tariff/tuned_base,test,8,3,tenant,-7.216440200805664,70.55229187011719,0.10228501260280609
tariff/tuned_base,test,8,4,tenant,-4.803312301635742,59.791648864746094,0.08033419400453568
tariff/tuned_base,test,8,5,tenant,-6.506141662597656,67.35026550292969,0.09660154581069946
tariff/tuned_base,test,8,6,pv_only,0.15149885416030884,89.90369415283203,-0.0016851151594892144
tariff/tuned_base,test,8,7,pv_battery,33.129730224609375,80.24170684814453,-0.4128740131855011
tariff/tuned_base,test,8,8,pv_battery,13.49376106262207,86.0987319946289,-0.15672436356544495
tariff/tuned_base,test,8,9,pv_battery,23.090885162353516,90.46062469482422,-0.25525909662246704
tariff/tuned_base,test,8,10,pv_only,22.480857849121094,76.1808853149414,-0.29509833455085754
tariff/tuned_base,test,8,11,pv_battery,14.59493350982666,89.7593002319336,-0.16260068118572235
tariff/tuned_base,test,8,12,large_flex,28.364843368530273,182.61277770996094,-0.15532784163951874
tariff/tuned_base,test,8,13,large_flex,41.936309814453125,183.36631774902344,-0.22870247066020966
tariff/tuned_base,test,8,14,large_flex,18.36081314086914,183.66424560546875,-0.09996946901082993
tariff/tuned_base,test,8,15,pv_battery,16.342914581298828,82.60541534423828,-0.1978432536125183
tariff/tuned_base,test,8,16,pv_battery,15.916770935058594,94.55230712890625,-0.168338343501091
tariff/tuned_base,test,8,17,large_flex,29.58495330810547,202.8647918701172,-0.14583587646484375
tariff/tuned_base,test,9,0,tenant,-10.21058464050293,70.0582046508789,0.14574430882930756
tariff/tuned_base,test,9,1,tenant,-6.962371826171875,55.69179153442383,0.12501604855060577
tariff/tuned_base,test,9,2,tenant,-10.081375122070312,68.88367462158203,0.146353617310524
tariff/tuned_base,test,9,3,tenant,-8.544754028320312,62.655616760253906,0.13637645542621613
tariff/tuned_base,test,9,4,tenant,-8.144272804260254,61.0221061706543,0.1334642916917801
tariff/tuned_base,test,9,5,tenant,-8.50378704071045,62.020748138427734,0.13711199164390564
tariff/tuned_base,test,9,6,pv_only,21.304847717285156,86.77166748046875,-0.24552765488624573
tariff/tuned_base,test,9,7,pv_battery,26.962509155273438,71.95957946777344,-0.37468960881233215
tariff/tuned_base,test,9,8,pv_battery,12.89932918548584,75.52349090576172,-0.1707988679409027
tariff/tuned_base,test,9,9,pv_battery,43.812950134277344,80.29789733886719,-0.5456300377845764
tariff/tuned_base,test,9,10,pv_only,29.054582595825195,91.98482513427734,-0.3158630132675171
tariff/tuned_base,test,9,11,pv_battery,4.29732084274292,93.70648956298828,-0.045859429985284805
tariff/tuned_base,test,9,12,large_flex,-11.338724136352539,238.96209716796875,0.04744990915060043
tariff/tuned_base,test,9,13,large_flex,-12.92762565612793,194.73968505859375,0.06638411432504654
tariff/tuned_base,test,9,14,large_flex,15.677733421325684,201.513916015625,-0.0777997300028801
tariff/tuned_base,test,9,15,pv_battery,52.775970458984375,95.91413879394531,-0.5502418875694275
tariff/tuned_base,test,9,16,pv_battery,25.581520080566406,87.90290069580078,-0.29102006554603577
tariff/tuned_base,test,9,17,large_flex,13.807966232299805,177.35379028320312,-0.07785548269748688
tariff/tuned_base,test,10,0,tenant,-2.7341527938842773,67.41810607910156,0.040555190294981
tariff/tuned_base,test,10,1,tenant,-0.5243030786514282,57.790008544921875,0.009072555229067802
tariff/tuned_base,test,10,2,tenant,-1.2297022342681885,60.276390075683594,0.02040104940533638
tariff/tuned_base,test,10,3,tenant,-2.4722323417663574,65.67347717285156,0.03764432668685913
tariff/tuned_base,test,10,4,tenant,-2.871260166168213,67.2275619506836,0.04270954430103302
tariff/tuned_base,test,10,5,tenant,-1.2092927694320679,60.786712646484375,0.01989401876926422
tariff/tuned_base,test,10,6,pv_only,25.63568115234375,88.04647827148438,-0.29116082191467285
tariff/tuned_base,test,10,7,pv_battery,22.877655029296875,91.16907501220703,-0.2509365677833557
tariff/tuned_base,test,10,8,pv_battery,27.950963973999023,90.3240966796875,-0.3094516694545746
tariff/tuned_base,test,10,9,pv_battery,6.196175575256348,86.59068298339844,-0.07155700773000717
tariff/tuned_base,test,10,10,pv_only,9.219511985778809,82.48348236083984,-0.11177414655685425
tariff/tuned_base,test,10,11,pv_battery,23.74042510986328,92.20865631103516,-0.2574641704559326
tariff/tuned_base,test,10,12,large_flex,37.45533752441406,228.5016632080078,-0.1639171540737152
tariff/tuned_base,test,10,13,large_flex,23.201847076416016,190.19651794433594,-0.12198881059885025
tariff/tuned_base,test,10,14,large_flex,11.620429992675781,177.0040283203125,-0.06565066426992416
tariff/tuned_base,test,10,15,pv_battery,42.4010009765625,83.85359191894531,-0.5056551098823547
tariff/tuned_base,test,10,16,pv_battery,14.178936958312988,84.97620391845703,-0.1668577790260315
tariff/tuned_base,test,10,17,large_flex,25.174379348754883,209.84616088867188,-0.11996595561504364
tariff/tuned_base,test,11,0,tenant,5.508393287658691,72.15080261230469,-0.0763455480337143
tariff/tuned_base,test,11,1,tenant,7.817671298980713,62.132808685302734,-0.12582188844680786
tariff/tuned_base,test,11,2,tenant,6.167902946472168,69.55110168457031,-0.08868157118558884
tariff/tuned_base,test,11,3,tenant,7.156191825866699,64.90348815917969,-0.1102590262889862
tariff/tuned_base,test,11,4,tenant,6.732690334320068,66.502685546875,-0.10123947262763977
tariff/tuned_base,test,11,5,tenant,7.63259744644165,62.70114517211914,-0.12172972410917282
tariff/tuned_base,test,11,6,pv_only,23.311391830444336,85.8766860961914,-0.27145206928253174
tariff/tuned_base,test,11,7,pv_battery,29.88408660888672,84.4786148071289,-0.35374724864959717
tariff/tuned_base,test,11,8,pv_battery,23.86159896850586,94.71375274658203,-0.2519339919090271
tariff/tuned_base,test,11,9,pv_battery,34.19520950317383,86.70022583007812,-0.39440739154815674
tariff/tuned_base,test,11,10,pv_only,16.545047760009766,90.72291564941406,-0.18236900866031647
tariff/tuned_base,test,11,11,pv_battery,35.50758361816406,75.66815185546875,-0.4692542552947998
tariff/tuned_base,test,11,12,large_flex,3.0426034927368164,215.45156860351562,-0.014121989719569683
tariff/tuned_base,test,11,13,large_flex,28.252681732177734,230.04476928710938,-0.12281377613544464
tariff/tuned_base,test,11,14,large_flex,32.235748291015625,221.48179626464844,-0.14554572105407715
tariff/tuned_base,test,11,15,pv_battery,34.811676025390625,79.61206817626953,-0.4372663199901581
tariff/tuned_base,test,11,16,pv_battery,28.927656173706055,91.61184692382812,-0.31576332449913025
tariff/tuned_base,test,11,17,large_flex,30.66506576538086,184.9727020263672,-0.16578145325183868
tariff/tuned_base,test,12,0,tenant,-3.03486704826355,61.44271469116211,0.049393460154533386
tariff/tuned_base,test,12,1,tenant,-2.5955934524536133,59.79969787597656,0.04340478405356407
tariff/tuned_base,test,12,2,tenant,-3.939189910888672,65.94331359863281,0.0597359873354435
tariff/tuned_base,test,12,3,tenant,-4.827579021453857,69.69342803955078,0.06926873326301575
tariff/tuned_base,test,12,4,tenant,-3.112985610961914,61.78516387939453,0.05038408190011978
tariff/tuned_base,test,12,5,tenant,-4.178164482116699,67.02764892578125,0.06233488395810127
tariff/tuned_base,test,12,6,pv_only,13.40888786315918,82.48181915283203,-0.16256780922412872
tariff/tuned_base,test,12,7,pv_battery,35.11345672607422,86.35420989990234,-0.40662121772766113
tariff/tuned_base,test,12,8,pv_battery,32.64103317260742,73.18671417236328,-0.44599655270576477
tariff/tuned_base,test,12,9,pv_battery,8.874876976013184,83.92576599121094,-0.10574676096439362
tariff/tuned_base,test,12,10,pv_only,29.01532745361328,93.49021911621094,-0.31035667657852173
tariff/tuned_base,test,12,11,pv_battery,42.361915588378906,92.68009948730469,-0.4570767283439636
tariff/tuned_base,test,12,12,large_flex,22.655046463012695,198.4272918701172,-0.1141730472445488
tariff/tuned_base,test,12,13,large_flex,15.393241882324219,195.70989990234375,-0.07865337282419205
tariff/tuned_base,test,12,14,large_flex,-2.7465741634368896,230.02713012695312,0.011940209195017815
tariff/tuned_base,test,12,15,pv_battery,8.9557466506958,83.97183227539062,-0.10665182769298553
tariff/tuned_base,test,12,16,pv_battery,9.963838577270508,93.6460952758789,-0.10639882832765579
tariff/tuned_base,test,12,17,large_flex,29.6826229095459,205.8638153076172,-0.14418569207191467
tariff/tuned_base,test,13,0,tenant,1.3056325912475586,65.24479675292969,-0.02001127600669861
tariff/tuned_base,test,13,1,tenant,0.18943071365356445,69.55045318603516,-0.0027236593887209892
tariff/tuned_base,test,13,2,tenant,3.0992376804351807,56.62065124511719,-0.054736923426389694
tariff/tuned_base,test,13,3,tenant,0.6908619403839111,68.10638427734375,-0.010143850930035114
tariff/tuned_base,test,13,4,tenant,1.746845006942749,62.777862548828125,-0.02782578207552433
tariff/tuned_base,test,13,5,tenant,0.8567384481430054,67.26835632324219,-0.012736104428768158
tariff/tuned_base,test,13,6,pv_only,4.1821441650390625,94.4789810180664,-0.04426533356308937
tariff/tuned_base,test,13,7,pv_battery,28.55841827392578,77.69390106201172,-0.3675760328769684
tariff/tuned_base,test,13,8,pv_battery,32.59282684326172,75.55757141113281,-0.4313642382621765
tariff/tuned_base,test,13,9,pv_battery,12.68816089630127,85.78258514404297,-0.14791063964366913
tariff/tuned_base,test,13,10,pv_only,22.83425521850586,79.85309600830078,-0.2859534025192261
tariff/tuned_base,test,13,11,pv_battery,30.579280853271484,81.53446960449219,-0.3750472664833069
tariff/tuned_base,test,13,12,large_flex,21.542156219482422,209.47874450683594,-0.10283693671226501
tariff/tuned_base,test,13,13,large_flex,34.566253662109375,191.4552459716797,-0.1805448830127716
tariff/tuned_base,test,13,14,large_flex,25.8017578125,195.65609741210938,-0.13187304139137268
tariff/tuned_base,test,13,15,pv_battery,15.352980613708496,81.54383850097656,-0.18827876448631287
tariff/tuned_base,test,13,16,pv_battery,30.517364501953125,75.5238037109375,-0.4040760397911072
tariff/tuned_base,test,13,17,large_flex,30.557743072509766,235.9943084716797,-0.1294851303100586
tariff/tuned_base,test,14,0,tenant,5.32692289352417,64.54833984375,-0.0825260579586029
tariff/tuned_base,test,14,1,tenant,7.703770160675049,54.62171173095703,-0.14103861153125763
tariff/tuned_base,test,14,2,tenant,3.880431652069092,71.51648712158203,-0.054259248077869415
tariff/tuned_base,test,14,3,tenant,5.907404899597168,63.19842529296875,-0.09347394108772278
tariff/tuned_base,test,14,4,tenant,4.586677551269531,67.76394653320312,-0.06768611073493958
tariff/tuned_base,test,14,5,tenant,5.100734233856201,65.76097106933594,-0.07756475359201431
tariff/tuned_base,test,14,6,pv_only,12.010080337524414,81.26487731933594,-0.14778923988342285
tariff/tuned_base,test,14,7,pv_battery,35.272003173828125,89.22527313232422,-0.3953140079975128
tariff/tuned_base,test,14,8,pv_battery,36.27262878417969,70.50829315185547,-0.5144446492195129
tariff/tuned_base,test,14,9,pv_battery,31.206485748291016,76.63369750976562,-0.40721622109413147
tariff/tuned_base,test,14,10,pv_only,25.44888687133789,84.27347564697266,-0.3019798994064331
tariff/tuned_base,test,14,11,pv_battery,33.20281982421875,94.81993103027344,-0.35016706585884094
tariff/tuned_base,test,14,12,large_flex,14.407190322875977,196.64389038085938,-0.07326538860797882
tariff/tuned_base,test,14,13,large_flex,29.281953811645508,204.53672790527344,-0.14316223561763763
tariff/tuned_base,test,14,14,large_flex,16.833728790283203,219.083740234375,-0.0768369510769844
tariff/tuned_base,test,14,15,pv_battery,33.68973159790039,77.27157592773438,-0.43599116802215576
tariff/tuned_base,test,14,16,pv_battery,23.93926239013672,78.55946350097656,-0.30472785234451294
tariff/tuned_base,test,14,17,large_flex,15.90338134765625,223.69619750976562,-0.07109364122152328
tariff/tuned_base,test,15,0,tenant,-3.3380966186523438,74.6938247680664,0.04469040036201477
tariff/tuned_base,test,15,1,tenant,-1.2793793678283691,65.07762908935547,0.019659267738461494
tariff/tuned_base,test,15,2,tenant,-0.6904686689376831,62.6085205078125,0.011028341017663479
tariff/tuned_base,test,15,3,tenant,-0.7016470432281494,62.717777252197266,0.011187387630343437
tariff/tuned_base,test,15,4,tenant,0.30234837532043457,58.54052734375,-0.005164767615497112
tariff/tuned_base,test,15,5,tenant,-0.6716609001159668,62.90364074707031,0.010677621699869633
tariff/tuned_base,test,15,6,pv_only,13.649482727050781,89.89776611328125,-0.1518334299325943
tariff/tuned_base,test,15,7,pv_battery,16.797916412353516,97.54315948486328,-0.17221006751060486
tariff/tuned_base,test,15,8,pv_battery,37.40774154663086,72.86758422851562,-0.5133658647537231
tariff/tuned_base,test,15,9,pv_battery,10.301471710205078,86.77117156982422,-0.11871996521949768
tariff/tuned_base,test,15,10,pv_only,16.298688888549805,75.73419952392578,-0.21520905196666718
tariff/tuned_base,test,15,11,pv_battery,42.16190719604492,92.31656646728516,-0.45671015977859497
tariff/tuned_base,test,15,12,large_flex,12.859773635864258,210.69766235351562,-0.061034251004457474
tariff/tuned_base,test,15,13,large_flex,23.22395133972168,199.19363403320312,-0.11658989638090134
tariff/tuned_base,test,15,14,large_flex,31.264057159423828,219.9599151611328,-0.14213520288467407
tariff/tuned_base,test,15,15,pv_battery,28.67340850830078,102.40503692626953,-0.2799999713897705
tariff/tuned_base,test,15,16,pv_battery,27.822410583496094,84.61502075195312,-0.3288117051124573
tariff/tuned_base,test,15,17,large_flex,25.024425506591797,209.6678466796875,-0.11935267597436905
tariff/tuned_base,test,16,0,tenant,3.6335108280181885,67.2093505859375,-0.05406259372830391
tariff/tuned_base,test,16,1,tenant,6.370763778686523,54.931549072265625,-0.11597644537687302
tariff/tuned_base,test,16,2,tenant,3.5011987686157227,67.35568237304688,-0.051980748772621155
tariff/tuned_base,test,16,3,tenant,4.843286991119385,62.17927551269531,-0.07789228856563568
tariff/tuned_base,test,16,4,tenant,5.627696990966797,58.209693908691406,-0.09667972475290298
tariff/tuned_base,test,16,5,tenant,5.7229461669921875,57.75937271118164,-0.09908255934715271
tariff/tuned_base,test,16,6,pv_only,25.528751373291016,90.48619079589844,-0.28212881088256836
tariff/tuned_base,test,16,7,pv_battery,24.605655670166016,92.22779846191406,-0.26679208874702454
tariff/tuned_base,test,16,8,pv_battery,21.64565658569336,82.8550033569336,-0.2612471878528595
tariff/tuned_base,test,16,9,pv_battery,27.47208595275879,94.79684448242188,-0.28979939222335815
tariff/tuned_base,test,16,10,pv_only,19.093618392944336,98.70648193359375,-0.19343851506710052
tariff/tuned_base,test,16,11,pv_battery,33.472633361816406,91.78949737548828,-0.3646673560142517
tariff/tuned_base,test,16,12,large_flex,12.680061340332031,220.208740234375,-0.05758199468255043
tariff/tuned_base,test,16,13,large_flex,6.762593746185303,186.87705993652344,-0.03618739917874336
tariff/tuned_base,test,16,14,large_flex,28.99838638305664,204.80606079101562,-0.1415894478559494
tariff/tuned_base,test,16,15,pv_battery,32.282066345214844,85.46842956542969,-0.3777073919773102
tariff/tuned_base,test,16,16,pv_battery,37.99744415283203,73.39588165283203,-0.5177057385444641
tariff/tuned_base,test,16,17,large_flex,20.751157760620117,205.97467041015625,-0.10074616968631744
tariff/tuned_base,test,17,0,tenant,7.060166358947754,62.53596496582031,-0.11289770156145096
tariff/tuned_base,test,17,1,tenant,8.12216854095459,58.3036994934082,-0.13930796086788177
tariff/tuned_base,test,17,2,tenant,8.940131187438965,53.944068908691406,-0.16572965681552887
tariff/tuned_base,test,17,3,tenant,6.609208583831787,65.78950500488281,-0.10045992583036423
tariff/tuned_base,test,17,4,tenant,7.973231792449951,58.92573165893555,-0.1353098601102829
tariff/tuned_base,test,17,5,tenant,6.925079345703125,63.63812255859375,-0.10881973057985306
tariff/tuned_base,test,17,6,pv_only,22.089519500732422,76.66487121582031,-0.2881309986114502
tariff/tuned_base,test,17,7,pv_battery,34.04549026489258,85.16590118408203,-0.3997550904750824
tariff/tuned_base,test,17,8,pv_battery,29.667888641357422,74.32853698730469,-0.3991454243659973
tariff/tuned_base,test,17,9,pv_battery,34.13755798339844,82.66796875,-0.41294774413108826
tariff/tuned_base,test,17,10,pv_only,21.89261245727539,80.77920532226562,-0.27101778984069824
tariff/tuned_base,test,17,11,pv_battery,27.714412689208984,89.17574310302734,-0.3107839524745941
tariff/tuned_base,test,17,12,large_flex,26.850223541259766,216.9105224609375,-0.12378478795289993
tariff/tuned_base,test,17,13,large_flex,19.844493865966797,195.1348419189453,-0.10169625282287598
tariff/tuned_base,test,17,14,large_flex,26.84551239013672,230.56500244140625,-0.11643356084823608
tariff/tuned_base,test,17,15,pv_battery,37.666954040527344,81.8302001953125,-0.4603061378002167
tariff/tuned_base,test,17,16,pv_battery,25.192588806152344,93.58142852783203,-0.26920491456985474
tariff/tuned_base,test,17,17,large_flex,24.0402889251709,221.88687133789062,-0.10834477841854095
tariff/tuned_base,test,18,0,tenant,8.30437183380127,62.71976852416992,-0.13240434229373932
tariff/tuned_base,test,18,1,tenant,8.257829666137695,63.05696105957031,-0.13095812499523163
tariff/tuned_base,test,18,2,tenant,7.790611743927002,65.02294158935547,-0.11981331557035446
tariff/tuned_base,test,18,3,tenant,8.369894027709961,61.90911865234375,-0.13519643247127533
tariff/tuned_base,test,18,4,tenant,9.264634132385254,58.7082405090332,-0.15780816972255707
tariff/tuned_base,test,18,5,tenant,6.410561561584473,70.38614654541016,-0.09107702970504761
tariff/tuned_base,test,18,6,pv_only,8.164839744567871,88.58834075927734,-0.09216605126857758
tariff/tuned_base,test,18,7,pv_battery,31.586769104003906,88.0772476196289,-0.3586258292198181
tariff/tuned_base,test,18,8,pv_battery,25.617900848388672,79.63179016113281,-0.3217043876647949
tariff/tuned_base,test,18,9,pv_battery,32.83607482910156,78.36991119384766,-0.41898807883262634
tariff/tuned_base,test,18,10,pv_only,26.31924057006836,73.76455688476562,-0.3568006455898285
tariff/tuned_base,test,18,11,pv_battery,29.39710807800293,81.87643432617188,-0.3590424656867981
tariff/tuned_base,test,18,12,large_flex,29.769851684570312,193.24049377441406,-0.15405598282814026
tariff/tuned_base,test,18,13,large_flex,29.974315643310547,201.227294921875,-0.14895744621753693
tariff/tuned_base,test,18,14,large_flex,30.13141632080078,223.53965759277344,-0.1347922533750534
tariff/tuned_base,test,18,15,pv_battery,35.83226013183594,85.72362518310547,-0.41799747943878174
tariff/tuned_base,test,18,16,pv_battery,33.54552459716797,85.09390258789062,-0.3942176401615143
tariff/tuned_base,test,18,17,large_flex,10.58979320526123,197.70721435546875,-0.053563013672828674
tariff/tuned_base,test,19,0,tenant,-3.6208837032318115,68.8856201171875,0.05256368964910507
tariff/tuned_base,test,19,1,tenant,-1.5084638595581055,59.58950424194336,0.02531425841152668
tariff/tuned_base,test,19,2,tenant,-1.4769327640533447,59.54359436035156,0.024804238229990005
tariff/tuned_base,test,19,3,tenant,-1.32425856590271,59.20698928833008,0.022366590797901154
tariff/tuned_base,test,19,4,tenant,-1.7624627351760864,60.636199951171875,0.029066186398267746
tariff/tuned_base,test,19,5,tenant,-0.05144780874252319,53.75758361816406,0.0009570496040396392
tariff/tuned_base,test,19,6,pv_only,21.057262420654297,87.54927062988281,-0.24051907658576965
tariff/tuned_base,test,19,7,pv_battery,42.78356170654297,80.59639739990234,-0.5308372974395752
tariff/tuned_base,test,19,8,pv_battery,15.671233177185059,78.52198028564453,-0.19957761466503143
tariff/tuned_base,test,19,9,pv_battery,16.431325912475586,99.7652359008789,-0.16469988226890564
tariff/tuned_base,test,19,10,pv_only,28.908336639404297,84.8145980834961,-0.34084153175354004
tariff/tuned_base,test,19,11,pv_battery,22.76630401611328,88.55309295654297,-0.25709226727485657
tariff/tuned_base,test,19,12,large_flex,18.9377498626709,218.55616760253906,-0.08664937317371368
tariff/tuned_base,test,19,13,large_flex,25.73719024658203,223.74447631835938,-0.11502937972545624
tariff/tuned_base,test,19,14,large_flex,18.68061065673828,204.47276306152344,-0.09135986864566803
tariff/tuned_base,test,19,15,pv_battery,14.349806785583496,73.83027648925781,-0.194362074136734
tariff/tuned_base,test,19,16,pv_battery,19.35433578491211,86.82530975341797,-0.2229113131761551
tariff/tuned_base,test,19,17,large_flex,38.92610168457031,187.8963623046875,-0.20716792345046997
fair_leg/tuned_family,test,0,0,tenant,-16.312986373901367,72.69613647460938,0.22439955174922943
fair_leg/tuned_family,test,0,1,tenant,-15.481637001037598,69.583251953125,0.22249089181423187
fair_leg/tuned_family,test,0,2,tenant,-14.057063102722168,62.99239730834961,0.22315485775470734
fair_leg/tuned_family,test,0,3,tenant,-13.084526062011719,58.74997329711914,0.22271554172039032
fair_leg/tuned_family,test,0,4,tenant,-15.873295783996582,71.63943481445312,0.22157210111618042
fair_leg/tuned_family,test,0,5,tenant,-14.195140838623047,64.07042694091797,0.22155530750751495
fair_leg/tuned_family,test,0,6,pv_only,34.51023864746094,81.1683578491211,-0.4251687526702881
fair_leg/tuned_family,test,0,7,pv_battery,20.150604248046875,84.80936431884766,-0.23759879171848297
fair_leg/tuned_family,test,0,8,pv_battery,4.64979362487793,87.64793395996094,-0.05305080860853195
fair_leg/tuned_family,test,0,9,pv_battery,-4.732737064361572,78.14643096923828,0.06056242063641548
fair_leg/tuned_family,test,0,10,pv_only,31.256561279296875,82.98085021972656,-0.3766719400882721
fair_leg/tuned_family,test,0,11,pv_battery,20.15411376953125,87.82832336425781,-0.2294716089963913
fair_leg/tuned_family,test,0,12,large_flex,43.379764556884766,163.15773010253906,-0.26587626338005066
fair_leg/tuned_family,test,0,13,large_flex,-3.439085006713867,212.27325439453125,0.016201253980398178
fair_leg/tuned_family,test,0,14,large_flex,24.849853515625,196.89239501953125,-0.1262103021144867
fair_leg/tuned_family,test,0,15,pv_battery,57.03467559814453,83.90280151367188,-0.6797708868980408
fair_leg/tuned_family,test,0,16,pv_battery,12.064013481140137,81.3831787109375,-0.1482371985912323
fair_leg/tuned_family,test,0,17,large_flex,36.91624450683594,200.39971923828125,-0.1842130571603775
fair_leg/tuned_family,test,1,0,tenant,-12.11600399017334,54.457115173339844,0.22248710691928864
fair_leg/tuned_family,test,1,1,tenant,-15.248808860778809,68.22596740722656,0.22350431978702545
fair_leg/tuned_family,test,1,2,tenant,-12.299052238464355,55.17155075073242,0.22292394936084747
fair_leg/tuned_family,test,1,3,tenant,-13.801122665405273,61.46684646606445,0.22452948987483978
fair_leg/tuned_family,test,1,4,tenant,-12.334867477416992,55.16480255126953,0.223600372672081
fair_leg/tuned_family,test,1,5,tenant,-13.900556564331055,62.23639678955078,0.2233508974313736
fair_leg/tuned_family,test,1,6,pv_only,30.483144760131836,74.15965270996094,-0.4110473394393921
fair_leg/tuned_family,test,1,7,pv_battery,60.691619873046875,72.00645446777344,-0.8428636789321899
fair_leg/tuned_family,test,1,8,pv_battery,57.5792236328125,92.32186889648438,-0.623678982257843
fair_leg/tuned_family,test,1,9,pv_battery,45.19048309326172,78.94183349609375,-0.57245272397995
fair_leg/tuned_family,test,1,10,pv_only,34.68516540527344,82.67589569091797,-0.4195318818092346
fair_leg/tuned_family,test,1,11,pv_battery,39.25389099121094,92.00402069091797,-0.42665404081344604
fair_leg/tuned_family,test,1,12,large_flex,43.720001220703125,178.49832153320312,-0.2449323832988739
fair_leg/tuned_family,test,1,13,large_flex,-25.457992553710938,245.25674438476562,0.10380138456821442
fair_leg/tuned_family,test,1,14,large_flex,50.50096130371094,217.50503540039062,-0.2321830540895462
fair_leg/tuned_family,test,1,15,pv_battery,60.282920837402344,86.00672912597656,-0.7009095549583435
fair_leg/tuned_family,test,1,16,pv_battery,44.47607421875,79.69620513916016,-0.5580700635910034
fair_leg/tuned_family,test,1,17,large_flex,32.79298400878906,225.34510803222656,-0.14552336931228638
fair_leg/tuned_family,test,2,0,tenant,-13.687959671020508,61.47628402709961,0.22265423834323883
fair_leg/tuned_family,test,2,1,tenant,-12.991257667541504,58.042232513427734,0.2238241732120514
fair_leg/tuned_family,test,2,2,tenant,-14.53475284576416,64.21237182617188,0.22635439038276672
fair_leg/tuned_family,test,2,3,tenant,-15.187509536743164,68.21656799316406,0.2226366251707077
fair_leg/tuned_family,test,2,4,tenant,-13.062580108642578,58.41762161254883,0.2236068993806839
fair_leg/tuned_family,test,2,5,tenant,-16.980051040649414,75.52835083007812,0.22481681406497955
fair_leg/tuned_family,test,2,6,pv_only,11.609439849853516,80.94506072998047,-0.14342369139194489
fair_leg/tuned_family,test,2,7,pv_battery,9.349857330322266,84.7945785522461,-0.1102648377418518
fair_leg/tuned_family,test,2,8,pv_battery,8.612354278564453,88.06771087646484,-0.09779246151447296
fair_leg/tuned_family,test,2,9,pv_battery,53.044525146484375,91.76107788085938,-0.5780723690986633
fair_leg/tuned_family,test,2,10,pv_only,41.82419204711914,91.85672760009766,-0.4553198218345642
fair_leg/tuned_family,test,2,11,pv_battery,58.098182678222656,77.25574493408203,-0.7520241141319275
fair_leg/tuned_family,test,2,12,large_flex,-17.681556701660156,204.84323120117188,0.08631747961044312
fair_leg/tuned_family,test,2,13,large_flex,27.689128875732422,181.23695373535156,-0.15277858078479767
fair_leg/tuned_family,test,2,14,large_flex,-20.940101623535156,205.46482849121094,0.10191580653190613
fair_leg/tuned_family,test,2,15,pv_battery,61.647064208984375,90.36703491210938,-0.6821852922439575
fair_leg/tuned_family,test,2,16,pv_battery,63.65863800048828,82.03416442871094,-0.776001513004303
fair_leg/tuned_family,test,2,17,large_flex,50.71052932739258,219.12710571289062,-0.23142054677009583
fair_leg/tuned_family,test,3,0,tenant,-14.026128768920898,62.633827209472656,0.22393852472305298
fair_leg/tuned_family,test,3,1,tenant,-13.146748542785645,59.18191146850586,0.22214139997959137
fair_leg/tuned_family,test,3,2,tenant,-15.748568534851074,70.26583862304688,0.2241283506155014
fair_leg/tuned_family,test,3,3,tenant,-13.911806106567383,61.681739807128906,0.22554172575473785
fair_leg/tuned_family,test,3,4,tenant,-13.890639305114746,61.75115966796875,0.22494544088840485
fair_leg/tuned_family,test,3,5,tenant,-13.983935356140137,62.27299880981445,0.22455865144729614
fair_leg/tuned_family,test,3,6,pv_only,16.923097610473633,85.24974822998047,-0.1985119879245758
fair_leg/tuned_family,test,3,7,pv_battery,20.570327758789062,81.70304107666016,-0.25176945328712463
fair_leg/tuned_family,test,3,8,pv_battery,20.11119270324707,72.66333770751953,-0.27677223086357117
fair_leg/tuned_family,test,3,9,pv_battery,27.22086524963379,93.52278900146484,-0.2910613417625427
fair_leg/tuned_family,test,3,10,pv_only,8.720547676086426,77.6488037109375,-0.11230756342411041
fair_leg/tuned_family,test,3,11,pv_battery,14.320558547973633,79.91842651367188,-0.1791897416114807
fair_leg/tuned_family,test,3,12,large_flex,12.18308162689209,216.7044219970703,-0.056219812482595444
fair_leg/tuned_family,test,3,13,large_flex,56.90911102294922,213.9955596923828,-0.26593586802482605
fair_leg/tuned_family,test,3,14,large_flex,51.48248291015625,223.9399871826172,-0.22989414632320404
fair_leg/tuned_family,test,3,15,pv_battery,47.8399658203125,80.5962142944336,-0.593575656414032
fair_leg/tuned_family,test,3,16,pv_battery,49.3077392578125,81.26229095458984,-0.606772780418396
fair_leg/tuned_family,test,3,17,large_flex,45.29872512817383,207.4656524658203,-0.2183433473110199
fair_leg/tuned_family,test,4,0,tenant,-13.797365188598633,62.15242385864258,0.22199229896068573
fair_leg/tuned_family,test,4,1,tenant,-13.617578506469727,61.42643737792969,0.2216891497373581
fair_leg/tuned_family,test,4,2,tenant,-16.225284576416016,72.35894012451172,0.2242332547903061
fair_leg/tuned_family,test,4,3,tenant,-14.830643653869629,65.97551727294922,0.22479012608528137
fair_leg/tuned_family,test,4,4,tenant,-14.712114334106445,66.20619201660156,0.22221657633781433
fair_leg/tuned_family,test,4,5,tenant,-13.50271224975586,60.11405563354492,0.22461828589439392
fair_leg/tuned_family,test,4,6,pv_only,26.100624084472656,89.06841278076172,-0.29304030537605286
fair_leg/tuned_family,test,4,7,pv_battery,46.17102813720703,82.79981231689453,-0.5576222538948059
fair_leg/tuned_family,test,4,8,pv_battery,11.600815773010254,72.00828552246094,-0.16110384464263916
fair_leg/tuned_family,test,4,9,pv_battery,57.55103302001953,86.46599578857422,-0.6655914187431335
fair_leg/tuned_family,test,4,10,pv_only,24.550376892089844,76.42791748046875,-0.3212226927280426
fair_leg/tuned_family,test,4,11,pv_battery,60.0587158203125,76.65846252441406,-0.7834580540657043
fair_leg/tuned_family,test,4,12,large_flex,64.94252014160156,205.79310607910156,-0.3155719041824341
fair_leg/tuned_family,test,4,13,large_flex,38.95448303222656,190.24539184570312,-0.20475918054580688
fair_leg/tuned_family,test,4,14,large_flex,64.56524658203125,204.85440063476562,-0.3151761293411255
fair_leg/tuned_family,test,4,15,pv_battery,48.48539733886719,89.19398498535156,-0.5435950756072998
fair_leg/tuned_family,test,4,16,pv_battery,30.618764877319336,86.89279174804688,-0.35237404704093933
fair_leg/tuned_family,test,4,17,large_flex,29.940061569213867,197.13223266601562,-0.15187813341617584
fair_leg/tuned_family,test,5,0,tenant,-14.48259162902832,65.47962951660156,0.22117702662944794
fair_leg/tuned_family,test,5,1,tenant,-16.273239135742188,72.49996948242188,0.22445844113826752
fair_leg/tuned_family,test,5,2,tenant,-12.592842102050781,56.48336410522461,0.22294773161411285
fair_leg/tuned_family,test,5,3,tenant,-15.483020782470703,69.02279663085938,0.2243175506591797
fair_leg/tuned_family,test,5,4,tenant,-12.604193687438965,56.17674255371094,0.22436672449111938
fair_leg/tuned_family,test,5,5,tenant,-14.849496841430664,66.93524169921875,0.221848726272583
fair_leg/tuned_family,test,5,6,pv_only,31.443876266479492,81.12820434570312,-0.38758254051208496
fair_leg/tuned_family,test,5,7,pv_battery,46.1861572265625,95.5313949584961,-0.4834658205509186
fair_leg/tuned_family,test,5,8,pv_battery,39.98114776611328,90.40953063964844,-0.4422227144241333
fair_leg/tuned_family,test,5,9,pv_battery,53.243186950683594,77.04638671875,-0.6910536289215088
fair_leg/tuned_family,test,5,10,pv_only,11.057432174682617,95.9556884765625,-0.11523482203483582
fair_leg/tuned_family,test,5,11,pv_battery,6.794775009155273,91.12498474121094,-0.07456546276807785
fair_leg/tuned_family,test,5,12,large_flex,68.00657653808594,209.5968475341797,-0.3244636356830597
fair_leg/tuned_family,test,5,13,large_flex,0.7227249145507812,216.7526397705078,-0.003334332024678588
fair_leg/tuned_family,test,5,14,large_flex,2.9710683822631836,197.72850036621094,-0.015025986358523369
fair_leg/tuned_family,test,5,15,pv_battery,36.321929931640625,79.16350555419922,-0.4588218033313751
fair_leg/tuned_family,test,5,16,pv_battery,60.872459411621094,88.03372955322266,-0.6914674639701843
fair_leg/tuned_family,test,5,17,large_flex,7.13590669631958,204.9633026123047,-0.03481553494930267
fair_leg/tuned_family,test,6,0,tenant,-14.208758354187012,63.66468048095703,0.22318120300769806
fair_leg/tuned_family,test,6,1,tenant,-14.390201568603516,64.55371856689453,0.22291821241378784
fair_leg/tuned_family,test,6,2,tenant,-15.545829772949219,69.72496032714844,0.22295935451984406
fair_leg/tuned_family,test,6,3,tenant,-14.150405883789062,64.16187286376953,0.22054217755794525
fair_leg/tuned_family,test,6,4,tenant,-12.09160327911377,54.091068267822266,0.22354157269001007
fair_leg/tuned_family,test,6,5,tenant,-16.17017364501953,72.30187225341797,0.22364811599254608
fair_leg/tuned_family,test,6,6,pv_only,4.806077480316162,88.91521453857422,-0.05405236408114433
fair_leg/tuned_family,test,6,7,pv_battery,63.87939453125,68.42283630371094,-0.9335975646972656
fair_leg/tuned_family,test,6,8,pv_battery,49.2945442199707,79.1043930053711,-0.6231581568717957
fair_leg/tuned_family,test,6,9,pv_battery,44.068275451660156,82.94664764404297,-0.5312843918800354
fair_leg/tuned_family,test,6,10,pv_only,14.01004409790039,83.30595397949219,-0.16817569732666016
fair_leg/tuned_family,test,6,11,pv_battery,1.2159563302993774,77.62564086914062,-0.0156643558293581
fair_leg/tuned_family,test,6,12,large_flex,61.48847961425781,193.56597900390625,-0.3176615834236145
fair_leg/tuned_family,test,6,13,large_flex,7.560054779052734,186.55303955078125,-0.040524955838918686
fair_leg/tuned_family,test,6,14,large_flex,32.26524353027344,198.326904296875,-0.16268719732761383
fair_leg/tuned_family,test,6,15,pv_battery,52.372642517089844,92.698486328125,-0.5649781823158264
fair_leg/tuned_family,test,6,16,pv_battery,38.18588638305664,90.08251953125,-0.4238990545272827
fair_leg/tuned_family,test,6,17,large_flex,60.79384231567383,208.28184509277344,-0.29188257455825806
fair_leg/tuned_family,test,7,0,tenant,-12.695351600646973,56.37227249145508,0.22520558536052704
fair_leg/tuned_family,test,7,1,tenant,-14.333640098571777,64.04303741455078,0.22381265461444855
fair_leg/tuned_family,test,7,2,tenant,-14.048745155334473,62.43913650512695,0.22499904036521912
fair_leg/tuned_family,test,7,3,tenant,-13.014864921569824,57.86317443847656,0.22492475807666779
fair_leg/tuned_family,test,7,4,tenant,-14.539201736450195,64.57722473144531,0.2251444160938263
fair_leg/tuned_family,test,7,5,tenant,-14.230827331542969,63.76203536987305,0.22318649291992188
fair_leg/tuned_family,test,7,6,pv_only,36.17426300048828,89.17561340332031,-0.405651718378067
fair_leg/tuned_family,test,7,7,pv_battery,26.426313400268555,93.81871032714844,-0.28167426586151123
fair_leg/tuned_family,test,7,8,pv_battery,29.126598358154297,79.26966094970703,-0.3674370050430298
fair_leg/tuned_family,test,7,9,pv_battery,43.52142333984375,83.69727325439453,-0.5199861526489258
fair_leg/tuned_family,test,7,10,pv_only,37.32166290283203,89.58158111572266,-0.4166218042373657
fair_leg/tuned_family,test,7,11,pv_battery,59.66017150878906,88.04947662353516,-0.6775758266448975
fair_leg/tuned_family,test,7,12,large_flex,49.98778533935547,192.69558715820312,-0.2594132125377655
fair_leg/tuned_family,test,7,13,large_flex,29.021514892578125,189.23646545410156,-0.15336109697818756
fair_leg/tuned_family,test,7,14,large_flex,11.169231414794922,205.96295166015625,-0.05422930046916008
fair_leg/tuned_family,test,7,15,pv_battery,36.856346130371094,87.1794204711914,-0.4227644205093384
fair_leg/tuned_family,test,7,16,pv_battery,44.351341247558594,85.78960418701172,-0.5169777274131775
fair_leg/tuned_family,test,7,17,large_flex,60.19646453857422,207.57110595703125,-0.29000407457351685
fair_leg/tuned_family,test,8,0,tenant,-13.97793960571289,62.965553283691406,0.2219935655593872
fair_leg/tuned_family,test,8,1,tenant,-14.3306884765625,64.07431030273438,0.22365735471248627
fair_leg/tuned_family,test,8,2,tenant,-14.81757926940918,66.06665802001953,0.22428220510482788
fair_leg/tuned_family,test,8,3,tenant,-15.837539672851562,70.55229187011719,0.22447945177555084
fair_leg/tuned_family,test,8,4,tenant,-13.414722442626953,59.791648864746094,0.2243576943874359
fair_leg/tuned_family,test,8,5,tenant,-15.130075454711914,67.35026550292969,0.22464749217033386
fair_leg/tuned_family,test,8,6,pv_only,-6.201070785522461,89.90369415283203,0.06897459924221039
fair_leg/tuned_family,test,8,7,pv_battery,39.403358459472656,80.24170684814453,-0.4910584092140198
fair_leg/tuned_family,test,8,8,pv_battery,13.372762680053711,86.0987319946289,-0.155318945646286
fair_leg/tuned_family,test,8,9,pv_battery,29.36313819885254,90.46062469482422,-0.32459568977355957
fair_leg/tuned_family,test,8,10,pv_only,27.350732803344727,76.1808853149414,-0.3590233325958252
fair_leg/tuned_family,test,8,11,pv_battery,9.221331596374512,89.7593002319336,-0.10273400694131851
fair_leg/tuned_family,test,8,12,large_flex,41.12472152709961,182.61277770996094,-0.22520187497138977
fair_leg/tuned_family,test,8,13,large_flex,58.96479797363281,183.36634826660156,-0.32156825065612793
fair_leg/tuned_family,test,8,14,large_flex,28.013702392578125,183.66424560546875,-0.15252673625946045
fair_leg/tuned_family,test,8,15,pv_battery,14.93852710723877,82.60540771484375,-0.1808418482542038
fair_leg/tuned_family,test,8,16,pv_battery,19.844520568847656,94.55230712890625,-0.20987869799137115
fair_leg/tuned_family,test,8,17,large_flex,37.63044738769531,202.8647918701172,-0.18549522757530212
fair_leg/tuned_family,test,9,0,tenant,-15.699732780456543,70.0582046508789,0.22409559786319733
fair_leg/tuned_family,test,9,1,tenant,-12.443563461303711,55.69179153442383,0.22343631088733673
fair_leg/tuned_family,test,9,2,tenant,-15.568434715270996,68.88367462158203,0.22601063549518585
fair_leg/tuned_family,test,9,3,tenant,-14.032472610473633,62.655616760253906,0.22396190464496613
fair_leg/tuned_family,test,9,4,tenant,-13.628387451171875,61.0221061706543,0.2233353555202484
fair_leg/tuned_family,test,9,5,tenant,-13.98611068725586,62.020748138427734,0.22550685703754425
fair_leg/tuned_family,test,9,6,pv_only,25.738304138183594,86.77166748046875,-0.29662129282951355
fair_leg/tuned_family,test,9,7,pv_battery,31.983261108398438,71.95957946777344,-0.4444614052772522
fair_leg/tuned_family,test,9,8,pv_battery,12.5095796585083,75.52349090576172,-0.16563820838928223
fair_leg/tuned_family,test,9,9,pv_battery,52.562034606933594,80.29789733886719,-0.6545878648757935
fair_leg/tuned_family,test,9,10,pv_only,35.377471923828125,91.98482513427734,-0.38460108637809753
fair_leg/tuned_family,test,9,11,pv_battery,2.853590965270996,93.70648956298828,-0.030452454462647438
fair_leg/tuned_family,test,9,12,large_flex,-13.907679557800293,238.96209716796875,0.058200329542160034
fair_leg/tuned_family,test,9,13,large_flex,-18.33892822265625,194.73968505859375,0.09417153894901276
fair_leg/tuned_family,test,9,14,large_flex,19.115680694580078,201.51390075683594,-0.09486033767461777
fair_leg/tuned_family,test,9,15,pv_battery,66.35134887695312,95.91413879394531,-0.6917785406112671
fair_leg/tuned_family,test,9,16,pv_battery,29.27454948425293,87.90290069580078,-0.3330327272415161
fair_leg/tuned_family,test,9,17,large_flex,13.552431106567383,177.35379028320312,-0.07641465961933136
fair_leg/tuned_family,test,10,0,tenant,-14.978169441223145,67.41810607910156,0.22216835618019104
fair_leg/tuned_family,test,10,1,tenant,-12.761463165283203,57.790008544921875,0.22082474827766418
fair_leg/tuned_family,test,10,2,tenant,-13.469524383544922,60.276390075683594,0.22346267104148865
fair_leg/tuned_family,test,10,3,tenant,-14.71159553527832,65.67347717285156,0.2240111529827118
fair_leg/tuned_family,test,10,4,tenant,-15.113632202148438,67.2275619506836,0.22481289505958557
fair_leg/tuned_family,test,10,5,tenant,-13.447998046875,60.786712646484375,0.22123244404792786
fair_leg/tuned_family,test,10,6,pv_only,34.474510192871094,88.04647827148438,-0.39154887199401855
fair_leg/tuned_family,test,10,7,pv_battery,30.37778091430664,91.16907501220703,-0.3332025706768036
fair_leg/tuned_family,test,10,8,pv_battery,34.58019256591797,90.3240966796875,-0.38284531235694885
fair_leg/tuned_family,test,10,9,pv_battery,-2.910106658935547,86.59068298339844,0.033607665449380875
fair_leg/tuned_family,test,10,10,pv_only,3.3899762630462646,82.48348236083984,-0.04109886288642883
fair_leg/tuned_family,test,10,11,pv_battery,30.326662063598633,92.20865631103516,-0.3288917541503906
fair_leg/tuned_family,test,10,12,large_flex,60.900718688964844,228.5016632080078,-0.26652202010154724
fair_leg/tuned_family,test,10,13,large_flex,33.3359375,190.196533203125,-0.1752709597349167
fair_leg/tuned_family,test,10,14,large_flex,14.673210144042969,177.0040283203125,-0.0828976184129715
fair_leg/tuned_family,test,10,15,pv_battery,62.845951080322266,83.85359191894531,-0.7494724988937378
fair_leg/tuned_family,test,10,16,pv_battery,10.665382385253906,84.9761962890625,-0.12551027536392212
fair_leg/tuned_family,test,10,17,large_flex,33.322120666503906,209.84616088867188,-0.1587931513786316
fair_leg/tuned_family,test,11,0,tenant,-16.182485580444336,72.15080261230469,0.22428692877292633
fair_leg/tuned_family,test,11,1,tenant,-13.867998123168945,62.132808685302734,0.22319938242435455
fair_leg/tuned_family,test,11,2,tenant,-15.5249662399292,69.55110168457031,0.22321674227714539
fair_leg/tuned_family,test,11,3,tenant,-14.527843475341797,64.90348815917969,0.2238377034664154
fair_leg/tuned_family,test,11,4,tenant,-14.952869415283203,66.502685546875,0.22484605014324188
fair_leg/tuned_family,test,11,5,tenant,-14.050785064697266,62.70114517211914,0.2240913361310959
fair_leg/tuned_family,test,11,6,pv_only,29.316455841064453,85.8766860961914,-0.34137865900993347
fair_leg/tuned_family,test,11,7,pv_battery,43.603553771972656,84.4786148071289,-0.5161490440368652
fair_leg/tuned_family,test,11,8,pv_battery,23.38028335571289,94.71376037597656,-0.2468520849943161
fair_leg/tuned_family,test,11,9,pv_battery,54.07345962524414,86.70022583007812,-0.6236827969551086
fair_leg/tuned_family,test,11,10,pv_only,8.70628547668457,90.72291564941406,-0.0959656685590744
fair_leg/tuned_family,test,11,11,pv_battery,55.90264892578125,75.66815185546875,-0.738787055015564
fair_leg/tuned_family,test,11,12,large_flex,-13.563404083251953,215.45156860351562,0.06295337527990341
fair_leg/tuned_family,test,11,13,large_flex,51.45892333984375,230.04476928710938,-0.22369083762168884
fair_leg/tuned_family,test,11,14,large_flex,62.348670959472656,221.48182678222656,-0.28150686621665955
fair_leg/tuned_family,test,11,15,pv_battery,50.88468933105469,79.61206817626953,-0.6391579508781433
fair_leg/tuned_family,test,11,16,pv_battery,32.01136016845703,91.61184692382812,-0.34942394495010376
fair_leg/tuned_family,test,11,17,large_flex,57.87238311767578,184.9727020263672,-0.3128698468208313
fair_leg/tuned_family,test,12,0,tenant,-13.819610595703125,61.44271469116211,0.22491854429244995
fair_leg/tuned_family,test,12,1,tenant,-13.378801345825195,59.79969787597656,0.22372689843177795
fair_leg/tuned_family,test,12,2,tenant,-14.729913711547852,65.94331359863281,0.22337237000465393
fair_leg/tuned_family,test,12,3,tenant,-15.620537757873535,69.69342803955078,0.22413219511508942
fair_leg/tuned_family,test,12,4,tenant,-13.896651268005371,61.78516387939453,0.22491896152496338
fair_leg/tuned_family,test,12,5,tenant,-14.966228485107422,67.02764892578125,0.22328439354896545
fair_leg/tuned_family,test,12,6,pv_only,13.508273124694824,82.48181915283203,-0.16377267241477966
fair_leg/tuned_family,test,12,7,pv_battery,50.186317443847656,86.3542251586914,-0.581167995929718
fair_leg/tuned_family,test,12,8,pv_battery,41.909217834472656,73.18670654296875,-0.5726343393325806
fair_leg/tuned_family,test,12,9,pv_battery,5.779143810272217,83.92576599121094,-0.06886017322540283
fair_leg/tuned_family,test,12,10,pv_only,40.357757568359375,93.49021911621094,-0.43167901039123535
fair_leg/tuned_family,test,12,11,pv_battery,61.751651763916016,92.68009948730469,-0.6662881374359131
fair_leg/tuned_family,test,12,12,large_flex,35.840721130371094,198.4272918701172,-0.1806238889694214
fair_leg/tuned_family,test,12,13,large_flex,21.563196182250977,195.7098846435547,-0.11017940938472748
fair_leg/tuned_family,test,12,14,large_flex,-11.014813423156738,230.02713012695312,0.04788484796881676
fair_leg/tuned_family,test,12,15,pv_battery,3.741102695465088,83.97183227539062,-0.044551871716976166
fair_leg/tuned_family,test,12,16,pv_battery,4.265625476837158,93.6460952758789,-0.04555048421025276
fair_leg/tuned_family,test,12,17,large_flex,46.908504486083984,205.8638153076172,-0.22786179184913635
fair_leg/tuned_family,test,13,0,tenant,-14.483848571777344,65.24479675292969,0.22199243307113647
fair_leg/tuned_family,test,13,1,tenant,-15.602615356445312,69.55045318603516,0.22433529794216156
fair_leg/tuned_family,test,13,2,tenant,-12.683060646057129,56.62065124511719,0.22400051355361938
fair_leg/tuned_family,test,13,3,tenant,-15.107760429382324,68.10638427734375,0.2218259572982788
fair_leg/tuned_family,test,13,4,tenant,-14.044292449951172,62.777862548828125,0.22371409833431244
fair_leg/tuned_family,test,13,5,tenant,-14.933013916015625,67.26835632324219,0.2219916433095932
fair_leg/tuned_family,test,13,6,pv_only,-9.423112869262695,94.4789810180664,0.09973767399787903
fair_leg/tuned_family,test,13,7,pv_battery,37.31842803955078,77.69390106201172,-0.48032626509666443
fair_leg/tuned_family,test,13,8,pv_battery,47.236534118652344,75.55756378173828,-0.6251726746559143
fair_leg/tuned_family,test,13,9,pv_battery,0.1340031623840332,85.78258514404297,-0.0015621199272572994
fair_leg/tuned_family,test,13,10,pv_only,29.84175682067871,79.85309600830078,-0.37370818853378296
fair_leg/tuned_family,test,13,11,pv_battery,45.7022590637207,81.53446960449219,-0.5605267286300659
fair_leg/tuned_family,test,13,12,large_flex,33.08027267456055,209.47874450683594,-0.1579170525074005
fair_leg/tuned_family,test,13,13,large_flex,62.18402099609375,191.45523071289062,-0.3247966170310974
fair_leg/tuned_family,test,13,14,large_flex,43.79795837402344,195.6560821533203,-0.22385179996490479
fair_leg/tuned_family,test,13,15,pv_battery,4.311141014099121,81.54383850097656,-0.052869003266096115
fair_leg/tuned_family,test,13,16,pv_battery,37.07173156738281,75.5238037109375,-0.4908617436885834
fair_leg/tuned_family,test,13,17,large_flex,56.807960510253906,235.99427795410156,-0.24071741104125977
fair_leg/tuned_family,test,14,0,tenant,-14.477177619934082,64.54833984375,0.2242843061685562
fair_leg/tuned_family,test,14,1,tenant,-12.094343185424805,54.62171173095703,0.22141997516155243
fair_leg/tuned_family,test,14,2,tenant,-15.930038452148438,71.51648712158203,0.22274646162986755
fair_leg/tuned_family,test,14,3,tenant,-13.902503967285156,63.19842529296875,0.21998187899589539
fair_leg/tuned_family,test,14,4,tenant,-15.219104766845703,67.76394653320312,0.22459006309509277
fair_leg/tuned_family,test,14,5,tenant,-14.703742027282715,65.76097106933594,0.22359372675418854
fair_leg/tuned_family,test,14,6,pv_only,-1.0639910697937012,81.26487731933594,0.013092892244458199
fair_leg/tuned_family,test,14,7,pv_battery,62.385353088378906,89.22527313232422,-0.6991892457008362
fair_leg/tuned_family,test,14,8,pv_battery,60.24079132080078,70.50829315185547,-0.854378879070282
fair_leg/tuned_family,test,14,9,pv_battery,46.10641860961914,76.63370513916016,-0.6016467213630676
fair_leg/tuned_family,test,14,10,pv_only,35.596248626708984,84.27347564697266,-0.4223899841308594
fair_leg/tuned_family,test,14,11,pv_battery,54.29271697998047,94.81993103027344,-0.5725875496864319
fair_leg/tuned_family,test,14,12,large_flex,16.462173461914062,196.6439208984375,-0.08371566236019135
fair_leg/tuned_family,test,14,13,large_flex,55.83900451660156,204.53672790527344,-0.2730023264884949
fair_leg/tuned_family,test,14,14,large_flex,10.485337257385254,219.08375549316406,-0.04785997048020363
fair_leg/tuned_family,test,14,15,pv_battery,57.057533264160156,77.27157592773438,-0.7384024262428284
fair_leg/tuned_family,test,14,16,pv_battery,23.349090576171875,78.55946350097656,-0.2972155511379242
fair_leg/tuned_family,test,14,17,large_flex,8.150108337402344,223.69619750976562,-0.03643382713198662
fair_leg/tuned_family,test,15,0,tenant,-16.639404296875,74.6938247680664,0.22276808321475983
fair_leg/tuned_family,test,15,1,tenant,-14.574995040893555,65.07762908935547,0.2239631712436676
fair_leg/tuned_family,test,15,2,tenant,-13.984453201293945,62.6085205078125,0.22336341440677643
fair_leg/tuned_family,test,15,3,tenant,-13.993265151977539,62.717777252197266,0.22311490774154663
fair_leg/tuned_family,test,15,4,tenant,-12.986291885375977,58.54052734375,0.22183415293693542
fair_leg/tuned_family,test,15,5,tenant,-13.960407257080078,62.90364074707031,0.22193311154842377
fair_leg/tuned_family,test,15,6,pv_only,12.178573608398438,89.89776611328125,-0.1354714035987854
fair_leg/tuned_family,test,15,7,pv_battery,11.033499717712402,97.54315948486328,-0.11311402171850204
fair_leg/tuned_family,test,15,8,pv_battery,53.03506088256836,72.86759948730469,-0.7278279066085815
fair_leg/tuned_family,test,15,9,pv_battery,-1.3009235858917236,86.77117919921875,0.014992580749094486
fair_leg/tuned_family,test,15,10,pv_only,18.38144302368164,75.73419952392578,-0.2427099645137787
fair_leg/tuned_family,test,15,11,pv_battery,63.335044860839844,92.3165512084961,-0.6860634088516235
fair_leg/tuned_family,test,15,12,large_flex,7.503237724304199,210.69766235351562,-0.035611383616924286
fair_leg/tuned_family,test,15,13,large_flex,31.9415340423584,199.19363403320312,-0.16035418212413788
fair_leg/tuned_family,test,15,14,large_flex,51.40731430053711,219.95989990234375,-0.23371222615242004
fair_leg/tuned_family,test,15,15,pv_battery,41.19549560546875,102.40504455566406,-0.4022800624370575
fair_leg/tuned_family,test,15,16,pv_battery,37.57219696044922,84.61502075195312,-0.44403693079948425
fair_leg/tuned_family,test,15,17,large_flex,41.944908142089844,209.66786193847656,-0.20005400478839874
fair_leg/tuned_family,test,16,0,tenant,-15.00816535949707,67.2093505859375,0.22330468893051147
fair_leg/tuned_family,test,16,1,tenant,-12.260797500610352,54.931549072265625,0.22320130467414856
fair_leg/tuned_family,test,16,2,tenant,-15.13786792755127,67.35568237304688,0.22474512457847595
fair_leg/tuned_family,test,16,3,tenant,-13.795195579528809,62.17927551269531,0.22186161577701569
fair_leg/tuned_family,test,16,4,tenant,-12.999574661254883,58.209693908691406,0.2233233004808426
fair_leg/tuned_family,test,16,5,tenant,-12.910257339477539,57.75937271118164,0.22351792454719543
fair_leg/tuned_family,test,16,6,pv_only,37.283382415771484,90.48619079589844,-0.41203397512435913
fair_leg/tuned_family,test,16,7,pv_battery,25.98317527770996,92.22779846191406,-0.2817283272743225
fair_leg/tuned_family,test,16,8,pv_battery,15.846497535705566,82.8550033569336,-0.19125568866729736
fair_leg/tuned_family,test,16,9,pv_battery,40.6656608581543,94.79684448242188,-0.4289771020412445
fair_leg/tuned_family,test,16,10,pv_only,23.114490509033203,98.70648193359375,-0.23417417705059052
fair_leg/tuned_family,test,16,11,pv_battery,57.07012939453125,91.78949737548828,-0.6217500567436218
fair_leg/tuned_family,test,16,12,large_flex,4.188957214355469,220.208740234375,-0.019022665917873383
fair_leg/tuned_family,test,16,13,large_flex,-8.170404434204102,186.87705993652344,0.04372073709964752
fair_leg/tuned_family,test,16,14,large_flex,55.686737060546875,204.80606079101562,-0.2718998193740845
fair_leg/tuned_family,test,16,15,pv_battery,50.77510070800781,85.46842956542969,-0.5940800309181213
fair_leg/tuned_family,test,16,16,pv_battery,64.02317810058594,73.39588165283203,-0.8722995519638062
fair_leg/tuned_family,test,16,17,large_flex,39.10942077636719,205.97467041015625,-0.18987488746643066
fair_leg/tuned_family,test,17,0,tenant,-14.078792572021484,62.53596496582031,0.22513121366500854
fair_leg/tuned_family,test,17,1,tenant,-13.012227058410645,58.3036994934082,0.22318010032176971
fair_leg/tuned_family,test,17,2,tenant,-12.190025329589844,53.944068908691406,0.22597524523735046
fair_leg/tuned_family,test,17,3,tenant,-14.536859512329102,65.78950500488281,0.22096006572246552
fair_leg/tuned_family,test,17,4,tenant,-13.162672996520996,58.92573165893555,0.22337740659713745
fair_leg/tuned_family,test,17,5,tenant,-14.212472915649414,63.63812255859375,0.22333261370658875
fair_leg/tuned_family,test,17,6,pv_only,23.58462905883789,76.66487121582031,-0.3076327443122864
fair_leg/tuned_family,test,17,7,pv_battery,55.31159591674805,85.16590118408203,-0.6494569182395935
fair_leg/tuned_family,test,17,8,pv_battery,39.96551513671875,74.32853698730469,-0.537687361240387
fair_leg/tuned_family,test,17,9,pv_battery,53.86265563964844,82.66796875,-0.65155428647995
fair_leg/tuned_family,test,17,10,pv_only,20.437389373779297,80.77920532226562,-0.2530030310153961
fair_leg/tuned_family,test,17,11,pv_battery,35.45276641845703,89.17574310302734,-0.3975606858730316
fair_leg/tuned_family,test,17,12,large_flex,47.35906982421875,216.91053771972656,-0.21833457052707672
fair_leg/tuned_family,test,17,13,large_flex,14.22957992553711,195.1348419189453,-0.07292178273200989
fair_leg/tuned_family,test,17,14,large_flex,45.48008728027344,230.5649871826172,-0.19725491106510162
fair_leg/tuned_family,test,17,15,pv_battery,66.2585220336914,81.8302001953125,-0.8097077012062073
fair_leg/tuned_family,test,17,16,pv_battery,25.417797088623047,93.58141326904297,-0.27161160111427307
fair_leg/tuned_family,test,17,17,large_flex,39.03715515136719,221.8868408203125,-0.17593266069889069
fair_leg/tuned_family,test,18,0,tenant,-13.966609954833984,62.71976852416992,0.2226826697587967
fair_leg/tuned_family,test,18,1,tenant,-14.020158767700195,63.05696105957031,0.22234107553958893
fair_leg/tuned_family,test,18,2,tenant,-14.48162841796875,65.02294158935547,0.22271572053432465
fair_leg/tuned_family,test,18,3,tenant,-13.892827033996582,61.90911865234375,0.22440674901008606
fair_leg/tuned_family,test,18,4,tenant,-13.006575584411621,58.7082405090332,0.2215460240840912
fair_leg/tuned_family,test,18,5,tenant,-15.860673904418945,70.38614654541016,0.22533802688121796
fair_leg/tuned_family,test,18,6,pv_only,-12.648710250854492,88.58834075927734,0.14278079569339752
fair_leg/tuned_family,test,18,7,pv_battery,46.42642593383789,88.07725524902344,-0.5271103978157043
fair_leg/tuned_family,test,18,8,pv_battery,19.124168395996094,79.63179016113281,-0.24015745520591736
fair_leg/tuned_family,test,18,9,pv_battery,51.86015319824219,78.36991119384766,-0.6617356538772583
fair_leg/tuned_family,test,18,10,pv_only,35.56345748901367,73.76455688476562,-0.4821213185787201
fair_leg/tuned_family,test,18,11,pv_battery,38.75376892089844,81.8764419555664,-0.4733201861381531
fair_leg/tuned_family,test,18,12,large_flex,54.795501708984375,193.24049377441406,-0.28356122970581055
fair_leg/tuned_family,test,18,13,large_flex,61.96623229980469,201.22731018066406,-0.30794134736061096
fair_leg/tuned_family,test,18,14,large_flex,59.96379470825195,223.53965759277344,-0.26824674010276794
fair_leg/tuned_family,test,18,15,pv_battery,61.037864685058594,85.72362518310547,-0.712030827999115
fair_leg/tuned_family,test,18,16,pv_battery,53.09614562988281,85.09390258789062,-0.6239713430404663
fair_leg/tuned_family,test,18,17,large_flex,-5.303408622741699,197.7072296142578,0.02682454325258732
fair_leg/tuned_family,test,19,0,tenant,-15.474371910095215,68.8856201171875,0.22463852167129517
fair_leg/tuned_family,test,19,1,tenant,-13.353988647460938,59.58950424194336,0.22409950196743011
fair_leg/tuned_family,test,19,2,tenant,-13.32313346862793,59.54359436035156,0.22375424206256866
fair_leg/tuned_family,test,19,3,tenant,-13.171083450317383,59.20698928833008,0.22245824337005615
fair_leg/tuned_family,test,19,4,tenant,-13.6055326461792,60.636199951171875,0.22437971830368042
fair_leg/tuned_family,test,19,5,tenant,-11.893948554992676,53.75758361816406,0.2212514579296112
fair_leg/tuned_family,test,19,6,pv_only,25.686800003051758,87.54927062988281,-0.2933981418609619
fair_leg/tuned_family,test,19,7,pv_battery,62.824058532714844,80.59639739990234,-0.7794895768165588
fair_leg/tuned_family,test,19,8,pv_battery,11.356098175048828,78.52198028564453,-0.14462320506572723
fair_leg/tuned_family,test,19,9,pv_battery,15.2681884765625,99.7652359008789,-0.15304113924503326
fair_leg/tuned_family,test,19,10,pv_only,40.08922576904297,84.81458282470703,-0.47266900539398193
fair_leg/tuned_family,test,19,11,pv_battery,26.888736724853516,88.55309295654297,-0.30364540219306946
fair_leg/tuned_family,test,19,12,large_flex,23.628877639770508,218.55616760253906,-0.10811349749565125
fair_leg/tuned_family,test,19,13,large_flex,37.59954833984375,223.7444610595703,-0.16804683208465576
fair_leg/tuned_family,test,19,14,large_flex,29.89813232421875,204.47279357910156,-0.1462205946445465
fair_leg/tuned_family,test,19,15,pv_battery,9.546631813049316,73.83027648925781,-0.12930509448051453
fair_leg/tuned_family,test,19,16,pv_battery,20.209030151367188,86.82530975341797,-0.23275503516197205
fair_leg/tuned_family,test,19,17,large_flex,64.48242950439453,187.8963623046875,-0.34318074584007263
tariff/tuned_family,test,0,0,tenant,-11.277894973754883,72.69613647460938,0.15513738989830017
tariff/tuned_family,test,0,1,tenant,-10.446666717529297,69.583251953125,0.1501319408416748
tariff/tuned_family,test,0,2,tenant,-9.022229194641113,62.99239730834961,0.14322730898857117
tariff/tuned_family,test,0,3,tenant,-8.049936294555664,58.74997329711914,0.13702018558979034
tariff/tuned_family,test,0,4,tenant,-10.838140487670898,71.63943481445312,0.15128734707832336
tariff/tuned_family,test,0,5,tenant,-9.160665512084961,64.07042694091797,0.14297813177108765
tariff/tuned_family,test,0,6,pv_only,27.753427505493164,81.1683578491211,-0.3419243097305298
tariff/tuned_family,test,0,7,pv_battery,15.671426773071289,84.80936431884766,-0.1847841888666153
tariff/tuned_family,test,0,8,pv_battery,8.933904647827148,87.64793395996094,-0.10192940384149551
tariff/tuned_family,test,0,9,pv_battery,1.0546002388000488,78.14643096923828,-0.013495201244950294
tariff/tuned_family,test,0,10,pv_only,27.212528228759766,82.98085021972656,-0.32793742418289185
tariff/tuned_family,test,0,11,pv_battery,16.04105567932129,87.82832336425781,-0.18264101445674896
tariff/tuned_family,test,0,12,large_flex,37.0177116394043,163.15771484375,-0.2268831431865692
tariff/tuned_family,test,0,13,large_flex,-2.926630973815918,212.27325439453125,0.013787095434963703
tariff/tuned_family,test,0,14,large_flex,22.562015533447266,196.89239501953125,-0.11459051817655563
tariff/tuned_family,test,0,15,pv_battery,46.45050811767578,83.90279388427734,-0.553622841835022
tariff/tuned_family,test,0,16,pv_battery,13.49519157409668,81.3831787109375,-0.16582287847995758
tariff/tuned_family,test,0,17,large_flex,31.9764404296875,200.39971923828125,-0.15956325829029083
tariff/tuned_family,test,1,0,tenant,11.953142166137695,54.457115173339844,-0.2194964438676834
tariff/tuned_family,test,1,1,tenant,8.82033920288086,68.22596740722656,-0.12928129732608795
tariff/tuned_family,test,1,2,tenant,11.77011489868164,55.17155075073242,-0.2133365124464035
tariff/tuned_family,test,1,3,tenant,10.268012046813965,61.46684646606445,-0.16704967617988586
tariff/tuned_family,test,1,4,tenant,11.73434066772461,55.16480255126953,-0.21271413564682007
tariff/tuned_family,test,1,5,tenant,10.168621063232422,62.23639678955078,-0.16338719427585602
tariff/tuned_family,test,1,6,pv_only,22.303264617919922,74.15965270996094,-0.30074650049209595
tariff/tuned_family,test,1,7,pv_battery,33.63072967529297,72.00645446777344,-0.4670517146587372
tariff/tuned_family,test,1,8,pv_battery,33.84711456298828,92.32186889648438,-0.36662057042121887
tariff/tuned_family,test,1,9,pv_battery,29.61917495727539,78.94182586669922,-0.37520259618759155
tariff/tuned_family,test,1,10,pv_only,23.311120986938477,82.67589569091797,-0.2819579243659973
tariff/tuned_family,test,1,11,pv_battery,30.607738494873047,92.00402069091797,-0.33267834782600403
tariff/tuned_family,test,1,12,large_flex,30.208147048950195,178.49832153320312,-0.16923490166664124
tariff/tuned_family,test,1,13,large_flex,-0.8194601535797119,245.25674438476562,0.0033412326592952013
tariff/tuned_family,test,1,14,large_flex,30.069128036499023,217.50503540039062,-0.13824562728405
tariff/tuned_family,test,1,15,pv_battery,33.82718276977539,86.00672912597656,-0.39330872893333435
tariff/tuned_family,test,1,16,pv_battery,30.240760803222656,79.69620513916016,-0.37945041060447693
tariff/tuned_family,test,1,17,large_flex,29.81210708618164,225.34510803222656,-0.1322953701019287
tariff/tuned_family,test,2,0,tenant,-0.5469038486480713,61.47628402709961,0.008896168321371078
tariff/tuned_family,test,2,1,tenant,0.15000498294830322,58.042232513427734,-0.0025844178162515163
tariff/tuned_family,test,2,2,tenant,-1.393446683883667,64.21237182617188,0.021700602024793625
tariff/tuned_family,test,2,3,tenant,-2.046140670776367,68.21656799316406,0.029994776472449303
tariff/tuned_family,test,2,4,tenant,0.07840394973754883,58.41762161254883,-0.0013421204639598727
tariff/tuned_family,test,2,5,tenant,-3.838200569152832,75.52835083007812,0.05081801488995552
tariff/tuned_family,test,2,6,pv_only,13.018129348754883,80.94506072998047,-0.16082681715488434
tariff/tuned_family,test,2,7,pv_battery,15.029241561889648,84.7945785522461,-0.17724297940731049
tariff/tuned_family,test,2,8,pv_battery,13.596231460571289,88.06771087646484,-0.1543838530778885
tariff/tuned_family,test,2,9,pv_battery,37.44965362548828,91.76107788085938,-0.40812116861343384
tariff/tuned_family,test,2,10,pv_only,27.166366577148438,91.85672760009766,-0.2957471013069153
tariff/tuned_family,test,2,11,pv_battery,37.8170166015625,77.25574493408203,-0.4895044267177582
tariff/tuned_family,test,2,12,large_flex,-5.522889137268066,204.84323120117188,0.02696150913834572
tariff/tuned_family,test,2,13,large_flex,18.536972045898438,181.23695373535156,-0.10228028148412704
tariff/tuned_family,test,2,14,large_flex,-7.4539875984191895,205.46482849121094,0.03627865016460419
tariff/tuned_family,test,2,15,pv_battery,39.370758056640625,90.36703491210938,-0.4356762766838074
tariff/tuned_family,test,2,16,pv_battery,40.98210144042969,82.03416442871094,-0.4995737671852112
tariff/tuned_family,test,2,17,large_flex,31.741580963134766,219.12709045410156,-0.14485464990139008
tariff/tuned_family,test,3,0,tenant,-2.4838385581970215,62.633827209472656,0.03965652734041214
tariff/tuned_family,test,3,1,tenant,-1.6044915914535522,59.18191146850586,0.027111172676086426
tariff/tuned_family,test,3,2,tenant,-4.206338882446289,70.26583862304688,0.059863220900297165
tariff/tuned_family,test,3,3,tenant,-2.36960768699646,61.681739807128906,0.03841667249798775
tariff/tuned_family,test,3,4,tenant,-2.348355531692505,61.75115966796875,0.03802933171391487
tariff/tuned_family,test,3,5,tenant,-2.4417409896850586,62.27299880981445,0.03921027481555939
tariff/tuned_family,test,3,6,pv_only,15.220076560974121,85.24974822998047,-0.17853516340255737
tariff/tuned_family,test,3,7,pv_battery,19.797780990600586,81.70303344726562,-0.24231386184692383
tariff/tuned_family,test,3,8,pv_battery,21.434476852416992,72.66333770751953,-0.29498347640037537
tariff/tuned_family,test,3,9,pv_battery,24.176912307739258,93.5228042602539,-0.25851359963417053
tariff/tuned_family,test,3,10,pv_only,11.915695190429688,77.6488037109375,-0.15345625579357147
tariff/tuned_family,test,3,11,pv_battery,18.32623291015625,79.91842651367188,-0.22931170463562012
tariff/tuned_family,test,3,12,large_flex,17.295894622802734,216.7044219970703,-0.07981326431035995
tariff/tuned_family,test,3,13,large_flex,36.764068603515625,213.99559020996094,-0.17179825901985168
tariff/tuned_family,test,3,14,large_flex,33.008914947509766,223.9399871826172,-0.14740070700645447
tariff/tuned_family,test,3,15,pv_battery,36.10417175292969,80.5962142944336,-0.4479637145996094
tariff/tuned_family,test,3,16,pv_battery,35.25313186645508,81.26229095458984,-0.4338190257549286
tariff/tuned_family,test,3,17,large_flex,29.776145935058594,207.4656524658203,-0.1435232311487198
tariff/tuned_family,test,4,0,tenant,10.975614547729492,62.15242385864258,-0.17659185826778412
tariff/tuned_family,test,4,1,tenant,11.155550003051758,61.42643737792969,-0.1816083937883377
tariff/tuned_family,test,4,2,tenant,8.547745704650879,72.35894012451172,-0.11812975257635117
tariff/tuned_family,test,4,3,tenant,9.942368507385254,65.97551727294922,-0.15069782733917236
tariff/tuned_family,test,4,4,tenant,10.060882568359375,66.20619201660156,-0.15196280181407928
tariff/tuned_family,test,4,5,tenant,11.270280838012695,60.11405563354492,-0.18748168647289276
tariff/tuned_family,test,4,6,pv_only,18.723289489746094,89.06841278076172,-0.21021240949630737
tariff/tuned_family,test,4,7,pv_battery,32.93267059326172,82.7998046875,-0.3977385461330414
tariff/tuned_family,test,4,8,pv_battery,25.378835678100586,72.0082778930664,-0.35244330763816833
tariff/tuned_family,test,4,9,pv_battery,34.37353515625,86.46598815917969,-0.39753830432891846
tariff/tuned_family,test,4,10,pv_only,21.636625289916992,76.42791748046875,-0.2830983102321625
tariff/tuned_family,test,4,11,pv_battery,34.498619079589844,76.65846252441406,-0.4500300884246826
tariff/tuned_family,test,4,12,large_flex,33.68892288208008,205.79310607910156,-0.1637028008699417
tariff/tuned_family,test,4,13,large_flex,28.636226654052734,190.24539184570312,-0.15052253007888794
tariff/tuned_family,test,4,14,large_flex,31.610414505004883,204.85440063476562,-0.15430673956871033
tariff/tuned_family,test,4,15,pv_battery,30.11562156677246,89.1939697265625,-0.3376418948173523
tariff/tuned_family,test,4,16,pv_battery,28.084609985351562,86.89279174804688,-0.3232099711894989
tariff/tuned_family,test,4,17,large_flex,27.774181365966797,197.13223266601562,-0.14089111983776093
tariff/tuned_family,test,5,0,tenant,-2.1807281970977783,65.47962951660156,0.033303920179605484
tariff/tuned_family,test,5,1,tenant,-3.9711804389953613,72.49996948242188,0.054774969816207886
tariff/tuned_family,test,5,2,tenant,-0.2917405962944031,56.48336410522461,0.0051650675013661385
tariff/tuned_family,test,5,3,tenant,-3.1819334030151367,69.02279663085938,0.04609976336359978
tariff/tuned_family,test,5,4,tenant,-0.302798867225647,56.17674255371094,0.00539010064676404
tariff/tuned_family,test,5,5,tenant,-2.5476932525634766,66.93524169921875,0.03806202858686447
tariff/tuned_family,test,5,6,pv_only,21.421178817749023,81.12820434570312,-0.2640409469604492
tariff/tuned_family,test,5,7,pv_battery,32.37028884887695,95.53137969970703,-0.3388447165489197
tariff/tuned_family,test,5,8,pv_battery,29.854320526123047,90.40953063964844,-0.33021214604377747
tariff/tuned_family,test,5,9,pv_battery,36.710533142089844,77.04638671875,-0.4764731824398041
tariff/tuned_family,test,5,10,pv_only,12.113441467285156,95.9556884765625,-0.12623998522758484
tariff/tuned_family,test,5,11,pv_battery,13.933104515075684,91.12498474121094,-0.15290100872516632
tariff/tuned_family,test,5,12,large_flex,41.345481872558594,209.5968475341797,-0.1972620189189911
tariff/tuned_family,test,5,13,large_flex,7.414473533630371,216.7526397705078,-0.034207072108983994
tariff/tuned_family,test,5,14,large_flex,12.76321792602539,197.72850036621094,-0.06454920768737793
tariff/tuned_family,test,5,15,pv_battery,27.156757354736328,79.16350555419922,-0.3430464565753937
tariff/tuned_family,test,5,16,pv_battery,40.08122253417969,88.03372955322266,-0.45529383420944214
tariff/tuned_family,test,5,17,large_flex,15.026947021484375,204.9633026123047,-0.07331528514623642
tariff/tuned_family,test,6,0,tenant,4.5511884689331055,63.66468048095703,-0.07148685306310654
tariff/tuned_family,test,6,1,tenant,4.3701934814453125,64.55371856689453,-0.06769856810569763
tariff/tuned_family,test,6,2,tenant,3.2146079540252686,69.72496032714844,-0.04610412195324898
tariff/tuned_family,test,6,3,tenant,4.610150337219238,64.16187286376953,-0.07185186445713043
tariff/tuned_family,test,6,4,tenant,6.668395042419434,54.091068267822266,-0.12328088283538818
tariff/tuned_family,test,6,5,tenant,2.59027361869812,72.30187225341797,-0.035825807601213455
tariff/tuned_family,test,6,6,pv_only,10.422269821166992,88.91521453857422,-0.11721581220626831
tariff/tuned_family,test,6,7,pv_battery,38.372276306152344,68.42283630371094,-0.5608106851577759
tariff/tuned_family,test,6,8,pv_battery,30.791641235351562,79.1043930053711,-0.3892533481121063
tariff/tuned_family,test,6,9,pv_battery,28.778949737548828,82.94664764404297,-0.3469575047492981
tariff/tuned_family,test,6,10,pv_only,18.20366668701172,83.30595397949219,-0.21851572394371033
tariff/tuned_family,test,6,11,pv_battery,17.970308303833008,77.62564086914062,-0.23149967193603516
tariff/tuned_family,test,6,12,large_flex,35.87031936645508,193.56597900390625,-0.18531310558319092
tariff/tuned_family,test,6,13,large_flex,14.88529109954834,186.5530548095703,-0.07979117333889008
tariff/tuned_family,test,6,14,large_flex,24.751066207885742,198.326904296875,-0.12479935586452484
tariff/tuned_family,test,6,15,pv_battery,33.80765151977539,92.698486328125,-0.36470553278923035
tariff/tuned_family,test,6,16,pv_battery,26.999404907226562,90.08251953125,-0.29971855878829956
tariff/tuned_family,test,6,17,large_flex,34.523460388183594,208.28182983398438,-0.16575360298156738
tariff/tuned_family,test,7,0,tenant,8.730306625366211,56.37227249145508,-0.1548686921596527
tariff/tuned_family,test,7,1,tenant,7.091989040374756,64.04303741455078,-0.1107378676533699
tariff/tuned_family,test,7,2,tenant,7.377231597900391,62.43913650512695,-0.11815079301595688
tariff/tuned_family,test,7,3,tenant,8.410989761352539,57.86317443847656,-0.14535994827747345
tariff/tuned_family,test,7,4,tenant,6.886506080627441,64.57722473144531,-0.10663983970880508
tariff/tuned_family,test,7,5,tenant,7.195014953613281,63.76203536987305,-0.11284167319536209
tariff/tuned_family,test,7,6,pv_only,22.354148864746094,89.17561340332031,-0.2506754696369171
tariff/tuned_family,test,7,7,pv_battery,26.310989379882812,93.81871032714844,-0.2804451286792755
tariff/tuned_family,test,7,8,pv_battery,25.95880889892578,79.26966094970703,-0.32747456431388855
tariff/tuned_family,test,7,9,pv_battery,32.241737365722656,83.69727325439453,-0.3852185308933258
tariff/tuned_family,test,7,10,pv_only,23.301189422607422,89.58158111572266,-0.2601111829280853
tariff/tuned_family,test,7,11,pv_battery,36.678810119628906,88.0494613647461,-0.41657066345214844
tariff/tuned_family,test,7,12,large_flex,30.251876831054688,192.69558715820312,-0.1569930613040924
tariff/tuned_family,test,7,13,large_flex,25.520872116088867,189.23648071289062,-0.13486230373382568
tariff/tuned_family,test,7,14,large_flex,21.821063995361328,205.96295166015625,-0.10594649612903595
tariff/tuned_family,test,7,15,pv_battery,27.951324462890625,87.1794204711914,-0.3206184208393097
tariff/tuned_family,test,7,16,pv_battery,30.453044891357422,85.78961181640625,-0.3549734055995941
tariff/tuned_family,test,7,17,large_flex,32.27959442138672,207.57110595703125,-0.1555110216140747
tariff/tuned_family,test,8,0,tenant,-7.288732528686523,62.965553283691406,0.11575747281312943
tariff/tuned_family,test,8,1,tenant,-7.642145156860352,64.07431030273438,0.11927008628845215
tariff/tuned_family,test,8,2,tenant,-8.128646850585938,66.06665802001953,0.12303704023361206
tariff/tuned_family,test,8,3,tenant,-9.148326873779297,70.55229187011719,0.12966735661029816
tariff/tuned_family,test,8,4,tenant,-6.725227355957031,59.791648864746094,0.11247774213552475
tariff/tuned_family,test,8,5,tenant,-8.441789627075195,67.35026550292969,0.1253415197134018
tariff/tuned_family,test,8,6,pv_only,-1.351077675819397,89.90369415283203,0.015028056688606739
tariff/tuned_family,test,8,7,pv_battery,34.83128356933594,80.24170684814453,-0.43407943844795227
tariff/tuned_family,test,8,8,pv_battery,13.815021514892578,86.0987319946289,-0.1604556143283844
tariff/tuned_family,test,8,9,pv_battery,23.616527557373047,90.46062469482422,-0.2610696852207184
tariff/tuned_family,test,8,10,pv_only,22.1995849609375,76.1808853149414,-0.29140621423721313
tariff/tuned_family,test,8,11,pv_battery,14.677629470825195,89.7593002319336,-0.1635221540927887
tariff/tuned_family,test,8,12,large_flex,31.19447135925293,182.61277770996094,-0.1708230972290039
tariff/tuned_family,test,8,13,large_flex,46.04145050048828,183.36631774902344,-0.2510899007320404
tariff/tuned_family,test,8,14,large_flex,20.639942169189453,183.66424560546875,-0.11237869411706924
tariff/tuned_family,test,8,15,pv_battery,16.786312103271484,82.60541534423828,-0.2032107263803482
tariff/tuned_family,test,8,16,pv_battery,16.18980598449707,94.55230712890625,-0.17122581601142883
tariff/tuned_family,test,8,17,large_flex,32.928924560546875,202.8647918701172,-0.1623196005821228
tariff/tuned_family,test,9,0,tenant,-11.904932022094727,70.0582046508789,0.1699291616678238
tariff/tuned_family,test,9,1,tenant,-8.64965534210205,55.69179153442383,0.15531286597251892
tariff/tuned_family,test,9,2,tenant,-11.773077011108398,68.88367462158203,0.17091244459152222
tariff/tuned_family,test,9,3,tenant,-10.237702369689941,62.655616760253906,0.16339638829231262
tariff/tuned_family,test,9,4,tenant,-9.833523750305176,61.0221061706543,0.1611468493938446
tariff/tuned_family,test,9,5,tenant,-10.191401481628418,62.020748138427734,0.16432246565818787
tariff/tuned_family,test,9,6,pv_only,21.569522857666016,86.77166748046875,-0.2485780119895935
tariff/tuned_family,test,9,7,pv_battery,28.108617782592773,71.95957946777344,-0.3906167447566986
tariff/tuned_family,test,9,8,pv_battery,12.813088417053223,75.52349090576172,-0.16965705156326294
tariff/tuned_family,test,9,9,pv_battery,45.88385772705078,80.29789733886719,-0.571420431137085
tariff/tuned_family,test,9,10,pv_only,29.890913009643555,91.98482513427734,-0.3249547481536865
tariff/tuned_family,test,9,11,pv_battery,4.4754862785339355,93.70648956298828,-0.047760721296072006
tariff/tuned_family,test,9,12,large_flex,-10.713306427001953,238.96209716796875,0.04483266547322273
tariff/tuned_family,test,9,13,large_flex,-13.435765266418457,194.73968505859375,0.0689934715628624
tariff/tuned_family,test,9,14,large_flex,18.09001922607422,201.51390075683594,-0.08977060765028
tariff/tuned_family,test,9,15,pv_battery,55.86367416381836,95.91413879394531,-0.5824339389801025
tariff/tuned_family,test,9,16,pv_battery,27.10744285583496,87.90290069580078,-0.3083793818950653
tariff/tuned_family,test,9,17,large_flex,15.089897155761719,177.35379028320312,-0.08508358150720596
tariff/tuned_family,test,10,0,tenant,-4.279846668243408,67.41810607910156,0.06348217278718948
tariff/tuned_family,test,10,1,tenant,-2.063354969024658,57.790008544921875,0.0357043519616127
tariff/tuned_family,test,10,2,tenant,-2.7713911533355713,60.276390075683594,0.04597806930541992
tariff/tuned_family,test,10,3,tenant,-4.013197898864746,65.67347717285156,0.061108335852622986
tariff/tuned_family,test,10,4,tenant,-4.415245056152344,67.2275619506836,0.06567613035440445
tariff/tuned_family,test,10,5,tenant,-2.749764919281006,60.786712646484375,0.0452362596988678
tariff/tuned_family,test,10,6,pv_only,25.228893280029297,88.04647827148438,-0.28654077649116516
tariff/tuned_family,test,10,7,pv_battery,22.952306747436523,91.16907501220703,-0.25175532698631287
tariff/tuned_family,test,10,8,pv_battery,29.544811248779297,90.3240966796875,-0.3270980417728424
tariff/tuned_family,test,10,9,pv_battery,5.785970687866211,86.59068298339844,-0.06681975722312927
tariff/tuned_family,test,10,10,pv_only,7.924865245819092,82.48348236083984,-0.09607826918363571
tariff/tuned_family,test,10,11,pv_battery,24.61556625366211,92.20865631103516,-0.2669549882411957
tariff/tuned_family,test,10,12,large_flex,41.03154754638672,228.5016632080078,-0.17956770956516266
tariff/tuned_family,test,10,13,large_flex,25.26725959777832,190.19651794433594,-0.1328481137752533
tariff/tuned_family,test,10,14,large_flex,12.26249885559082,177.0040283203125,-0.06927806884050369
tariff/tuned_family,test,10,15,pv_battery,44.19373321533203,83.85359191894531,-0.5270342826843262
tariff/tuned_family,test,10,16,pv_battery,14.493778228759766,84.9761962890625,-0.170562744140625
tariff/tuned_family,test,10,17,large_flex,27.72136688232422,209.84616088867188,-0.13210329413414001
tariff/tuned_family,test,11,0,tenant,5.495974540710449,72.15080261230469,-0.07617343217134476
tariff/tuned_family,test,11,1,tenant,7.810522079467773,62.132808685302734,-0.12570680677890778
tariff/tuned_family,test,11,2,tenant,6.1535186767578125,69.55110168457031,-0.08847478032112122
tariff/tuned_family,test,11,3,tenant,7.1505913734436035,64.90348815917969,-0.11017261445522308
tariff/tuned_family,test,11,4,tenant,6.725706100463867,66.502685546875,-0.10113433748483658
tariff/tuned_family,test,11,5,tenant,7.627928733825684,62.70114517211914,-0.12165524065494537
tariff/tuned_family,test,11,6,pv_only,20.571659088134766,85.8766860961914,-0.23954890668392181
tariff/tuned_family,test,11,7,pv_battery,29.876174926757812,84.4786148071289,-0.3536536395549774
tariff/tuned_family,test,11,8,pv_battery,23.897926330566406,94.71375274658203,-0.25231730937957764
tariff/tuned_family,test,11,9,pv_battery,33.59101867675781,86.70022583007812,-0.38743874430656433
tariff/tuned_family,test,11,10,pv_only,15.092732429504395,90.72291564941406,-0.16636072099208832
tariff/tuned_family,test,11,11,pv_battery,34.825836181640625,75.66815185546875,-0.46024441719055176
tariff/tuned_family,test,11,12,large_flex,4.213555335998535,215.45156860351562,-0.019556855782866478
tariff/tuned_family,test,11,13,large_flex,29.106000900268555,230.04476928710938,-0.1265232115983963
tariff/tuned_family,test,11,14,large_flex,34.494876861572266,221.4818115234375,-0.15574584901332855
tariff/tuned_family,test,11,15,pv_battery,34.97510528564453,79.61206817626953,-0.4393191337585449
tariff/tuned_family,test,11,16,pv_battery,29.712215423583984,91.61184692382812,-0.3243270814418793
tariff/tuned_family,test,11,17,large_flex,32.121055603027344,184.9727020263672,-0.17365293204784393
tariff/tuned_family,test,12,0,tenant,-5.057526111602783,61.44271469116211,0.08231286704540253
tariff/tuned_family,test,12,1,tenant,-4.616913795471191,59.79969787597656,0.0772063136100769
tariff/tuned_family,test,12,2,tenant,-5.968165397644043,65.94331359863281,0.09050444513559341
tariff/tuned_family,test,12,3,tenant,-6.8580851554870605,69.69342803955078,0.09840366989374161
tariff/tuned_family,test,12,4,tenant,-5.134395122528076,61.78516387939453,0.08310076594352722
tariff/tuned_family,test,12,5,tenant,-6.2043375968933105,67.02764892578125,0.09256380796432495
tariff/tuned_family,test,12,6,pv_only,12.294846534729004,82.48181915283203,-0.14906129240989685
tariff/tuned_family,test,12,7,pv_battery,37.039649963378906,86.35420989990234,-0.42892709374427795
tariff/tuned_family,test,12,8,pv_battery,34.228607177734375,73.18670654296875,-0.4676889181137085
tariff/tuned_family,test,12,9,pv_battery,8.995949745178223,83.92576599121094,-0.10718937963247299
tariff/tuned_family,test,12,10,pv_only,29.123994827270508,93.49021911621094,-0.3115192949771881
tariff/tuned_family,test,12,11,pv_battery,44.882930755615234,92.68009948730469,-0.4842783510684967
tariff/tuned_family,test,12,12,large_flex,26.132612228393555,198.4272918701172,-0.1316986382007599
tariff/tuned_family,test,12,13,large_flex,17.767196655273438,195.70989990234375,-0.09078331291675568
tariff/tuned_family,test,12,14,large_flex,-2.0299692153930664,230.02713012695312,0.008824926801025867
tariff/tuned_family,test,12,15,pv_battery,8.521297454833984,83.97183227539062,-0.10147803276777267
tariff/tuned_family,test,12,16,pv_battery,10.085206985473633,93.6460952758789,-0.10769490897655487
tariff/tuned_family,test,12,17,large_flex,33.47370147705078,205.8638153076172,-0.16260117292404175
tariff/tuned_family,test,13,0,tenant,-0.5489710569381714,65.24479675292969,0.008414019830524921
tariff/tuned_family,test,13,1,tenant,-1.667689323425293,69.55045318603516,0.023978115990757942
tariff/tuned_family,test,13,2,tenant,1.251725196838379,56.62065124511719,-0.022107204422354698
tariff/tuned_family,test,13,3,tenant,-1.1730127334594727,68.10638427734375,0.01722325012087822
tariff/tuned_family,test,13,4,tenant,-0.10964107513427734,62.777862548828125,0.0017464488046243787
tariff/tuned_family,test,13,5,tenant,-0.9982023239135742,67.26835632324219,0.014839116483926773
tariff/tuned_family,test,13,6,pv_only,2.3229587078094482,94.4789810180664,-0.0245869942009449
tariff/tuned_family,test,13,7,pv_battery,29.789222717285156,77.69390106201172,-0.38341766595840454
tariff/tuned_family,test,13,8,pv_battery,34.00075912475586,75.55756378173828,-0.4499978721141815
tariff/tuned_family,test,13,9,pv_battery,12.229948997497559,85.78258514404297,-0.14256909489631653
tariff/tuned_family,test,13,10,pv_only,21.569316864013672,79.85309600830078,-0.2701123356819153
tariff/tuned_family,test,13,11,pv_battery,30.76046371459961,81.53446960449219,-0.3772693872451782
tariff/tuned_family,test,13,12,large_flex,23.105209350585938,209.47874450683594,-0.1102985292673111
tariff/tuned_family,test,13,13,large_flex,37.87557601928711,191.4552459716797,-0.19782988727092743
tariff/tuned_family,test,13,14,large_flex,28.7618350982666,195.6560821533203,-0.14700204133987427
tariff/tuned_family,test,13,15,pv_battery,15.281269073486328,81.54383850097656,-0.18739931285381317
tariff/tuned_family,test,13,16,pv_battery,32.162376403808594,75.5238037109375,-0.42585742473602295
tariff/tuned_family,test,13,17,large_flex,34.981842041015625,235.99429321289062,-0.14823175966739655
tariff/tuned_family,test,14,0,tenant,5.03166389465332,64.54833984375,-0.07795184850692749
tariff/tuned_family,test,14,1,tenant,7.414960861206055,54.62171173095703,-0.13575121760368347
tariff/tuned_family,test,14,2,tenant,3.5791187286376953,71.51648712158203,-0.050046078860759735
tariff/tuned_family,test,14,3,tenant,5.606307029724121,63.19842529296875,-0.08870960772037506
tariff/tuned_family,test,14,4,tenant,4.289734840393066,67.76394653320312,-0.0633041188120842
tariff/tuned_family,test,14,5,tenant,4.805081367492676,65.76097106933594,-0.07306892424821854
tariff/tuned_family,test,14,6,pv_only,11.07118034362793,81.26487731933594,-0.13623574376106262
tariff/tuned_family,test,14,7,pv_battery,34.14849853515625,89.22527313232422,-0.3827223479747772
tariff/tuned_family,test,14,8,pv_battery,35.68069839477539,70.50829315185547,-0.5060495734214783
tariff/tuned_family,test,14,9,pv_battery,31.751306533813477,76.63369750976562,-0.41432562470436096
tariff/tuned_family,test,14,10,pv_only,22.843826293945312,84.27347564697266,-0.2710677683353424
tariff/tuned_family,test,14,11,pv_battery,32.55500030517578,94.81993103027344,-0.34333503246307373
tariff/tuned_family,test,14,12,large_flex,16.22823715209961,196.64389038085938,-0.08252602815628052
tariff/tuned_family,test,14,13,large_flex,32.42284393310547,204.5366973876953,-0.1585184931755066
tariff/tuned_family,test,14,14,large_flex,19.240001678466797,219.083740234375,-0.08782030642032623
tariff/tuned_family,test,14,15,pv_battery,33.078094482421875,77.27157592773438,-0.42807599902153015
tariff/tuned_family,test,14,16,pv_battery,24.641738891601562,78.55946350097656,-0.3136698603630066
tariff/tuned_family,test,14,17,large_flex,17.917282104492188,223.69619750976562,-0.08009651303291321
tariff/tuned_family,test,15,0,tenant,-4.728561878204346,74.6938247680664,0.06330592930316925
tariff/tuned_family,test,15,1,tenant,-2.6645748615264893,65.07762908935547,0.04094455763697624
tariff/tuned_family,test,15,2,tenant,-2.074042320251465,62.6085205078125,0.03312716633081436
tariff/tuned_family,test,15,3,tenant,-2.0827555656433105,62.717777252197266,0.03320835903286934
tariff/tuned_family,test,15,4,tenant,-1.0757694244384766,58.54052734375,0.01837647333741188
tariff/tuned_family,test,15,5,tenant,-2.049623966217041,62.90364074707031,0.03258355334401131
tariff/tuned_family,test,15,6,pv_only,12.182745933532715,89.89776611328125,-0.13551777601242065
tariff/tuned_family,test,15,7,pv_battery,17.426292419433594,97.54315948486328,-0.17865219712257385
tariff/tuned_family,test,15,8,pv_battery,38.686981201171875,72.86759948730469,-0.5309218168258667
tariff/tuned_family,test,15,9,pv_battery,9.859708786010742,86.77117156982422,-0.11362886428833008
tariff/tuned_family,test,15,10,pv_only,14.469511032104492,75.73419952392578,-0.1910562962293625
tariff/tuned_family,test,15,11,pv_battery,43.792083740234375,92.31656646728516,-0.4743686020374298
tariff/tuned_family,test,15,12,large_flex,14.357970237731934,210.69766235351562,-0.06814486533403397
tariff/tuned_family,test,15,13,large_flex,25.23940658569336,199.19363403320312,-0.12670791149139404
tariff/tuned_family,test,15,14,large_flex,33.948272705078125,219.9599151611328,-0.15433837473392487
tariff/tuned_family,test,15,15,pv_battery,29.629411697387695,102.40503692626953,-0.2893354594707489
tariff/tuned_family,test,15,16,pv_battery,28.69065284729004,84.61502075195312,-0.3390726149082184
tariff/tuned_family,test,15,17,large_flex,27.929214477539062,209.6678466796875,-0.13320694863796234
tariff/tuned_family,test,16,0,tenant,3.4199132919311523,67.2093505859375,-0.05088449642062187
tariff/tuned_family,test,16,1,tenant,6.1676530838012695,54.931549072265625,-0.11227889358997345
tariff/tuned_family,test,16,2,tenant,3.2906503677368164,67.35568237304688,-0.04885483905673027
tariff/tuned_family,test,16,3,tenant,4.633262634277344,62.17927551269531,-0.07451453804969788
tariff/tuned_family,test,16,4,tenant,5.428742408752441,58.209693908691406,-0.09326184540987015
tariff/tuned_family,test,16,5,tenant,5.5182037353515625,57.75937271118164,-0.09553778916597366
tariff/tuned_family,test,16,6,pv_only,22.792165756225586,90.48619079589844,-0.2518855631351471
tariff/tuned_family,test,16,7,pv_battery,25.18939208984375,92.22779846191406,-0.2731214165687561
tariff/tuned_family,test,16,8,pv_battery,22.59723663330078,82.8550033569336,-0.272732138633728
tariff/tuned_family,test,16,9,pv_battery,27.53905487060547,94.79684448242188,-0.2905060052871704
tariff/tuned_family,test,16,10,pv_only,16.90798568725586,98.70648193359375,-0.17129559814929962
tariff/tuned_family,test,16,11,pv_battery,32.59142303466797,91.78949737548828,-0.3550669848918915
tariff/tuned_family,test,16,12,large_flex,15.706893920898438,220.208740234375,-0.07132727652788162
tariff/tuned_family,test,16,13,large_flex,8.950538635253906,186.87705993652344,-0.047895319759845734
tariff/tuned_family,test,16,14,large_flex,31.474056243896484,204.80606079101562,-0.15367741882801056
tariff/tuned_family,test,16,15,pv_battery,31.97372817993164,85.46842956542969,-0.37409988045692444
tariff/tuned_family,test,16,16,pv_battery,36.9673957824707,73.39588165283203,-0.5036712884902954
tariff/tuned_family,test,16,17,large_flex,22.047809600830078,205.97467041015625,-0.1070413663983345
tariff/tuned_family,test,17,0,tenant,6.7601704597473145,62.53596496582031,-0.1081005111336708
tariff/tuned_family,test,17,1,tenant,7.827026844024658,58.3036994934082,-0.13424570858478546
tariff/tuned_family,test,17,2,tenant,8.648951530456543,53.944068908691406,-0.1603318154811859
tariff/tuned_family,test,17,3,tenant,6.302308082580566,65.78950500488281,-0.09579508006572723
tariff/tuned_family,test,17,4,tenant,7.676550388336182,58.92573165893555,-0.13027504086494446
tariff/tuned_family,test,17,5,tenant,6.626733303070068,63.63812255859375,-0.1041315570473671
tariff/tuned_family,test,17,6,pv_only,19.605850219726562,76.66487121582031,-0.25573453307151794
tariff/tuned_family,test,17,7,pv_battery,33.31818771362305,85.16590118408203,-0.39121514558792114
tariff/tuned_family,test,17,8,pv_battery,28.51198387145996,74.32853698730469,-0.383593887090683
tariff/tuned_family,test,17,9,pv_battery,33.2728271484375,82.66796875,-0.4024876356124878
tariff/tuned_family,test,17,10,pv_only,19.898351669311523,80.77920532226562,-0.24633005261421204
tariff/tuned_family,test,17,11,pv_battery,28.53881072998047,89.17574310302734,-0.3200288414955139
tariff/tuned_family,test,17,12,large_flex,29.529300689697266,216.91053771972656,-0.13613580167293549
tariff/tuned_family,test,17,13,large_flex,23.41228485107422,195.1348419189453,-0.11998005211353302
tariff/tuned_family,test,17,14,large_flex,28.40732765197754,230.56500244140625,-0.12320748716592789
tariff/tuned_family,test,17,15,pv_battery,36.3104133605957,81.8302001953125,-0.4437287747859955
tariff/tuned_family,test,17,16,pv_battery,26.001344680786133,93.58142852783203,-0.2778472602367401
tariff/tuned_family,test,17,17,large_flex,26.697540283203125,221.88687133789062,-0.12032047659158707
tariff/tuned_family,test,18,0,tenant,8.227654457092285,62.71976852416992,-0.13118122518062592
tariff/tuned_family,test,18,1,tenant,8.17475700378418,63.05696105957031,-0.1296408474445343
tariff/tuned_family,test,18,2,tenant,7.713404178619385,65.02294158935547,-0.1186259537935257
tariff/tuned_family,test,18,3,tenant,8.301416397094727,61.90911865234375,-0.134090393781662
tariff/tuned_family,test,18,4,tenant,9.188329696655273,58.7082405090332,-0.1565084010362625
tariff/tuned_family,test,18,5,tenant,6.334050178527832,70.38614654541016,-0.08999001234769821
tariff/tuned_family,test,18,6,pv_only,7.956076622009277,88.58834075927734,-0.08980947732925415
tariff/tuned_family,test,18,7,pv_battery,30.25749969482422,88.0772476196289,-0.3435337245464325
tariff/tuned_family,test,18,8,pv_battery,26.345447540283203,79.63179016113281,-0.3308407962322235
tariff/tuned_family,test,18,9,pv_battery,32.17156219482422,78.36991119384766,-0.4105091691017151
tariff/tuned_family,test,18,10,pv_only,23.339391708374023,73.76455688476562,-0.3164040446281433
tariff/tuned_family,test,18,11,pv_battery,29.84734535217285,81.87643432617188,-0.3645411431789398
tariff/tuned_family,test,18,12,large_flex,31.845510482788086,193.24049377441406,-0.1647973656654358
tariff/tuned_family,test,18,13,large_flex,31.275344848632812,201.227294921875,-0.15542291104793549
tariff/tuned_family,test,18,14,large_flex,32.09589385986328,223.53965759277344,-0.143580362200737
tariff/tuned_family,test,18,15,pv_battery,34.6732177734375,85.72362518310547,-0.40447667241096497
tariff/tuned_family,test,18,16,pv_battery,33.009033203125,85.09390258789062,-0.3879129886627197
tariff/tuned_family,test,18,17,large_flex,12.34307861328125,197.70721435546875,-0.062431104481220245
tariff/tuned_family,test,19,0,tenant,-5.335124492645264,68.8856201171875,0.0774490088224411
tariff/tuned_family,test,19,1,tenant,-3.214562177658081,59.58950424194336,0.05394512787461281
tariff/tuned_family,test,19,2,tenant,-3.1842336654663086,59.54359436035156,0.053477391600608826
tariff/tuned_family,test,19,3,tenant,-3.0319089889526367,59.20698928833008,0.05120866373181343
tariff/tuned_family,test,19,4,tenant,-3.46610164642334,60.636199951171875,0.05716220661997795
tariff/tuned_family,test,19,5,tenant,-1.754679799079895,53.75758361816406,0.03264062851667404
tariff/tuned_family,test,19,6,pv_only,19.958446502685547,87.54927062988281,-0.22796805202960968
tariff/tuned_family,test,19,7,pv_battery,44.53104019165039,80.59639739990234,-0.5525190830230713
tariff/tuned_family,test,19,8,pv_battery,15.232324600219727,78.52198028564453,-0.19398804008960724
tariff/tuned_family,test,19,9,pv_battery,16.820270538330078,99.7652359008789,-0.168598473072052
tariff/tuned_family,test,19,10,pv_only,28.4195556640625,84.81458282470703,-0.3350785970687866
tariff/tuned_family,test,19,11,pv_battery,23.587425231933594,88.55309295654297,-0.266364723443985
tariff/tuned_family,test,19,12,large_flex,21.4465274810791,218.55616760253906,-0.09812825918197632
tariff/tuned_family,test,19,13,large_flex,28.34396743774414,223.74447631835938,-0.12668007612228394
tariff/tuned_family,test,19,14,large_flex,21.229352951049805,204.47276306152344,-0.10382484644651413
tariff/tuned_family,test,19,15,pv_battery,14.127349853515625,73.83027648925781,-0.19134896993637085
tariff/tuned_family,test,19,16,pv_battery,19.19458770751953,86.82530975341797,-0.2210713028907776
tariff/tuned_family,test,19,17,large_flex,42.61393737792969,187.8963623046875,-0.22679495811462402
tariff/voltage_family,test,0,0,tenant,-11.277894973754883,72.69613647460938,0.15513738989830017
tariff/voltage_family,test,0,1,tenant,-10.446666717529297,69.583251953125,0.1501319408416748
tariff/voltage_family,test,0,2,tenant,-9.022229194641113,62.99239730834961,0.14322730898857117
tariff/voltage_family,test,0,3,tenant,-8.049936294555664,58.74997329711914,0.13702018558979034
tariff/voltage_family,test,0,4,tenant,-10.838140487670898,71.63943481445312,0.15128734707832336
tariff/voltage_family,test,0,5,tenant,-9.160665512084961,64.07042694091797,0.14297813177108765
tariff/voltage_family,test,0,6,pv_only,27.753427505493164,81.1683578491211,-0.3419243097305298
tariff/voltage_family,test,0,7,pv_battery,15.671426773071289,84.80936431884766,-0.1847841888666153
tariff/voltage_family,test,0,8,pv_battery,8.933904647827148,87.64793395996094,-0.10192940384149551
tariff/voltage_family,test,0,9,pv_battery,1.0546002388000488,78.14643096923828,-0.013495201244950294
tariff/voltage_family,test,0,10,pv_only,27.212528228759766,82.98085021972656,-0.32793742418289185
tariff/voltage_family,test,0,11,pv_battery,16.04105567932129,87.82832336425781,-0.18264101445674896
tariff/voltage_family,test,0,12,large_flex,37.0177116394043,163.15771484375,-0.2268831431865692
tariff/voltage_family,test,0,13,large_flex,-2.926630973815918,212.27325439453125,0.013787095434963703
tariff/voltage_family,test,0,14,large_flex,22.562015533447266,196.89239501953125,-0.11459051817655563
tariff/voltage_family,test,0,15,pv_battery,46.45050811767578,83.90279388427734,-0.553622841835022
tariff/voltage_family,test,0,16,pv_battery,13.49519157409668,81.3831787109375,-0.16582287847995758
tariff/voltage_family,test,0,17,large_flex,31.9764404296875,200.39971923828125,-0.15956325829029083
tariff/voltage_family,test,1,0,tenant,11.953142166137695,54.457115173339844,-0.2194964438676834
tariff/voltage_family,test,1,1,tenant,8.82033920288086,68.22596740722656,-0.12928129732608795
tariff/voltage_family,test,1,2,tenant,11.77011489868164,55.17155075073242,-0.2133365124464035
tariff/voltage_family,test,1,3,tenant,10.268012046813965,61.46684646606445,-0.16704967617988586
tariff/voltage_family,test,1,4,tenant,11.73434066772461,55.16480255126953,-0.21271413564682007
tariff/voltage_family,test,1,5,tenant,10.168621063232422,62.23639678955078,-0.16338719427585602
tariff/voltage_family,test,1,6,pv_only,22.303264617919922,74.15965270996094,-0.30074650049209595
tariff/voltage_family,test,1,7,pv_battery,33.63072967529297,72.00645446777344,-0.4670517146587372
tariff/voltage_family,test,1,8,pv_battery,33.84711456298828,92.32186889648438,-0.36662057042121887
tariff/voltage_family,test,1,9,pv_battery,29.61917495727539,78.94182586669922,-0.37520259618759155
tariff/voltage_family,test,1,10,pv_only,23.311120986938477,82.67589569091797,-0.2819579243659973
tariff/voltage_family,test,1,11,pv_battery,30.607738494873047,92.00402069091797,-0.33267834782600403
tariff/voltage_family,test,1,12,large_flex,30.208147048950195,178.49832153320312,-0.16923490166664124
tariff/voltage_family,test,1,13,large_flex,-0.8194601535797119,245.25674438476562,0.0033412326592952013
tariff/voltage_family,test,1,14,large_flex,30.069128036499023,217.50503540039062,-0.13824562728405
tariff/voltage_family,test,1,15,pv_battery,33.82718276977539,86.00672912597656,-0.39330872893333435
tariff/voltage_family,test,1,16,pv_battery,30.240760803222656,79.69620513916016,-0.37945041060447693
tariff/voltage_family,test,1,17,large_flex,29.81210708618164,225.34510803222656,-0.1322953701019287
tariff/voltage_family,test,2,0,tenant,-0.5469038486480713,61.47628402709961,0.008896168321371078
tariff/voltage_family,test,2,1,tenant,0.15000498294830322,58.042232513427734,-0.0025844178162515163
tariff/voltage_family,test,2,2,tenant,-1.393446683883667,64.21237182617188,0.021700602024793625
tariff/voltage_family,test,2,3,tenant,-2.046140670776367,68.21656799316406,0.029994776472449303
tariff/voltage_family,test,2,4,tenant,0.07840394973754883,58.41762161254883,-0.0013421204639598727
tariff/voltage_family,test,2,5,tenant,-3.838200569152832,75.52835083007812,0.05081801488995552
tariff/voltage_family,test,2,6,pv_only,13.018129348754883,80.94506072998047,-0.16082681715488434
tariff/voltage_family,test,2,7,pv_battery,15.029241561889648,84.7945785522461,-0.17724297940731049
tariff/voltage_family,test,2,8,pv_battery,13.596231460571289,88.06771087646484,-0.1543838530778885
tariff/voltage_family,test,2,9,pv_battery,37.44965362548828,91.76107788085938,-0.40812116861343384
tariff/voltage_family,test,2,10,pv_only,27.166366577148438,91.85672760009766,-0.2957471013069153
tariff/voltage_family,test,2,11,pv_battery,37.8170166015625,77.25574493408203,-0.4895044267177582
tariff/voltage_family,test,2,12,large_flex,-5.522889137268066,204.84323120117188,0.02696150913834572
tariff/voltage_family,test,2,13,large_flex,18.536972045898438,181.23695373535156,-0.10228028148412704
tariff/voltage_family,test,2,14,large_flex,-7.4539875984191895,205.46482849121094,0.03627865016460419
tariff/voltage_family,test,2,15,pv_battery,39.370758056640625,90.36703491210938,-0.4356762766838074
tariff/voltage_family,test,2,16,pv_battery,40.98210144042969,82.03416442871094,-0.4995737671852112
tariff/voltage_family,test,2,17,large_flex,31.741580963134766,219.12709045410156,-0.14485464990139008
tariff/voltage_family,test,3,0,tenant,-2.4838385581970215,62.633827209472656,0.03965652734041214
tariff/voltage_family,test,3,1,tenant,-1.6044915914535522,59.18191146850586,0.027111172676086426
tariff/voltage_family,test,3,2,tenant,-4.206338882446289,70.26583862304688,0.059863220900297165
tariff/voltage_family,test,3,3,tenant,-2.36960768699646,61.681739807128906,0.03841667249798775
tariff/voltage_family,test,3,4,tenant,-2.348355531692505,61.75115966796875,0.03802933171391487
tariff/voltage_family,test,3,5,tenant,-2.4417409896850586,62.27299880981445,0.03921027481555939
tariff/voltage_family,test,3,6,pv_only,15.220076560974121,85.24974822998047,-0.17853516340255737
tariff/voltage_family,test,3,7,pv_battery,19.797780990600586,81.70303344726562,-0.24231386184692383
tariff/voltage_family,test,3,8,pv_battery,21.434476852416992,72.66333770751953,-0.29498347640037537
tariff/voltage_family,test,3,9,pv_battery,24.176912307739258,93.5228042602539,-0.25851359963417053
tariff/voltage_family,test,3,10,pv_only,11.915695190429688,77.6488037109375,-0.15345625579357147
tariff/voltage_family,test,3,11,pv_battery,18.32623291015625,79.91842651367188,-0.22931170463562012
tariff/voltage_family,test,3,12,large_flex,17.295894622802734,216.7044219970703,-0.07981326431035995
tariff/voltage_family,test,3,13,large_flex,36.764068603515625,213.99559020996094,-0.17179825901985168
tariff/voltage_family,test,3,14,large_flex,33.008914947509766,223.9399871826172,-0.14740070700645447
tariff/voltage_family,test,3,15,pv_battery,36.10417175292969,80.5962142944336,-0.4479637145996094
tariff/voltage_family,test,3,16,pv_battery,35.25313186645508,81.26229095458984,-0.4338190257549286
tariff/voltage_family,test,3,17,large_flex,29.776145935058594,207.4656524658203,-0.1435232311487198
tariff/voltage_family,test,4,0,tenant,10.975614547729492,62.15242385864258,-0.17659185826778412
tariff/voltage_family,test,4,1,tenant,11.155550003051758,61.42643737792969,-0.1816083937883377
tariff/voltage_family,test,4,2,tenant,8.547745704650879,72.35894012451172,-0.11812975257635117
tariff/voltage_family,test,4,3,tenant,9.942368507385254,65.97551727294922,-0.15069782733917236
tariff/voltage_family,test,4,4,tenant,10.060882568359375,66.20619201660156,-0.15196280181407928
tariff/voltage_family,test,4,5,tenant,11.270280838012695,60.11405563354492,-0.18748168647289276
tariff/voltage_family,test,4,6,pv_only,18.723289489746094,89.06841278076172,-0.21021240949630737
tariff/voltage_family,test,4,7,pv_battery,32.93267059326172,82.7998046875,-0.3977385461330414
tariff/voltage_family,test,4,8,pv_battery,25.378835678100586,72.0082778930664,-0.35244330763816833
tariff/voltage_family,test,4,9,pv_battery,34.37353515625,86.46598815917969,-0.39753830432891846
tariff/voltage_family,test,4,10,pv_only,21.636625289916992,76.42791748046875,-0.2830983102321625
tariff/voltage_family,test,4,11,pv_battery,34.498619079589844,76.65846252441406,-0.4500300884246826
tariff/voltage_family,test,4,12,large_flex,33.68892288208008,205.79310607910156,-0.1637028008699417
tariff/voltage_family,test,4,13,large_flex,28.636226654052734,190.24539184570312,-0.15052253007888794
tariff/voltage_family,test,4,14,large_flex,31.610414505004883,204.85440063476562,-0.15430673956871033
tariff/voltage_family,test,4,15,pv_battery,30.11562156677246,89.1939697265625,-0.3376418948173523
tariff/voltage_family,test,4,16,pv_battery,28.084609985351562,86.89279174804688,-0.3232099711894989
tariff/voltage_family,test,4,17,large_flex,27.774181365966797,197.13223266601562,-0.14089111983776093
tariff/voltage_family,test,5,0,tenant,-2.1807281970977783,65.47962951660156,0.033303920179605484
tariff/voltage_family,test,5,1,tenant,-3.9711804389953613,72.49996948242188,0.054774969816207886
tariff/voltage_family,test,5,2,tenant,-0.2917405962944031,56.48336410522461,0.0051650675013661385
tariff/voltage_family,test,5,3,tenant,-3.1819334030151367,69.02279663085938,0.04609976336359978
tariff/voltage_family,test,5,4,tenant,-0.302798867225647,56.17674255371094,0.00539010064676404
tariff/voltage_family,test,5,5,tenant,-2.5476932525634766,66.93524169921875,0.03806202858686447
tariff/voltage_family,test,5,6,pv_only,21.421178817749023,81.12820434570312,-0.2640409469604492
tariff/voltage_family,test,5,7,pv_battery,32.37028884887695,95.53137969970703,-0.3388447165489197
tariff/voltage_family,test,5,8,pv_battery,29.854320526123047,90.40953063964844,-0.33021214604377747
tariff/voltage_family,test,5,9,pv_battery,36.710533142089844,77.04638671875,-0.4764731824398041
tariff/voltage_family,test,5,10,pv_only,12.113441467285156,95.9556884765625,-0.12623998522758484
tariff/voltage_family,test,5,11,pv_battery,13.933104515075684,91.12498474121094,-0.15290100872516632
tariff/voltage_family,test,5,12,large_flex,41.345481872558594,209.5968475341797,-0.1972620189189911
tariff/voltage_family,test,5,13,large_flex,7.414473533630371,216.7526397705078,-0.034207072108983994
tariff/voltage_family,test,5,14,large_flex,12.76321792602539,197.72850036621094,-0.06454920768737793
tariff/voltage_family,test,5,15,pv_battery,27.156757354736328,79.16350555419922,-0.3430464565753937
tariff/voltage_family,test,5,16,pv_battery,40.08122253417969,88.03372955322266,-0.45529383420944214
tariff/voltage_family,test,5,17,large_flex,15.026947021484375,204.9633026123047,-0.07331528514623642
tariff/voltage_family,test,6,0,tenant,4.5511884689331055,63.66468048095703,-0.07148685306310654
tariff/voltage_family,test,6,1,tenant,4.3701934814453125,64.55371856689453,-0.06769856810569763
tariff/voltage_family,test,6,2,tenant,3.2146079540252686,69.72496032714844,-0.04610412195324898
tariff/voltage_family,test,6,3,tenant,4.610150337219238,64.16187286376953,-0.07185186445713043
tariff/voltage_family,test,6,4,tenant,6.668395042419434,54.091068267822266,-0.12328088283538818
tariff/voltage_family,test,6,5,tenant,2.59027361869812,72.30187225341797,-0.035825807601213455
tariff/voltage_family,test,6,6,pv_only,10.422269821166992,88.91521453857422,-0.11721581220626831
tariff/voltage_family,test,6,7,pv_battery,38.372276306152344,68.42283630371094,-0.5608106851577759
tariff/voltage_family,test,6,8,pv_battery,30.791641235351562,79.1043930053711,-0.3892533481121063
tariff/voltage_family,test,6,9,pv_battery,28.778949737548828,82.94664764404297,-0.3469575047492981
tariff/voltage_family,test,6,10,pv_only,18.20366668701172,83.30595397949219,-0.21851572394371033
tariff/voltage_family,test,6,11,pv_battery,17.970308303833008,77.62564086914062,-0.23149967193603516
tariff/voltage_family,test,6,12,large_flex,35.87031936645508,193.56597900390625,-0.18531310558319092
tariff/voltage_family,test,6,13,large_flex,14.88529109954834,186.5530548095703,-0.07979117333889008
tariff/voltage_family,test,6,14,large_flex,24.751066207885742,198.326904296875,-0.12479935586452484
tariff/voltage_family,test,6,15,pv_battery,33.80765151977539,92.698486328125,-0.36470553278923035
tariff/voltage_family,test,6,16,pv_battery,26.999404907226562,90.08251953125,-0.29971855878829956
tariff/voltage_family,test,6,17,large_flex,34.523460388183594,208.28182983398438,-0.16575360298156738
tariff/voltage_family,test,7,0,tenant,8.730306625366211,56.37227249145508,-0.1548686921596527
tariff/voltage_family,test,7,1,tenant,7.091989040374756,64.04303741455078,-0.1107378676533699
tariff/voltage_family,test,7,2,tenant,7.377231597900391,62.43913650512695,-0.11815079301595688
tariff/voltage_family,test,7,3,tenant,8.410989761352539,57.86317443847656,-0.14535994827747345
tariff/voltage_family,test,7,4,tenant,6.886506080627441,64.57722473144531,-0.10663983970880508
tariff/voltage_family,test,7,5,tenant,7.195014953613281,63.76203536987305,-0.11284167319536209
tariff/voltage_family,test,7,6,pv_only,22.354148864746094,89.17561340332031,-0.2506754696369171
tariff/voltage_family,test,7,7,pv_battery,26.310989379882812,93.81871032714844,-0.2804451286792755
tariff/voltage_family,test,7,8,pv_battery,25.95880889892578,79.26966094970703,-0.32747456431388855
tariff/voltage_family,test,7,9,pv_battery,32.241737365722656,83.69727325439453,-0.3852185308933258
tariff/voltage_family,test,7,10,pv_only,23.301189422607422,89.58158111572266,-0.2601111829280853
tariff/voltage_family,test,7,11,pv_battery,36.678810119628906,88.0494613647461,-0.41657066345214844
tariff/voltage_family,test,7,12,large_flex,30.251876831054688,192.69558715820312,-0.1569930613040924
tariff/voltage_family,test,7,13,large_flex,25.520872116088867,189.23648071289062,-0.13486230373382568
tariff/voltage_family,test,7,14,large_flex,21.821063995361328,205.96295166015625,-0.10594649612903595
tariff/voltage_family,test,7,15,pv_battery,27.951324462890625,87.1794204711914,-0.3206184208393097
tariff/voltage_family,test,7,16,pv_battery,30.453044891357422,85.78961181640625,-0.3549734055995941
tariff/voltage_family,test,7,17,large_flex,32.27959442138672,207.57110595703125,-0.1555110216140747
tariff/voltage_family,test,8,0,tenant,-7.288732528686523,62.965553283691406,0.11575747281312943
tariff/voltage_family,test,8,1,tenant,-7.642145156860352,64.07431030273438,0.11927008628845215
tariff/voltage_family,test,8,2,tenant,-8.128646850585938,66.06665802001953,0.12303704023361206
tariff/voltage_family,test,8,3,tenant,-9.148326873779297,70.55229187011719,0.12966735661029816
tariff/voltage_family,test,8,4,tenant,-6.725227355957031,59.791648864746094,0.11247774213552475
tariff/voltage_family,test,8,5,tenant,-8.441789627075195,67.35026550292969,0.1253415197134018
tariff/voltage_family,test,8,6,pv_only,-1.351077675819397,89.90369415283203,0.015028056688606739
tariff/voltage_family,test,8,7,pv_battery,34.83128356933594,80.24170684814453,-0.43407943844795227
tariff/voltage_family,test,8,8,pv_battery,13.815021514892578,86.0987319946289,-0.1604556143283844
tariff/voltage_family,test,8,9,pv_battery,23.616527557373047,90.46062469482422,-0.2610696852207184
tariff/voltage_family,test,8,10,pv_only,22.1995849609375,76.1808853149414,-0.29140621423721313
tariff/voltage_family,test,8,11,pv_battery,14.677629470825195,89.7593002319336,-0.1635221540927887
tariff/voltage_family,test,8,12,large_flex,31.19447135925293,182.61277770996094,-0.1708230972290039
tariff/voltage_family,test,8,13,large_flex,46.04145050048828,183.36631774902344,-0.2510899007320404
tariff/voltage_family,test,8,14,large_flex,20.639942169189453,183.66424560546875,-0.11237869411706924
tariff/voltage_family,test,8,15,pv_battery,16.786312103271484,82.60541534423828,-0.2032107263803482
tariff/voltage_family,test,8,16,pv_battery,16.18980598449707,94.55230712890625,-0.17122581601142883
tariff/voltage_family,test,8,17,large_flex,32.928924560546875,202.8647918701172,-0.1623196005821228
tariff/voltage_family,test,9,0,tenant,-11.904932022094727,70.0582046508789,0.1699291616678238
tariff/voltage_family,test,9,1,tenant,-8.64965534210205,55.69179153442383,0.15531286597251892
tariff/voltage_family,test,9,2,tenant,-11.773077011108398,68.88367462158203,0.17091244459152222
tariff/voltage_family,test,9,3,tenant,-10.237702369689941,62.655616760253906,0.16339638829231262
tariff/voltage_family,test,9,4,tenant,-9.833523750305176,61.0221061706543,0.1611468493938446
tariff/voltage_family,test,9,5,tenant,-10.191401481628418,62.020748138427734,0.16432246565818787
tariff/voltage_family,test,9,6,pv_only,21.569522857666016,86.77166748046875,-0.2485780119895935
tariff/voltage_family,test,9,7,pv_battery,28.108617782592773,71.95957946777344,-0.3906167447566986
tariff/voltage_family,test,9,8,pv_battery,12.813088417053223,75.52349090576172,-0.16965705156326294
tariff/voltage_family,test,9,9,pv_battery,45.88385772705078,80.29789733886719,-0.571420431137085
tariff/voltage_family,test,9,10,pv_only,29.890913009643555,91.98482513427734,-0.3249547481536865
tariff/voltage_family,test,9,11,pv_battery,4.4754862785339355,93.70648956298828,-0.047760721296072006
tariff/voltage_family,test,9,12,large_flex,-10.713306427001953,238.96209716796875,0.04483266547322273
tariff/voltage_family,test,9,13,large_flex,-13.435765266418457,194.73968505859375,0.0689934715628624
tariff/voltage_family,test,9,14,large_flex,18.09001922607422,201.51390075683594,-0.08977060765028
tariff/voltage_family,test,9,15,pv_battery,55.86367416381836,95.91413879394531,-0.5824339389801025
tariff/voltage_family,test,9,16,pv_battery,27.10744285583496,87.90290069580078,-0.3083793818950653
tariff/voltage_family,test,9,17,large_flex,15.089897155761719,177.35379028320312,-0.08508358150720596
tariff/voltage_family,test,10,0,tenant,-4.279846668243408,67.41810607910156,0.06348217278718948
tariff/voltage_family,test,10,1,tenant,-2.063354969024658,57.790008544921875,0.0357043519616127
tariff/voltage_family,test,10,2,tenant,-2.7713911533355713,60.276390075683594,0.04597806930541992
tariff/voltage_family,test,10,3,tenant,-4.013197898864746,65.67347717285156,0.061108335852622986
tariff/voltage_family,test,10,4,tenant,-4.415245056152344,67.2275619506836,0.06567613035440445
tariff/voltage_family,test,10,5,tenant,-2.749764919281006,60.786712646484375,0.0452362596988678
tariff/voltage_family,test,10,6,pv_only,25.228893280029297,88.04647827148438,-0.28654077649116516
tariff/voltage_family,test,10,7,pv_battery,22.952306747436523,91.16907501220703,-0.25175532698631287
tariff/voltage_family,test,10,8,pv_battery,29.544811248779297,90.3240966796875,-0.3270980417728424
tariff/voltage_family,test,10,9,pv_battery,5.785970687866211,86.59068298339844,-0.06681975722312927
tariff/voltage_family,test,10,10,pv_only,7.924865245819092,82.48348236083984,-0.09607826918363571
tariff/voltage_family,test,10,11,pv_battery,24.61556625366211,92.20865631103516,-0.2669549882411957
tariff/voltage_family,test,10,12,large_flex,41.03154754638672,228.5016632080078,-0.17956770956516266
tariff/voltage_family,test,10,13,large_flex,25.26725959777832,190.19651794433594,-0.1328481137752533
tariff/voltage_family,test,10,14,large_flex,12.26249885559082,177.0040283203125,-0.06927806884050369
tariff/voltage_family,test,10,15,pv_battery,44.19373321533203,83.85359191894531,-0.5270342826843262
tariff/voltage_family,test,10,16,pv_battery,14.493778228759766,84.9761962890625,-0.170562744140625
tariff/voltage_family,test,10,17,large_flex,27.72136688232422,209.84616088867188,-0.13210329413414001
tariff/voltage_family,test,11,0,tenant,5.495974540710449,72.15080261230469,-0.07617343217134476
tariff/voltage_family,test,11,1,tenant,7.810522079467773,62.132808685302734,-0.12570680677890778
tariff/voltage_family,test,11,2,tenant,6.1535186767578125,69.55110168457031,-0.08847478032112122
tariff/voltage_family,test,11,3,tenant,7.1505913734436035,64.90348815917969,-0.11017261445522308
tariff/voltage_family,test,11,4,tenant,6.725706100463867,66.502685546875,-0.10113433748483658
tariff/voltage_family,test,11,5,tenant,7.627928733825684,62.70114517211914,-0.12165524065494537
tariff/voltage_family,test,11,6,pv_only,20.571659088134766,85.8766860961914,-0.23954890668392181
tariff/voltage_family,test,11,7,pv_battery,29.876174926757812,84.4786148071289,-0.3536536395549774
tariff/voltage_family,test,11,8,pv_battery,23.897926330566406,94.71375274658203,-0.25231730937957764
tariff/voltage_family,test,11,9,pv_battery,33.59101867675781,86.70022583007812,-0.38743874430656433
tariff/voltage_family,test,11,10,pv_only,15.092732429504395,90.72291564941406,-0.16636072099208832
tariff/voltage_family,test,11,11,pv_battery,34.825836181640625,75.66815185546875,-0.46024441719055176
tariff/voltage_family,test,11,12,large_flex,4.213555335998535,215.45156860351562,-0.019556855782866478
tariff/voltage_family,test,11,13,large_flex,29.106000900268555,230.04476928710938,-0.1265232115983963
tariff/voltage_family,test,11,14,large_flex,34.494876861572266,221.4818115234375,-0.15574584901332855
tariff/voltage_family,test,11,15,pv_battery,34.97510528564453,79.61206817626953,-0.4393191337585449
tariff/voltage_family,test,11,16,pv_battery,29.712215423583984,91.61184692382812,-0.3243270814418793
tariff/voltage_family,test,11,17,large_flex,32.121055603027344,184.9727020263672,-0.17365293204784393
tariff/voltage_family,test,12,0,tenant,-5.057526111602783,61.44271469116211,0.08231286704540253
tariff/voltage_family,test,12,1,tenant,-4.616913795471191,59.79969787597656,0.0772063136100769
tariff/voltage_family,test,12,2,tenant,-5.968165397644043,65.94331359863281,0.09050444513559341
tariff/voltage_family,test,12,3,tenant,-6.8580851554870605,69.69342803955078,0.09840366989374161
tariff/voltage_family,test,12,4,tenant,-5.134395122528076,61.78516387939453,0.08310076594352722
tariff/voltage_family,test,12,5,tenant,-6.2043375968933105,67.02764892578125,0.09256380796432495
tariff/voltage_family,test,12,6,pv_only,12.294846534729004,82.48181915283203,-0.14906129240989685
tariff/voltage_family,test,12,7,pv_battery,37.039649963378906,86.35420989990234,-0.42892709374427795
tariff/voltage_family,test,12,8,pv_battery,34.228607177734375,73.18670654296875,-0.4676889181137085
tariff/voltage_family,test,12,9,pv_battery,8.995949745178223,83.92576599121094,-0.10718937963247299
tariff/voltage_family,test,12,10,pv_only,29.123994827270508,93.49021911621094,-0.3115192949771881
tariff/voltage_family,test,12,11,pv_battery,44.882930755615234,92.68009948730469,-0.4842783510684967
tariff/voltage_family,test,12,12,large_flex,26.132612228393555,198.4272918701172,-0.1316986382007599
tariff/voltage_family,test,12,13,large_flex,17.767196655273438,195.70989990234375,-0.09078331291675568
tariff/voltage_family,test,12,14,large_flex,-2.0299692153930664,230.02713012695312,0.008824926801025867
tariff/voltage_family,test,12,15,pv_battery,8.521297454833984,83.97183227539062,-0.10147803276777267
tariff/voltage_family,test,12,16,pv_battery,10.085206985473633,93.6460952758789,-0.10769490897655487
tariff/voltage_family,test,12,17,large_flex,33.47370147705078,205.8638153076172,-0.16260117292404175
tariff/voltage_family,test,13,0,tenant,-0.5489710569381714,65.24479675292969,0.008414019830524921
tariff/voltage_family,test,13,1,tenant,-1.667689323425293,69.55045318603516,0.023978115990757942
tariff/voltage_family,test,13,2,tenant,1.251725196838379,56.62065124511719,-0.022107204422354698
tariff/voltage_family,test,13,3,tenant,-1.1730127334594727,68.10638427734375,0.01722325012087822
tariff/voltage_family,test,13,4,tenant,-0.10964107513427734,62.777862548828125,0.0017464488046243787
tariff/voltage_family,test,13,5,tenant,-0.9982023239135742,67.26835632324219,0.014839116483926773
tariff/voltage_family,test,13,6,pv_only,2.3229587078094482,94.4789810180664,-0.0245869942009449
tariff/voltage_family,test,13,7,pv_battery,29.789222717285156,77.69390106201172,-0.38341766595840454
tariff/voltage_family,test,13,8,pv_battery,34.00075912475586,75.55756378173828,-0.4499978721141815
tariff/voltage_family,test,13,9,pv_battery,12.229948997497559,85.78258514404297,-0.14256909489631653
tariff/voltage_family,test,13,10,pv_only,21.569316864013672,79.85309600830078,-0.2701123356819153
tariff/voltage_family,test,13,11,pv_battery,30.76046371459961,81.53446960449219,-0.3772693872451782
tariff/voltage_family,test,13,12,large_flex,23.105209350585938,209.47874450683594,-0.1102985292673111
tariff/voltage_family,test,13,13,large_flex,37.87557601928711,191.4552459716797,-0.19782988727092743
tariff/voltage_family,test,13,14,large_flex,28.7618350982666,195.6560821533203,-0.14700204133987427
tariff/voltage_family,test,13,15,pv_battery,15.281269073486328,81.54383850097656,-0.18739931285381317
tariff/voltage_family,test,13,16,pv_battery,32.162376403808594,75.5238037109375,-0.42585742473602295
tariff/voltage_family,test,13,17,large_flex,34.981842041015625,235.99429321289062,-0.14823175966739655
tariff/voltage_family,test,14,0,tenant,5.03166389465332,64.54833984375,-0.07795184850692749
tariff/voltage_family,test,14,1,tenant,7.414960861206055,54.62171173095703,-0.13575121760368347
tariff/voltage_family,test,14,2,tenant,3.5791187286376953,71.51648712158203,-0.050046078860759735
tariff/voltage_family,test,14,3,tenant,5.606307029724121,63.19842529296875,-0.08870960772037506
tariff/voltage_family,test,14,4,tenant,4.289734840393066,67.76394653320312,-0.0633041188120842
tariff/voltage_family,test,14,5,tenant,4.805081367492676,65.76097106933594,-0.07306892424821854
tariff/voltage_family,test,14,6,pv_only,11.07118034362793,81.26487731933594,-0.13623574376106262
tariff/voltage_family,test,14,7,pv_battery,34.14849853515625,89.22527313232422,-0.3827223479747772
tariff/voltage_family,test,14,8,pv_battery,35.68069839477539,70.50829315185547,-0.5060495734214783
tariff/voltage_family,test,14,9,pv_battery,31.751306533813477,76.63369750976562,-0.41432562470436096
tariff/voltage_family,test,14,10,pv_only,22.843826293945312,84.27347564697266,-0.2710677683353424
tariff/voltage_family,test,14,11,pv_battery,32.55500030517578,94.81993103027344,-0.34333503246307373
tariff/voltage_family,test,14,12,large_flex,16.22823715209961,196.64389038085938,-0.08252602815628052
tariff/voltage_family,test,14,13,large_flex,32.42284393310547,204.5366973876953,-0.1585184931755066
tariff/voltage_family,test,14,14,large_flex,19.240001678466797,219.083740234375,-0.08782030642032623
tariff/voltage_family,test,14,15,pv_battery,33.078094482421875,77.27157592773438,-0.42807599902153015
tariff/voltage_family,test,14,16,pv_battery,24.641738891601562,78.55946350097656,-0.3136698603630066
tariff/voltage_family,test,14,17,large_flex,17.917282104492188,223.69619750976562,-0.08009651303291321
tariff/voltage_family,test,15,0,tenant,-4.728561878204346,74.6938247680664,0.06330592930316925
tariff/voltage_family,test,15,1,tenant,-2.6645748615264893,65.07762908935547,0.04094455763697624
tariff/voltage_family,test,15,2,tenant,-2.074042320251465,62.6085205078125,0.03312716633081436
tariff/voltage_family,test,15,3,tenant,-2.0827555656433105,62.717777252197266,0.03320835903286934
tariff/voltage_family,test,15,4,tenant,-1.0757694244384766,58.54052734375,0.01837647333741188
tariff/voltage_family,test,15,5,tenant,-2.049623966217041,62.90364074707031,0.03258355334401131
tariff/voltage_family,test,15,6,pv_only,12.182745933532715,89.89776611328125,-0.13551777601242065
tariff/voltage_family,test,15,7,pv_battery,17.426292419433594,97.54315948486328,-0.17865219712257385
tariff/voltage_family,test,15,8,pv_battery,38.686981201171875,72.86759948730469,-0.5309218168258667
tariff/voltage_family,test,15,9,pv_battery,9.859708786010742,86.77117156982422,-0.11362886428833008
tariff/voltage_family,test,15,10,pv_only,14.469511032104492,75.73419952392578,-0.1910562962293625
tariff/voltage_family,test,15,11,pv_battery,43.792083740234375,92.31656646728516,-0.4743686020374298
tariff/voltage_family,test,15,12,large_flex,14.357970237731934,210.69766235351562,-0.06814486533403397
tariff/voltage_family,test,15,13,large_flex,25.23940658569336,199.19363403320312,-0.12670791149139404
tariff/voltage_family,test,15,14,large_flex,33.948272705078125,219.9599151611328,-0.15433837473392487
tariff/voltage_family,test,15,15,pv_battery,29.629411697387695,102.40503692626953,-0.2893354594707489
tariff/voltage_family,test,15,16,pv_battery,28.69065284729004,84.61502075195312,-0.3390726149082184
tariff/voltage_family,test,15,17,large_flex,27.929214477539062,209.6678466796875,-0.13320694863796234
tariff/voltage_family,test,16,0,tenant,3.4199132919311523,67.2093505859375,-0.05088449642062187
tariff/voltage_family,test,16,1,tenant,6.1676530838012695,54.931549072265625,-0.11227889358997345
tariff/voltage_family,test,16,2,tenant,3.2906503677368164,67.35568237304688,-0.04885483905673027
tariff/voltage_family,test,16,3,tenant,4.633262634277344,62.17927551269531,-0.07451453804969788
tariff/voltage_family,test,16,4,tenant,5.428742408752441,58.209693908691406,-0.09326184540987015
tariff/voltage_family,test,16,5,tenant,5.5182037353515625,57.75937271118164,-0.09553778916597366
tariff/voltage_family,test,16,6,pv_only,22.792165756225586,90.48619079589844,-0.2518855631351471
tariff/voltage_family,test,16,7,pv_battery,25.18939208984375,92.22779846191406,-0.2731214165687561
tariff/voltage_family,test,16,8,pv_battery,22.59723663330078,82.8550033569336,-0.272732138633728
tariff/voltage_family,test,16,9,pv_battery,27.53905487060547,94.79684448242188,-0.2905060052871704
tariff/voltage_family,test,16,10,pv_only,16.90798568725586,98.70648193359375,-0.17129559814929962
tariff/voltage_family,test,16,11,pv_battery,32.59142303466797,91.78949737548828,-0.3550669848918915
tariff/voltage_family,test,16,12,large_flex,15.706893920898438,220.208740234375,-0.07132727652788162
tariff/voltage_family,test,16,13,large_flex,8.950538635253906,186.87705993652344,-0.047895319759845734
tariff/voltage_family,test,16,14,large_flex,31.474056243896484,204.80606079101562,-0.15367741882801056
tariff/voltage_family,test,16,15,pv_battery,31.97372817993164,85.46842956542969,-0.37409988045692444
tariff/voltage_family,test,16,16,pv_battery,36.9673957824707,73.39588165283203,-0.5036712884902954
tariff/voltage_family,test,16,17,large_flex,22.047809600830078,205.97467041015625,-0.1070413663983345
tariff/voltage_family,test,17,0,tenant,6.7601704597473145,62.53596496582031,-0.1081005111336708
tariff/voltage_family,test,17,1,tenant,7.827026844024658,58.3036994934082,-0.13424570858478546
tariff/voltage_family,test,17,2,tenant,8.648951530456543,53.944068908691406,-0.1603318154811859
tariff/voltage_family,test,17,3,tenant,6.302308082580566,65.78950500488281,-0.09579508006572723
tariff/voltage_family,test,17,4,tenant,7.676550388336182,58.92573165893555,-0.13027504086494446
tariff/voltage_family,test,17,5,tenant,6.626733303070068,63.63812255859375,-0.1041315570473671
tariff/voltage_family,test,17,6,pv_only,19.605850219726562,76.66487121582031,-0.25573453307151794
tariff/voltage_family,test,17,7,pv_battery,33.31818771362305,85.16590118408203,-0.39121514558792114
tariff/voltage_family,test,17,8,pv_battery,28.51198387145996,74.32853698730469,-0.383593887090683
tariff/voltage_family,test,17,9,pv_battery,33.2728271484375,82.66796875,-0.4024876356124878
tariff/voltage_family,test,17,10,pv_only,19.898351669311523,80.77920532226562,-0.24633005261421204
tariff/voltage_family,test,17,11,pv_battery,28.53881072998047,89.17574310302734,-0.3200288414955139
tariff/voltage_family,test,17,12,large_flex,29.529300689697266,216.91053771972656,-0.13613580167293549
tariff/voltage_family,test,17,13,large_flex,23.41228485107422,195.1348419189453,-0.11998005211353302
tariff/voltage_family,test,17,14,large_flex,28.40732765197754,230.56500244140625,-0.12320748716592789
tariff/voltage_family,test,17,15,pv_battery,36.3104133605957,81.8302001953125,-0.4437287747859955
tariff/voltage_family,test,17,16,pv_battery,26.001344680786133,93.58142852783203,-0.2778472602367401
tariff/voltage_family,test,17,17,large_flex,26.697540283203125,221.88687133789062,-0.12032047659158707
tariff/voltage_family,test,18,0,tenant,8.227654457092285,62.71976852416992,-0.13118122518062592
tariff/voltage_family,test,18,1,tenant,8.17475700378418,63.05696105957031,-0.1296408474445343
tariff/voltage_family,test,18,2,tenant,7.713404178619385,65.02294158935547,-0.1186259537935257
tariff/voltage_family,test,18,3,tenant,8.301416397094727,61.90911865234375,-0.134090393781662
tariff/voltage_family,test,18,4,tenant,9.188329696655273,58.7082405090332,-0.1565084010362625
tariff/voltage_family,test,18,5,tenant,6.334050178527832,70.38614654541016,-0.08999001234769821
tariff/voltage_family,test,18,6,pv_only,7.956076622009277,88.58834075927734,-0.08980947732925415
tariff/voltage_family,test,18,7,pv_battery,30.25749969482422,88.0772476196289,-0.3435337245464325
tariff/voltage_family,test,18,8,pv_battery,26.345447540283203,79.63179016113281,-0.3308407962322235
tariff/voltage_family,test,18,9,pv_battery,32.17156219482422,78.36991119384766,-0.4105091691017151
tariff/voltage_family,test,18,10,pv_only,23.339391708374023,73.76455688476562,-0.3164040446281433
tariff/voltage_family,test,18,11,pv_battery,29.84734535217285,81.87643432617188,-0.3645411431789398
tariff/voltage_family,test,18,12,large_flex,31.845510482788086,193.24049377441406,-0.1647973656654358
tariff/voltage_family,test,18,13,large_flex,31.275344848632812,201.227294921875,-0.15542291104793549
tariff/voltage_family,test,18,14,large_flex,32.09589385986328,223.53965759277344,-0.143580362200737
tariff/voltage_family,test,18,15,pv_battery,34.6732177734375,85.72362518310547,-0.40447667241096497
tariff/voltage_family,test,18,16,pv_battery,33.009033203125,85.09390258789062,-0.3879129886627197
tariff/voltage_family,test,18,17,large_flex,12.34307861328125,197.70721435546875,-0.062431104481220245
tariff/voltage_family,test,19,0,tenant,-5.335124492645264,68.8856201171875,0.0774490088224411
tariff/voltage_family,test,19,1,tenant,-3.214562177658081,59.58950424194336,0.05394512787461281
tariff/voltage_family,test,19,2,tenant,-3.1842336654663086,59.54359436035156,0.053477391600608826
tariff/voltage_family,test,19,3,tenant,-3.0319089889526367,59.20698928833008,0.05120866373181343
tariff/voltage_family,test,19,4,tenant,-3.46610164642334,60.636199951171875,0.05716220661997795
tariff/voltage_family,test,19,5,tenant,-1.754679799079895,53.75758361816406,0.03264062851667404
tariff/voltage_family,test,19,6,pv_only,19.958446502685547,87.54927062988281,-0.22796805202960968
tariff/voltage_family,test,19,7,pv_battery,44.53104019165039,80.59639739990234,-0.5525190830230713
tariff/voltage_family,test,19,8,pv_battery,15.232324600219727,78.52198028564453,-0.19398804008960724
tariff/voltage_family,test,19,9,pv_battery,16.820270538330078,99.7652359008789,-0.168598473072052
tariff/voltage_family,test,19,10,pv_only,28.4195556640625,84.81458282470703,-0.3350785970687866
tariff/voltage_family,test,19,11,pv_battery,23.587425231933594,88.55309295654297,-0.266364723443985
tariff/voltage_family,test,19,12,large_flex,21.4465274810791,218.55616760253906,-0.09812825918197632
tariff/voltage_family,test,19,13,large_flex,28.34396743774414,223.74447631835938,-0.12668007612228394
tariff/voltage_family,test,19,14,large_flex,21.229352951049805,204.47276306152344,-0.10382484644651413
tariff/voltage_family,test,19,15,pv_battery,14.127349853515625,73.83027648925781,-0.19134896993637085
tariff/voltage_family,test,19,16,pv_battery,19.19458770751953,86.82530975341797,-0.2210713028907776
tariff/voltage_family,test,19,17,large_flex,42.61393737792969,187.8963623046875,-0.22679495811462402
tariff/voltage_off_matched,test,0,0,tenant,-10.97842788696289,72.69613647460938,0.15101803839206696
tariff/voltage_off_matched,test,0,1,tenant,-10.147232055664062,69.583251953125,0.14582863450050354
tariff/voltage_off_matched,test,0,2,tenant,-8.722945213317871,62.99239730834961,0.13847611844539642
tariff/voltage_off_matched,test,0,3,tenant,-7.750408172607422,58.74997329711914,0.1319218873977661
tariff/voltage_off_matched,test,0,4,tenant,-10.538749694824219,71.63943481445312,0.1471082866191864
tariff/voltage_off_matched,test,0,5,tenant,-8.861163139343262,64.07042694091797,0.13830353319644928
tariff/voltage_off_matched,test,0,6,pv_only,27.567777633666992,81.1683578491211,-0.33963701128959656
tariff/voltage_off_matched,test,0,7,pv_battery,15.65135383605957,84.80936431884766,-0.18454745411872864
tariff/voltage_off_matched,test,0,8,pv_battery,8.958568572998047,87.64793395996094,-0.10221084952354431
tariff/voltage_off_matched,test,0,9,pv_battery,0.7283546924591064,78.14643096923828,-0.00932040810585022
tariff/voltage_off_matched,test,0,10,pv_only,27.179508209228516,82.98085021972656,-0.3275395333766937
tariff/voltage_off_matched,test,0,11,pv_battery,15.96778392791748,87.82832336425781,-0.1818067580461502
tariff/voltage_off_matched,test,0,12,large_flex,36.810935974121094,163.15771484375,-0.22561568021774292
tariff/voltage_off_matched,test,0,13,large_flex,-3.7453622817993164,212.27325439453125,0.017644090577960014
tariff/voltage_off_matched,test,0,14,large_flex,22.10237693786621,196.89239501953125,-0.11225612461566925
tariff/voltage_off_matched,test,0,15,pv_battery,46.42546844482422,83.90279388427734,-0.5533245205879211
tariff/voltage_off_matched,test,0,16,pv_battery,13.683120727539062,81.3831787109375,-0.16813206672668457
tariff/voltage_off_matched,test,0,17,large_flex,31.70181655883789,200.39971923828125,-0.1581929326057434
tariff/voltage_off_matched,test,1,0,tenant,12.260336875915527,54.457115173339844,-0.22513753175735474
tariff/voltage_off_matched,test,1,1,tenant,9.127532005310059,68.22596740722656,-0.1337839663028717
tariff/voltage_off_matched,test,1,2,tenant,12.077287673950195,55.17155075073242,-0.21890413761138916
tariff/voltage_off_matched,test,1,3,tenant,10.575218200683594,61.46684646606445,-0.1720476597547531
tariff/voltage_off_matched,test,1,4,tenant,12.041473388671875,55.16480255126953,-0.2182818353176117
tariff/voltage_off_matched,test,1,5,tenant,10.475784301757812,62.23639678955078,-0.1683225929737091
tariff/voltage_off_matched,test,1,6,pv_only,22.632854461669922,74.15965270996094,-0.30519095063209534
tariff/voltage_off_matched,test,1,7,pv_battery,33.764923095703125,72.00645446777344,-0.46891507506370544
tariff/voltage_off_matched,test,1,8,pv_battery,34.03617858886719,92.32186889648438,-0.36866873502731323
tariff/voltage_off_matched,test,1,9,pv_battery,29.706045150756836,78.94182586669922,-0.37630313634872437
tariff/voltage_off_matched,test,1,10,pv_only,23.580780029296875,82.67589569091797,-0.2852194011211395
tariff/voltage_off_matched,test,1,11,pv_battery,30.853355407714844,92.00402069091797,-0.3353480398654938
tariff/voltage_off_matched,test,1,12,large_flex,30.08205223083496,178.49832153320312,-0.16852852702140808
tariff/voltage_off_matched,test,1,13,large_flex,-2.1739933490753174,245.25674438476562,0.008864158764481544
tariff/voltage_off_matched,test,1,14,large_flex,29.651676177978516,217.50503540039062,-0.136326402425766
tariff/voltage_off_matched,test,1,15,pv_battery,33.933387756347656,86.0067138671875,-0.39454352855682373
tariff/voltage_off_matched,test,1,16,pv_battery,30.45177459716797,79.69620513916016,-0.3820982873439789
tariff/voltage_off_matched,test,1,17,large_flex,29.895551681518555,225.34510803222656,-0.13266566395759583
tariff/voltage_off_matched,test,2,0,tenant,-0.10234642028808594,61.47628402709961,0.0016648182645440102
tariff/voltage_off_matched,test,2,1,tenant,0.5945099592208862,58.042232513427734,-0.010242722928524017
tariff/voltage_off_matched,test,2,2,tenant,-0.9490079879760742,64.21237182617188,0.014779207296669483
tariff/voltage_off_matched,test,2,3,tenant,-1.6019307374954224,68.21656799316406,0.02348303236067295
tariff/voltage_off_matched,test,2,4,tenant,0.5230824947357178,58.41762161254883,-0.00895420741289854
tariff/voltage_off_matched,test,2,5,tenant,-3.394273281097412,75.52835083007812,0.04494037479162216
tariff/voltage_off_matched,test,2,6,pv_only,13.308243751525879,80.94506072998047,-0.1644108146429062
tariff/voltage_off_matched,test,2,7,pv_battery,15.800485610961914,84.7945785522461,-0.1863383948802948
tariff/voltage_off_matched,test,2,8,pv_battery,13.376029968261719,88.06771087646484,-0.15188339352607727
tariff/voltage_off_matched,test,2,9,pv_battery,37.312538146972656,91.76107788085938,-0.4066269099712372
tariff/voltage_off_matched,test,2,10,pv_only,26.983856201171875,91.85672760009766,-0.29376018047332764
tariff/voltage_off_matched,test,2,11,pv_battery,37.97877502441406,77.25574493408203,-0.49159830808639526
tariff/voltage_off_matched,test,2,12,large_flex,-5.411159515380859,204.84323120117188,0.026416100561618805
tariff/voltage_off_matched,test,2,13,large_flex,18.079357147216797,181.23695373535156,-0.09975539147853851
tariff/voltage_off_matched,test,2,14,large_flex,-7.997209072113037,205.46482849121094,0.0389225147664547
tariff/voltage_off_matched,test,2,15,pv_battery,39.24137878417969,90.36703491210938,-0.43424421548843384
tariff/voltage_off_matched,test,2,16,pv_battery,40.7120361328125,82.03416442871094,-0.49628153443336487
tariff/voltage_off_matched,test,2,17,large_flex,31.298141479492188,219.12709045410156,-0.1428309679031372
tariff/voltage_off_matched,test,3,0,tenant,-2.051396369934082,62.633827209472656,0.032752230763435364
tariff/voltage_off_matched,test,3,1,tenant,-1.1721267700195312,59.18191146850586,0.01980549842119217
tariff/voltage_off_matched,test,3,2,tenant,-3.7738466262817383,70.26583862304688,0.05370810255408287
tariff/voltage_off_matched,test,3,3,tenant,-1.9372215270996094,61.681739807128906,0.03140672296285629
tariff/voltage_off_matched,test,3,4,tenant,-1.9159282445907593,61.75115966796875,0.031026598066091537
tariff/voltage_off_matched,test,3,5,tenant,-2.0093650817871094,62.27299880981445,0.03226703777909279
tariff/voltage_off_matched,test,3,6,pv_only,15.57535171508789,85.24974822998047,-0.1827027052640915
tariff/voltage_off_matched,test,3,7,pv_battery,20.01467514038086,81.70304107666016,-0.2449684739112854
tariff/voltage_off_matched,test,3,8,pv_battery,21.799686431884766,72.66333770751953,-0.30000951886177063
tariff/voltage_off_matched,test,3,9,pv_battery,24.258041381835938,93.5228042602539,-0.2593812346458435
tariff/voltage_off_matched,test,3,10,pv_only,12.320432662963867,77.6488037109375,-0.15866871178150177
tariff/voltage_off_matched,test,3,11,pv_battery,18.122798919677734,79.91842651367188,-0.22676624357700348
tariff/voltage_off_matched,test,3,12,large_flex,15.931499481201172,216.7044219970703,-0.07351718842983246
tariff/voltage_off_matched,test,3,13,large_flex,36.24305725097656,213.99559020996094,-0.1693636178970337
tariff/voltage_off_matched,test,3,14,large_flex,32.39179611206055,223.9399871826172,-0.14464502036571503
tariff/voltage_off_matched,test,3,15,pv_battery,35.989871978759766,80.59619903564453,-0.4465455710887909
tariff/voltage_off_matched,test,3,16,pv_battery,35.07940673828125,81.26229095458984,-0.43168118596076965
tariff/voltage_off_matched,test,3,17,large_flex,29.322582244873047,207.4656524658203,-0.1413370668888092
tariff/voltage_off_matched,test,4,0,tenant,10.937439918518066,62.15242385864258,-0.1759776473045349
tariff/voltage_off_matched,test,4,1,tenant,11.117223739624023,61.42643737792969,-0.18098436295986176
tariff/voltage_off_matched,test,4,2,tenant,8.509478569030762,72.35894012451172,-0.11760087311267853
tariff/voltage_off_matched,test,4,3,tenant,9.904166221618652,65.97551727294922,-0.15011878311634064
tariff/voltage_off_matched,test,4,4,tenant,10.022661209106445,66.20619201660156,-0.15138541162014008
tariff/voltage_off_matched,test,4,5,tenant,11.232076644897461,60.11405563354492,-0.18684609234333038
tariff/voltage_off_matched,test,4,6,pv_only,19.139820098876953,89.06841278076172,-0.21488893032073975
tariff/voltage_off_matched,test,4,7,pv_battery,33.09139633178711,82.79981231689453,-0.3996552526950836
tariff/voltage_off_matched,test,4,8,pv_battery,25.844440460205078,72.00828552246094,-0.3589094281196594
tariff/voltage_off_matched,test,4,9,pv_battery,34.71123123168945,86.46598815917969,-0.4014437198638916
tariff/voltage_off_matched,test,4,10,pv_only,21.985300064086914,76.42791748046875,-0.2876603901386261
tariff/voltage_off_matched,test,4,11,pv_battery,34.77398681640625,76.65846252441406,-0.4536224901676178
tariff/voltage_off_matched,test,4,12,large_flex,33.55994415283203,205.79310607910156,-0.16307611763477325
tariff/voltage_off_matched,test,4,13,large_flex,28.773357391357422,190.24539184570312,-0.1512434035539627
tariff/voltage_off_matched,test,4,14,large_flex,31.87270736694336,204.8544158935547,-0.1555870920419693
tariff/voltage_off_matched,test,4,15,pv_battery,30.354461669921875,89.1939697265625,-0.3403196334838867
tariff/voltage_off_matched,test,4,16,pv_battery,28.288528442382812,86.89279174804688,-0.3255566656589508
tariff/voltage_off_matched,test,4,17,large_flex,27.380451202392578,197.13223266601562,-0.13889387249946594
tariff/voltage_off_matched,test,5,0,tenant,-1.7182453870773315,65.47962951660156,0.026240933686494827
tariff/voltage_off_matched,test,5,1,tenant,-3.5088789463043213,72.49996948242188,0.04839838296175003
tariff/voltage_off_matched,test,5,2,tenant,0.17115259170532227,56.48336410522461,-0.0030301373917609453
tariff/voltage_off_matched,test,5,3,tenant,-2.719228506088257,69.02279663085938,0.03939611837267876
tariff/voltage_off_matched,test,5,4,tenant,0.16013851761817932,56.17674255371094,-0.0028506217058748007
tariff/voltage_off_matched,test,5,5,tenant,-2.0850164890289307,66.93524169921875,0.031149743124842644
tariff/voltage_off_matched,test,5,6,pv_only,21.743988037109375,81.12820434570312,-0.2680198550224304
tariff/voltage_off_matched,test,5,7,pv_battery,32.27261734008789,95.53137969970703,-0.33782216906547546
tariff/voltage_off_matched,test,5,8,pv_battery,29.97616958618164,90.40953063964844,-0.3315598964691162
tariff/voltage_off_matched,test,5,9,pv_battery,36.81804656982422,77.04638671875,-0.4778686761856079
tariff/voltage_off_matched,test,5,10,pv_only,12.455439567565918,95.9556884765625,-0.12980413436889648
tariff/voltage_off_matched,test,5,11,pv_battery,13.950668334960938,91.12498474121094,-0.15309371054172516
tariff/voltage_off_matched,test,5,12,large_flex,40.66463851928711,209.5968475341797,-0.1940135806798935
tariff/voltage_off_matched,test,5,13,large_flex,6.803934097290039,216.7526397705078,-0.031390316784381866
tariff/voltage_off_matched,test,5,14,large_flex,12.27107048034668,197.72850036621094,-0.062060192227363586
tariff/voltage_off_matched,test,5,15,pv_battery,27.2247371673584,79.16350555419922,-0.34390515089035034
tariff/voltage_off_matched,test,5,16,pv_battery,39.888916015625,88.03372955322266,-0.45310965180397034
tariff/voltage_off_matched,test,5,17,large_flex,13.791152954101562,204.9633026123047,-0.06728596240282059
tariff/voltage_off_matched,test,6,0,tenant,4.875025749206543,63.66468048095703,-0.07657346874475479
tariff/voltage_off_matched,test,6,1,tenant,4.694096088409424,64.55371856689453,-0.072716124355793
tariff/voltage_off_matched,test,6,2,tenant,3.5385313034057617,69.72496032714844,-0.05074984207749367
tariff/voltage_off_matched,test,6,3,tenant,4.93393611907959,64.16187286376953,-0.0768982395529747
tariff/voltage_off_matched,test,6,4,tenant,6.992349624633789,54.091068267822266,-0.12926995754241943
tariff/voltage_off_matched,test,6,5,tenant,2.9142251014709473,72.30187225341797,-0.04030635952949524
tariff/voltage_off_matched,test,6,6,pv_only,10.892423629760742,88.91521453857422,-0.12250344455242157
tariff/voltage_off_matched,test,6,7,pv_battery,38.520774841308594,68.42283630371094,-0.562981367111206
tariff/voltage_off_matched,test,6,8,pv_battery,30.852558135986328,79.10437774658203,-0.39002352952957153
tariff/voltage_off_matched,test,6,9,pv_battery,29.101903915405273,82.94664764404297,-0.35085082054138184
tariff/voltage_off_matched,test,6,10,pv_only,18.380298614501953,83.30595397949219,-0.22063609957695007
tariff/voltage_off_matched,test,6,11,pv_battery,18.126434326171875,77.62564086914062,-0.23351098597049713
tariff/voltage_off_matched,test,6,12,large_flex,35.144779205322266,193.56597900390625,-0.1815647929906845
tariff/voltage_off_matched,test,6,13,large_flex,14.09201717376709,186.55303955078125,-0.07553893327713013
tariff/voltage_off_matched,test,6,14,large_flex,24.318660736083984,198.326904296875,-0.12261910736560822
tariff/voltage_off_matched,test,6,15,pv_battery,33.670440673828125,92.698486328125,-0.36322540044784546
tariff/voltage_off_matched,test,6,16,pv_battery,27.213298797607422,90.08251953125,-0.302092969417572
tariff/voltage_off_matched,test,6,17,large_flex,34.10194778442383,208.2818603515625,-0.16372983157634735
tariff/voltage_off_matched,test,7,0,tenant,8.923196792602539,56.37227249145508,-0.1582905650138855
tariff/voltage_off_matched,test,7,1,tenant,7.285001277923584,64.04303741455078,-0.11375167220830917
tariff/voltage_off_matched,test,7,2,tenant,7.570209503173828,62.43913650512695,-0.12124142795801163
tariff/voltage_off_matched,test,7,3,tenant,8.603940963745117,57.86317443847656,-0.14869457483291626
tariff/voltage_off_matched,test,7,4,tenant,7.079463958740234,64.57722473144531,-0.10962782800197601
tariff/voltage_off_matched,test,7,5,tenant,7.387941360473633,63.76203536987305,-0.11586734652519226
tariff/voltage_off_matched,test,7,6,pv_only,22.59773826599121,89.17561340332031,-0.2534070909023285
tariff/voltage_off_matched,test,7,7,pv_battery,26.529010772705078,93.81871032714844,-0.2827688455581665
tariff/voltage_off_matched,test,7,8,pv_battery,26.209394454956055,79.26966094970703,-0.33063599467277527
tariff/voltage_off_matched,test,7,9,pv_battery,32.36166000366211,83.69727325439453,-0.3866511583328247
tariff/voltage_off_matched,test,7,10,pv_only,23.57687759399414,89.58158111572266,-0.2631888687610626
tariff/voltage_off_matched,test,7,11,pv_battery,36.920326232910156,88.0494613647461,-0.4193134009838104
tariff/voltage_off_matched,test,7,12,large_flex,29.968992233276367,192.69558715820312,-0.1555250734090805
tariff/voltage_off_matched,test,7,13,large_flex,25.254432678222656,189.23648071289062,-0.1334543377161026
tariff/voltage_off_matched,test,7,14,large_flex,21.170217514038086,205.96295166015625,-0.10278654843568802
tariff/voltage_off_matched,test,7,15,pv_battery,27.99517822265625,87.1794204711914,-0.3211215138435364
tariff/voltage_off_matched,test,7,16,pv_battery,30.547924041748047,85.78961181640625,-0.35607942938804626
tariff/voltage_off_matched,test,7,17,large_flex,31.864967346191406,207.57110595703125,-0.15351347625255585
tariff/voltage_off_matched,test,8,0,tenant,-7.146106243133545,62.965553283691406,0.11349233239889145
tariff/voltage_off_matched,test,8,1,tenant,-7.499150276184082,64.07431030273438,0.11703837662935257
tariff/voltage_off_matched,test,8,2,tenant,-7.986138343811035,66.06665802001953,0.12088008970022202
tariff/voltage_off_matched,test,8,3,tenant,-9.005616188049316,70.55229187011719,0.1276446133852005
tariff/voltage_off_matched,test,8,4,tenant,-6.582667350769043,59.791648864746094,0.11009343713521957
tariff/voltage_off_matched,test,8,5,tenant,-8.298242568969727,67.35026550292969,0.12321027368307114
tariff/voltage_off_matched,test,8,6,pv_only,-1.2939724922180176,89.90369415283203,0.014392886310815811
tariff/voltage_off_matched,test,8,7,pv_battery,34.95647048950195,80.24170684814453,-0.4356396198272705
tariff/voltage_off_matched,test,8,8,pv_battery,13.839287757873535,86.0987319946289,-0.16073741018772125
tariff/voltage_off_matched,test,8,9,pv_battery,23.715187072753906,90.46062469482422,-0.2621602714061737
tariff/voltage_off_matched,test,8,10,pv_only,22.29510498046875,76.1808853149414,-0.29266005754470825
tariff/voltage_off_matched,test,8,11,pv_battery,14.49972152709961,89.7593002319336,-0.16154004633426666
tariff/voltage_off_matched,test,8,12,large_flex,31.154266357421875,182.61277770996094,-0.1706029176712036
tariff/voltage_off_matched,test,8,13,large_flex,45.913448333740234,183.36631774902344,-0.2503920793533325
tariff/voltage_off_matched,test,8,14,large_flex,20.10479736328125,183.66424560546875,-0.10946498811244965
tariff/voltage_off_matched,test,8,15,pv_battery,16.76169204711914,82.60541534423828,-0.20291274785995483
tariff/voltage_off_matched,test,8,16,pv_battery,16.125450134277344,94.55230712890625,-0.17054522037506104
tariff/voltage_off_matched,test,8,17,large_flex,32.75874328613281,202.8647918701172,-0.16148068010807037
tariff/voltage_off_matched,test,9,0,tenant,-11.524335861206055,70.0582046508789,0.16449657082557678
tariff/voltage_off_matched,test,9,1,tenant,-8.268522262573242,55.69179153442383,0.14846928417682648
tariff/voltage_off_matched,test,9,2,tenant,-11.392228126525879,68.88367462158203,0.16538357734680176
tariff/voltage_off_matched,test,9,3,tenant,-9.856760025024414,62.655616760253906,0.15731646120548248
tariff/voltage_off_matched,test,9,4,tenant,-9.452852249145508,61.0221061706543,0.15490862727165222
tariff/voltage_off_matched,test,9,5,tenant,-9.81025505065918,62.020748138427734,0.15817701816558838
tariff/voltage_off_matched,test,9,6,pv_only,21.496265411376953,86.77166748046875,-0.24773381650447845
tariff/voltage_off_matched,test,9,7,pv_battery,28.08464813232422,71.95957946777344,-0.3902836740016937
tariff/voltage_off_matched,test,9,8,pv_battery,13.194779396057129,75.52349090576172,-0.17471091449260712
tariff/voltage_off_matched,test,9,9,pv_battery,45.743927001953125,80.29789733886719,-0.5696778297424316
tariff/voltage_off_matched,test,9,10,pv_only,29.676151275634766,91.98482513427734,-0.3226199746131897
tariff/voltage_off_matched,test,9,11,pv_battery,4.1634111404418945,93.70648956298828,-0.044430334120988846
tariff/voltage_off_matched,test,9,12,large_flex,-11.183977127075195,238.96209716796875,0.0468023344874382
tariff/voltage_off_matched,test,9,13,large_flex,-13.662778854370117,194.73968505859375,0.0701591819524765
tariff/voltage_off_matched,test,9,14,large_flex,17.48770523071289,201.513916015625,-0.08678160607814789
tariff/voltage_off_matched,test,9,15,pv_battery,55.5341796875,95.91413879394531,-0.5789987444877625
tariff/voltage_off_matched,test,9,16,pv_battery,26.939746856689453,87.90290069580078,-0.306471586227417
tariff/voltage_off_matched,test,9,17,large_flex,14.91994857788086,177.35379028320312,-0.0841253250837326
tariff/voltage_off_matched,test,10,0,tenant,-3.920332431793213,67.41810607910156,0.058149553835392
tariff/voltage_off_matched,test,10,1,tenant,-1.7038424015045166,57.790008544921875,0.029483342543244362
tariff/voltage_off_matched,test,10,2,tenant,-2.41182804107666,60.276390075683594,0.04001280292868614
tariff/voltage_off_matched,test,10,3,tenant,-3.653787136077881,65.67347717285156,0.05563567578792572
tariff/voltage_off_matched,test,10,4,tenant,-4.055729866027832,67.2275619506836,0.060328394174575806
tariff/voltage_off_matched,test,10,5,tenant,-2.3902180194854736,60.786712646484375,0.03932134434580803
tariff/voltage_off_matched,test,10,6,pv_only,25.11015510559082,88.04647827148438,-0.28519198298454285
tariff/voltage_off_matched,test,10,7,pv_battery,23.155479431152344,91.16907501220703,-0.25398391485214233
tariff/voltage_off_matched,test,10,8,pv_battery,28.919801712036133,90.3240966796875,-0.32017815113067627
tariff/voltage_off_matched,test,10,9,pv_battery,5.7826738357543945,86.59068298339844,-0.06678160279989243
tariff/voltage_off_matched,test,10,10,pv_only,8.239676475524902,82.48348236083984,-0.0998949259519577
tariff/voltage_off_matched,test,10,11,pv_battery,24.65439796447754,92.20865631103516,-0.26737624406814575
tariff/voltage_off_matched,test,10,12,large_flex,40.78020095825195,228.5016632080078,-0.17846783995628357
tariff/voltage_off_matched,test,10,13,large_flex,25.29147720336914,190.19651794433594,-0.1329755038022995
tariff/voltage_off_matched,test,10,14,large_flex,12.374261856079102,177.0040283203125,-0.0699094906449318
tariff/voltage_off_matched,test,10,15,pv_battery,43.945526123046875,83.85359191894531,-0.5240745544433594
tariff/voltage_off_matched,test,10,16,pv_battery,14.209465980529785,84.9761962890625,-0.16721698641777039
tariff/voltage_off_matched,test,10,17,large_flex,27.006969451904297,209.84616088867188,-0.12869893014431
tariff/voltage_off_matched,test,11,0,tenant,5.668572425842285,72.15080261230469,-0.0785655528306961
tariff/voltage_off_matched,test,11,1,tenant,7.983120441436768,62.132808685302734,-0.12848474085330963
tariff/voltage_off_matched,test,11,2,tenant,6.326108455657959,69.55110168457031,-0.09095624834299088
tariff/voltage_off_matched,test,11,3,tenant,7.323221206665039,64.90348815917969,-0.11283242702484131
tariff/voltage_off_matched,test,11,4,tenant,6.898240089416504,66.502685546875,-0.10372871905565262
tariff/voltage_off_matched,test,11,5,tenant,7.800415992736816,62.70114517211914,-0.12440625578165054
tariff/voltage_off_matched,test,11,6,pv_only,21.018699645996094,85.8766860961914,-0.24475449323654175
tariff/voltage_off_matched,test,11,7,pv_battery,30.065399169921875,84.4786148071289,-0.35589367151260376
tariff/voltage_off_matched,test,11,8,pv_battery,23.704437255859375,94.71376037597656,-0.2502743899822235
tariff/voltage_off_matched,test,11,9,pv_battery,33.90822219848633,86.70022583007812,-0.3910973072052002
tariff/voltage_off_matched,test,11,10,pv_only,15.364419937133789,90.72291564941406,-0.1693553924560547
tariff/voltage_off_matched,test,11,11,pv_battery,35.16472244262695,75.66815185546875,-0.46472278237342834
tariff/voltage_off_matched,test,11,12,large_flex,3.7193784713745117,215.45156860351562,-0.017263138666749
tariff/voltage_off_matched,test,11,13,large_flex,29.191299438476562,230.04476928710938,-0.1268940269947052
tariff/voltage_off_matched,test,11,14,large_flex,34.214149475097656,221.48179626464844,-0.15447837114334106
tariff/voltage_off_matched,test,11,15,pv_battery,35.20299530029297,79.61206817626953,-0.44218170642852783
tariff/voltage_off_matched,test,11,16,pv_battery,29.87823486328125,91.61184692382812,-0.32613953948020935
tariff/voltage_off_matched,test,11,17,large_flex,31.995256423950195,184.9727020263672,-0.17297279834747314
tariff/voltage_off_matched,test,12,0,tenant,-4.584958076477051,61.44271469116211,0.07462160289287567
tariff/voltage_off_matched,test,12,1,tenant,-4.144121170043945,59.79969787597656,0.06930003315210342
tariff/voltage_off_matched,test,12,2,tenant,-5.495484828948975,65.94331359863281,0.08333651721477509
tariff/voltage_off_matched,test,12,3,tenant,-6.385519504547119,69.69342803955078,0.09162299335002899
tariff/voltage_off_matched,test,12,4,tenant,-4.661717891693115,61.78516387939453,0.07545049488544464
tariff/voltage_off_matched,test,12,5,tenant,-5.731749534606934,67.02764892578125,0.08551320433616638
tariff/voltage_off_matched,test,12,6,pv_only,12.493096351623535,82.48181915283203,-0.1514648050069809
tariff/voltage_off_matched,test,12,7,pv_battery,37.00323486328125,86.35420989990234,-0.4285053610801697
tariff/voltage_off_matched,test,12,8,pv_battery,34.201316833496094,73.18670654296875,-0.46731624007225037
tariff/voltage_off_matched,test,12,9,pv_battery,8.584364891052246,83.92576599121094,-0.10228519886732101
tariff/voltage_off_matched,test,12,10,pv_only,29.044116973876953,93.49021911621094,-0.31066474318504333
tariff/voltage_off_matched,test,12,11,pv_battery,44.642234802246094,92.68009948730469,-0.48168087005615234
tariff/voltage_off_matched,test,12,12,large_flex,25.60686492919922,198.4272918701172,-0.12904909253120422
tariff/voltage_off_matched,test,12,13,large_flex,17.371156692504883,195.70989990234375,-0.08875972032546997
tariff/voltage_off_matched,test,12,14,large_flex,-2.9483518600463867,230.02713012695312,0.012817418202757835
tariff/voltage_off_matched,test,12,15,pv_battery,8.567754745483398,83.97183227539062,-0.10203132033348083
tariff/voltage_off_matched,test,12,16,pv_battery,9.671567916870117,93.6460952758789,-0.10327787697315216
tariff/voltage_off_matched,test,12,17,large_flex,33.05916976928711,205.8638153076172,-0.16058756411075592
tariff/voltage_off_matched,test,13,0,tenant,-0.09128260612487793,65.24479675292969,0.001399062224663794
tariff/voltage_off_matched,test,13,1,tenant,-1.210026502609253,69.55045318603516,0.017397813498973846
tariff/voltage_off_matched,test,13,2,tenant,1.7093682289123535,56.62065124511719,-0.03018982894718647
tariff/voltage_off_matched,test,13,3,tenant,-0.7152833938598633,68.10638427734375,0.010502445511519909
tariff/voltage_off_matched,test,13,4,tenant,0.3481106758117676,62.777862548828125,-0.005545193795114756
tariff/voltage_off_matched,test,13,5,tenant,-0.5404891967773438,67.26835632324219,0.008034823462367058
tariff/voltage_off_matched,test,13,6,pv_only,2.8314907550811768,94.4789810180664,-0.029969511553645134
tariff/voltage_off_matched,test,13,7,pv_battery,29.622285842895508,77.69390106201172,-0.38126900792121887
tariff/voltage_off_matched,test,13,8,pv_battery,33.787940979003906,75.55756378173828,-0.4471813440322876
tariff/voltage_off_matched,test,13,9,pv_battery,12.230552673339844,85.78258514404297,-0.1425761580467224
tariff/voltage_off_matched,test,13,10,pv_only,21.71959686279297,79.85309600830078,-0.2719945013523102
tariff/voltage_off_matched,test,13,11,pv_battery,30.897645950317383,81.53446960449219,-0.3789520263671875
tariff/voltage_off_matched,test,13,12,large_flex,22.61787986755371,209.47874450683594,-0.10797219723463058
tariff/voltage_off_matched,test,13,13,large_flex,37.533714294433594,191.4552459716797,-0.19604432582855225
tariff/voltage_off_matched,test,13,14,large_flex,28.1982421875,195.6560821533203,-0.144121453166008
tariff/voltage_off_matched,test,13,15,pv_battery,14.915417671203613,81.54383850097656,-0.18291279673576355
tariff/voltage_off_matched,test,13,16,pv_battery,32.05060577392578,75.5238037109375,-0.4243776500225067
tariff/voltage_off_matched,test,13,17,large_flex,34.099586486816406,235.9943084716797,-0.14449329674243927
tariff/voltage_off_matched,test,14,0,tenant,5.43375301361084,64.54833984375,-0.08418112248182297
tariff/voltage_off_matched,test,14,1,tenant,7.816770553588867,54.62171173095703,-0.14310744404792786
tariff/voltage_off_matched,test,14,2,tenant,3.9810595512390137,71.51648712158203,-0.05566630885004997
tariff/voltage_off_matched,test,14,3,tenant,6.00828742980957,63.19842529296875,-0.09507019072771072
tariff/voltage_off_matched,test,14,4,tenant,4.691838264465332,67.76394653320312,-0.06923796981573105
tariff/voltage_off_matched,test,14,5,tenant,5.207164287567139,65.76097106933594,-0.0791831836104393
tariff/voltage_off_matched,test,14,6,pv_only,11.45610237121582,81.26487731933594,-0.1409723162651062
tariff/voltage_off_matched,test,14,7,pv_battery,34.22970962524414,89.22527313232422,-0.38363227248191833
tariff/voltage_off_matched,test,14,8,pv_battery,35.67908477783203,70.50829315185547,-0.5060266852378845
tariff/voltage_off_matched,test,14,9,pv_battery,31.704317092895508,76.63369750976562,-0.41371241211891174
tariff/voltage_off_matched,test,14,10,pv_only,23.14366912841797,84.27347564697266,-0.2746259272098541
tariff/voltage_off_matched,test,14,11,pv_battery,32.595008850097656,94.81993103027344,-0.34375694394111633
tariff/voltage_off_matched,test,14,12,large_flex,15.356319427490234,196.64389038085938,-0.07809201627969742
tariff/voltage_off_matched,test,14,13,large_flex,31.751232147216797,204.53672790527344,-0.15523481369018555
tariff/voltage_off_matched,test,14,14,large_flex,18.241952896118164,219.083740234375,-0.0832647755742073
tariff/voltage_off_matched,test,14,15,pv_battery,33.18811798095703,77.27157592773438,-0.4294997751712799
tariff/voltage_off_matched,test,14,16,pv_battery,24.917217254638672,78.55946350097656,-0.31717649102211
tariff/voltage_off_matched,test,14,17,large_flex,17.48426055908203,223.69619750976562,-0.07816074788570404
tariff/voltage_off_matched,test,15,0,tenant,-4.615664482116699,74.6938247680664,0.061794452369213104
tariff/voltage_off_matched,test,15,1,tenant,-2.5516841411590576,65.07762908935547,0.03920985013246536
tariff/voltage_off_matched,test,15,2,tenant,-1.9611539840698242,62.6085205078125,0.03132407367229462
tariff/voltage_off_matched,test,15,3,tenant,-1.9698169231414795,62.717777252197266,0.03140763193368912
tariff/voltage_off_matched,test,15,4,tenant,-0.9629063606262207,58.54052734375,0.01644854247570038
tariff/voltage_off_matched,test,15,5,tenant,-1.9367523193359375,62.90364074707031,0.030789213255047798
tariff/voltage_off_matched,test,15,6,pv_only,12.356474876403809,89.89776611328125,-0.13745027780532837
tariff/voltage_off_matched,test,15,7,pv_battery,17.333724975585938,97.54315948486328,-0.1777031570672989
tariff/voltage_off_matched,test,15,8,pv_battery,38.817420959472656,72.86759948730469,-0.5327118039131165
tariff/voltage_off_matched,test,15,9,pv_battery,9.490306854248047,86.77117156982422,-0.10937165468931198
tariff/voltage_off_matched,test,15,10,pv_only,14.598296165466309,75.73419952392578,-0.19275689125061035
tariff/voltage_off_matched,test,15,11,pv_battery,43.79962921142578,92.3165512084961,-0.4744504392147064
tariff/voltage_off_matched,test,15,12,large_flex,13.899070739746094,210.69766235351562,-0.06596686691045761
tariff/voltage_off_matched,test,15,13,large_flex,25.469877243041992,199.19363403320312,-0.12786495685577393
tariff/voltage_off_matched,test,15,14,large_flex,34.16147994995117,219.9599151611328,-0.15530778467655182
tariff/voltage_off_matched,test,15,15,pv_battery,29.54556655883789,102.40503692626953,-0.28851673007011414
tariff/voltage_off_matched,test,15,16,pv_battery,28.727962493896484,84.61502075195312,-0.3395138680934906
tariff/voltage_off_matched,test,15,17,large_flex,27.723562240600586,209.6678466796875,-0.13222607970237732
tariff/voltage_off_matched,test,16,0,tenant,3.710341453552246,67.2093505859375,-0.055205728858709335
tariff/voltage_off_matched,test,16,1,tenant,6.458164215087891,54.931549072265625,-0.11756747961044312
tariff/voltage_off_matched,test,16,2,tenant,3.580996036529541,67.35568237304688,-0.053165484219789505
tariff/voltage_off_matched,test,16,3,tenant,4.9235758781433105,62.17927551269531,-0.07918351143598557
tariff/voltage_off_matched,test,16,4,tenant,5.719161033630371,58.209693908691406,-0.09825102239847183
tariff/voltage_off_matched,test,16,5,tenant,5.8086676597595215,57.75937271118164,-0.10056667029857635
tariff/voltage_off_matched,test,16,6,pv_only,23.189006805419922,90.48619079589844,-0.25627121329307556
tariff/voltage_off_matched,test,16,7,pv_battery,25.58768081665039,92.22779846191406,-0.27743998169898987
tariff/voltage_off_matched,test,16,8,pv_battery,22.840730667114258,82.8550033569336,-0.27567118406295776
tariff/voltage_off_matched,test,16,9,pv_battery,27.784442901611328,94.79684448242188,-0.29309460520744324
tariff/voltage_off_matched,test,16,10,pv_only,17.29884910583496,98.70648193359375,-0.17525547742843628
tariff/voltage_off_matched,test,16,11,pv_battery,32.96364974975586,91.78949737548828,-0.3591223359107971
tariff/voltage_off_matched,test,16,12,large_flex,14.066125869750977,220.208740234375,-0.06387633085250854
tariff/voltage_off_matched,test,16,13,large_flex,7.764543533325195,186.87705993652344,-0.04154893755912781
tariff/voltage_off_matched,test,16,14,large_flex,31.376140594482422,204.80606079101562,-0.15319927036762238
tariff/voltage_off_matched,test,16,15,pv_battery,32.170040130615234,85.46842956542969,-0.37639662623405457
tariff/voltage_off_matched,test,16,16,pv_battery,37.23300552368164,73.39588165283203,-0.507290244102478
tariff/voltage_off_matched,test,16,17,large_flex,21.415306091308594,205.97467041015625,-0.10397057980298996
tariff/voltage_off_matched,test,17,0,tenant,6.99593448638916,62.53596496582031,-0.11187060177326202
tariff/voltage_off_matched,test,17,1,tenant,8.062631607055664,58.3036994934082,-0.138286754488945
tariff/voltage_off_matched,test,17,2,tenant,8.884672164916992,53.944068908691406,-0.16470149159431458
tariff/voltage_off_matched,test,17,3,tenant,6.538036346435547,65.78950500488281,-0.09937813133001328
tariff/voltage_off_matched,test,17,4,tenant,7.912206172943115,58.92573165893555,-0.13427428901195526
tariff/voltage_off_matched,test,17,5,tenant,6.862412452697754,63.63812255859375,-0.10783497989177704
tariff/voltage_off_matched,test,17,6,pv_only,20.07876968383789,76.66487121582031,-0.26190319657325745
tariff/voltage_off_matched,test,17,7,pv_battery,33.5958251953125,85.16590118408203,-0.39447495341300964
tariff/voltage_off_matched,test,17,8,pv_battery,29.055513381958008,74.32853698730469,-0.39090633392333984
tariff/voltage_off_matched,test,17,9,pv_battery,33.58341598510742,82.66796875,-0.4062446355819702
tariff/voltage_off_matched,test,17,10,pv_only,20.363628387451172,80.77920532226562,-0.2520899474620819
tariff/voltage_off_matched,test,17,11,pv_battery,28.5572566986084,89.17574310302734,-0.3202357590198517
tariff/voltage_off_matched,test,17,12,large_flex,29.149351119995117,216.91053771972656,-0.13438425958156586
tariff/voltage_off_matched,test,17,13,large_flex,21.63947105407715,195.1348419189453,-0.11089500039815903
tariff/voltage_off_matched,test,17,14,large_flex,28.446216583251953,230.56500244140625,-0.12337611615657806
tariff/voltage_off_matched,test,17,15,pv_battery,36.595848083496094,81.8302001953125,-0.44721707701683044
tariff/voltage_off_matched,test,17,16,pv_battery,26.134471893310547,93.58142852783203,-0.279269814491272
tariff/voltage_off_matched,test,17,17,large_flex,26.441242218017578,221.88687133789062,-0.11916542053222656
tariff/voltage_off_matched,test,18,0,tenant,8.435258865356445,62.71976852416992,-0.13449126482009888
tariff/voltage_off_matched,test,18,1,tenant,8.381953239440918,63.05696105957031,-0.13292665779590607
tariff/voltage_off_matched,test,18,2,tenant,7.9206438064575195,65.02294158935547,-0.12181311845779419
tariff/voltage_off_matched,test,18,3,tenant,8.509261131286621,61.90911865234375,-0.13744767010211945
tariff/voltage_off_matched,test,18,4,tenant,9.395896911621094,58.7082405090332,-0.16004392504692078
tariff/voltage_off_matched,test,18,5,tenant,6.541708946228027,70.38614654541016,-0.09294027835130692
tariff/voltage_off_matched,test,18,6,pv_only,8.188364028930664,88.58834075927734,-0.09243159741163254
tariff/voltage_off_matched,test,18,7,pv_battery,30.654342651367188,88.0772476196289,-0.3480393886566162
tariff/voltage_off_matched,test,18,8,pv_battery,26.587589263916016,79.63178253173828,-0.3338817358016968
tariff/voltage_off_matched,test,18,9,pv_battery,32.39690399169922,78.36991119384766,-0.4133845567703247
tariff/voltage_off_matched,test,18,10,pv_only,23.821914672851562,73.76455688476562,-0.32294538617134094
tariff/voltage_off_matched,test,18,11,pv_battery,30.004863739013672,81.87643432617188,-0.36646518111228943
tariff/voltage_off_matched,test,18,12,large_flex,31.518863677978516,193.24049377441406,-0.16310690343379974
tariff/voltage_off_matched,test,18,13,large_flex,31.30990219116211,201.227294921875,-0.15559467673301697
tariff/voltage_off_matched,test,18,14,large_flex,32.00492858886719,223.53965759277344,-0.14317341148853302
tariff/voltage_off_matched,test,18,15,pv_battery,34.88713836669922,85.72362518310547,-0.40697234869003296
tariff/voltage_off_matched,test,18,16,pv_battery,33.150150299072266,85.09390258789062,-0.3895713984966278
tariff/voltage_off_matched,test,18,17,large_flex,11.503790855407715,197.70721435546875,-0.05818599835038185
tariff/voltage_off_matched,test,19,0,tenant,-5.1418843269348145,68.8856201171875,0.0746438205242157
tariff/voltage_off_matched,test,19,1,tenant,-3.02132248878479,59.58950424194336,0.05070225149393082
tariff/voltage_off_matched,test,19,2,tenant,-2.9907965660095215,59.54359436035156,0.05022869259119034
tariff/voltage_off_matched,test,19,3,tenant,-2.8387622833251953,59.20698928833008,0.04794640466570854
tariff/voltage_off_matched,test,19,4,tenant,-3.272801399230957,60.636199951171875,0.05397435650229454
tariff/voltage_off_matched,test,19,5,tenant,-1.5616024732589722,53.75758361816406,0.029048997908830643
tariff/voltage_off_matched,test,19,6,pv_only,20.339324951171875,87.54927062988281,-0.23231852054595947
tariff/voltage_off_matched,test,19,7,pv_battery,44.733985900878906,80.59639739990234,-0.5550370812416077
tariff/voltage_off_matched,test,19,8,pv_battery,15.178418159484863,78.52198028564453,-0.19330155849456787
tariff/voltage_off_matched,test,19,9,pv_battery,16.828428268432617,99.7652359008789,-0.16868028044700623
tariff/voltage_off_matched,test,19,10,pv_only,28.57791519165039,84.81458282470703,-0.3369457423686981
tariff/voltage_off_matched,test,19,11,pv_battery,23.427169799804688,88.55309295654297,-0.2645550072193146
tariff/voltage_off_matched,test,19,12,large_flex,20.588764190673828,218.55616760253906,-0.09420354664325714
tariff/voltage_off_matched,test,19,13,large_flex,28.376911163330078,223.74447631835938,-0.12682728469371796
tariff/voltage_off_matched,test,19,14,large_flex,21.27608871459961,204.47276306152344,-0.10405339300632477
tariff/voltage_off_matched,test,19,15,pv_battery,14.189994812011719,73.83027648925781,-0.1921975016593933
tariff/voltage_off_matched,test,19,16,pv_battery,19.65410041809082,86.82530975341797,-0.22636380791664124
tariff/voltage_off_matched,test,19,17,large_flex,42.92463684082031,187.8963623046875,-0.2284485399723053
