run,split,seed_index,transformer_draw_peak_kw,transformer_export_peak_kw,reverse_flow_share,losses_share,voltage_p99_pu,over_voltage_share,coincidence_factor,peak_to_average,max_ramp_kw,flex_synchrony,community_settlement_chf,curtailed_share,self_consumption_share,cost_per_kwh_spread_chf,tenant_cost_per_kwh_chf,pv_only_cost_per_kwh_chf,pv_battery_cost_per_kwh_chf,large_flex_cost_per_kwh_chf,owner_cost_per_kwh_chf,tenant_import_share,valid_share,projection_mae_kw,tenant_cost_per_load_kwh_chf,pv_only_cost_per_load_kwh_chf,pv_battery_cost_per_load_kwh_chf,large_flex_cost_per_load_kwh_chf
fair_leg,validation,0,9.313583374023438,54.869651794433594,0.4538690447807312,0.06210913881659508,1.0709128379821777,0.04432957246899605,0.7206472158432007,3.4720160961151123,9.06515121459961,0.7289032340049744,217.5500030517578,2.9625357456097845e-06,0.31834262872643504,236.48269679460822,0.22367967611165446,0.07873132873205436,-236.25901711849656,-0.39118941325476975,-1.0816300972531405,0.5744374990463257,1.0,1.4243322077334142e-08,0.22367967665195465,0.04855801537632942,-0.4838070273399353,-0.08118685334920883
fair_leg,validation,1,11.265754699707031,55.3288459777832,0.4538690447807312,0.05558989942073822,1.0742322206497192,0.03688909858465195,0.7226750254631042,3.404343605041504,12.54415512084961,0.6868581771850586,207.42254638671875,0.004495234694331884,0.3123367121697419,2.0388451741690448,0.22282654046133832,-0.5438445372186861,-1.8160186337077067,-0.8170186709157615,-0.956061518462611,0.5551574230194092,1.0,1.1517956366446924e-08,0.2228265404701233,-0.2954859137535095,-0.2459792196750641,-0.13643692433834076
fair_leg,validation,2,8.357048034667969,63.91143798828125,0.4583333432674408,0.07267779856920242,1.0860764980316162,0.06508458405733109,0.7175585031509399,3.4761831760406494,13.731956481933594,0.7810922861099243,313.8447265625,0.005979200359433889,0.3063645665152852,7.005576810716677,0.2234496116943148,-0.6170595528584818,-6.782127199022362,-2.4001559680607842,-2.2855667211418815,0.6870425343513489,1.0,1.3657087905016851e-08,0.22344961762428284,-0.3108172118663788,-0.3913382589817047,-0.1640029400587082
fair_leg,validation,3,10.8795166015625,65.89698791503906,0.4613095223903656,0.06990781426429749,1.0802587270736694,0.06688596308231354,0.7821764349937439,3.3975706100463867,7.249355316162109,0.7046463489532471,315.7178955078125,0.00040239832014776766,0.2770586491071071,9.700101014073825,0.2240567850015396,-0.5090934648043264,-9.476044229072285,-0.6905521966664736,-1.620538973046413,0.6057490110397339,1.0,1.3813694188513637e-08,0.22405678033828735,-0.25610455870628357,-0.5516723394393921,-0.11195119470357895
fair_leg,validation,4,8.304595947265625,65.35292053222656,0.4613095223903656,0.07082883268594742,1.0731757879257202,0.06649436056613922,0.735454261302948,3.5014700889587402,8.854389190673828,0.6798648834228516,314.7493896484375,0.0014927437296137214,0.28289329941077357,16.418160997608528,0.22395144623820026,-0.465620786887417,-16.194209551370328,-1.5246875343250839,-2.060781893301337,0.6634195446968079,1.0,1.3429511724893928e-08,0.22395144402980804,-0.25750866532325745,-0.46708256006240845,-0.16273042559623718
fair_leg,validation,5,7.798671722412109,64.9862289428711,0.4613095223903656,0.068800188601017,1.0711778402328491,0.06359649449586868,0.7886191606521606,3.658446788787842,7.977485656738281,0.7714499831199646,307.93035888671875,0.004457427188754082,0.2998382391310559,31.904330060138705,0.22242546683370676,-0.6843121650140901,-31.681904593305,-3.2110003699852507,-2.7710168103356034,0.7261978983879089,1.0,1.3738856274869704e-08,0.2224254608154297,-0.3485358655452728,-0.3869800865650177,-0.1678912490606308
fair_leg,validation,6,6.5174102783203125,74.84149932861328,0.46875,0.09761825948953629,1.1064611673355103,0.11763784289360046,0.8064528107643127,3.3988900184631348,12.939453125,0.729735255241394,444.4566955566406,0.0014676327118650079,0.25153547734935644,193909651.8247596,0.2227699240338291,-0.1929455494980417,-193909651.6019897,-6.71232475185165,-4.250899753042713,0.7505674958229065,1.0,1.5564673105927795e-08,0.22276993095874786,-0.11119063943624496,-0.5991700291633606,-0.252429723739624
fair_leg,validation,7,12.586116790771484,66.27559661865234,0.4583333432674408,0.06901329755783081,1.0778279304504395,0.06069862097501755,0.8366031646728516,3.8467018604278564,9.138107299804688,0.6557057499885559,261.5604248046875,0.00012226327089592814,0.29460342372191706,7.266917920761432,0.2223273162370774,-0.0724935644532132,-7.0445906045243545,-0.48700561629455463,-1.1434206027463174,0.5521478056907654,1.0,1.2857829467805004e-08,0.222327321767807,-0.040235571563243866,-0.5115283131599426,-0.09803661704063416
export_30kw_0.05,validation,0,8.34798812866211,51.40256881713867,0.4538690447807312,0.05672469735145569,1.0645365715026855,0.03446115180850029,0.6820122599601746,3.3465375900268555,10.967254638671875,0.6961769461631775,218.7686767578125,0.00042298968764953315,0.335306414259098,223.10431262087948,0.18788797605436708,0.05042273580711245,-222.91642464482513,-0.557170234872031,-1.2926955236804394,0.6270813941955566,1.0,1.3178953928161263e-08,0.1878879815340042,0.03109852224588394,-0.45648428797721863,-0.07936470210552216
export_30kw_0.05,validation,1,9.319305419921875,51.61142349243164,0.455357164144516,0.050920695066452026,1.0678529739379883,0.03125,0.6729258298873901,3.24536395072937,11.618614196777344,0.655188798904419,206.8340606689453,0.0048973714001476765,0.3307360127591955,2.57265629648649,0.18941989179020613,-0.514035662812949,-2.3832364046962837,-0.9734019572996822,-1.084401879116851,0.5972897410392761,1.0,1.2384603564896679e-08,0.18941989541053772,-0.27928993105888367,-0.24171030521392822,-0.12660236656665802
export_30kw_0.05,validation,2,7.328510284423828,60.465335845947266,0.4598214328289032,0.06792754679918289,1.0756895542144775,0.05435463786125183,0.697734534740448,3.346302032470703,17.951011657714844,0.7593096494674683,314.1133728027344,0.006263153627514839,0.31853576562316765,12.40189906214687,0.14368580481499368,-0.5728499771903313,-12.258213257331876,-3.5810590343623567,-2.703094567670972,0.7375150322914124,1.0,1.541994798515134e-08,0.14368580281734467,-0.2885485291481018,-0.36791759729385376,-0.14758431911468506
export_30kw_0.05,validation,3,8.216381072998047,61.40756607055664,0.4613095223903656,0.06417723745107651,1.0691187381744385,0.05560776963829994,0.7404592037200928,3.280303478240967,8.271217346191406,0.6708626747131348,314.28125,0.001362438895739615,0.2941046047140231,11.249638479253631,0.13686759520472574,-0.4871986645313594,-11.112770884048906,-0.9266802770023206,-1.8402657178553867,0.6562948822975159,1.0,1.3665864884160328e-08,0.13686759769916534,-0.24509015679359436,-0.4957182705402374,-0.10489802807569504
export_30kw_0.05,validation,4,6.881237030029297,60.69135665893555,0.4627976417541504,0.06549602746963501,1.0673635005950928,0.05733082816004753,0.6717008352279663,3.298369884490967,9.791374206542969,0.7009299993515015,314.6212463378906,0.0032602851279079914,0.29565093219187866,26.993251564628558,0.1414409863504479,-0.44000643476688595,-26.85181057827811,-2.270518676643866,-2.420899786828649,0.715485692024231,1.0,1.4043002316554976e-08,0.1414409875869751,-0.2433428168296814,-0.4326702356338501,-0.1472555696964264
export_30kw_0.05,validation,5,5.804538726806641,61.45668029785156,0.4627976417541504,0.06234798580408096,1.0647075176239014,0.05083020031452179,0.7409569621086121,3.514744520187378,15.694141387939453,0.7056365609169006,306.84490966796875,0.005408786237239838,0.3119107177431739,124218922.98034762,0.14894477701418765,-0.6146565381579826,-124218922.83140284,-9.617287322125174,-3.4335785625939277,0.7800096273422241,1.0,1.228828416799388e-08,0.14894478023052216,-0.31305867433547974,-0.36427751183509827,-0.15446214377880096
export_30kw_0.05,validation,6,6.5174102783203125,71.5537109375,0.46875,0.09570841491222382,1.097967267036438,0.11583646386861801,0.7562903761863708,3.2514805793762207,19.99807357788086,0.7664890289306641,442.6480407714844,0.004645674955099821,0.2552262567818454,172018146.2041667,0.07801537183585608,-0.26816187604210034,-172018146.12615135,-11.498466667236285,-4.348876363246626,0.7749298810958862,1.0,1.4958574823253912e-08,0.07801537215709686,-0.15453629195690155,-0.531526505947113,-0.2176126092672348
export_30kw_0.05,validation,7,9.091377258300781,64.4521713256836,0.4583333432674408,0.0634511187672615,1.0698628425598145,0.0491071417927742,0.8059223890304565,3.8020195960998535,11.523723602294922,0.6189201474189758,260.2347412109375,0.004093623720109463,0.3158283595468687,7.420892794848749,0.16315858146608866,-0.10817816851987487,-7.25773421338266,-0.6715600092278405,-1.3371871189880864,0.6072923541069031,1.0,1.3486102901083541e-08,0.16315858066082,-0.060041338205337524,-0.4673483371734619,-0.09281434118747711
export_30kw_0.15,validation,0,8.198261260986328,48.96688461303711,0.4538690447807312,0.055942315608263016,1.0633023977279663,0.03305137902498245,0.6324785947799683,3.1786954402923584,13.190746307373047,0.6950238347053528,218.91571044921875,0.001069545280188322,0.33783343863185866,196.48715584686497,0.12203753618949073,-5.9641408057452825e-05,-196.36511831067548,-0.5741923579309678,-1.2281814639736062,0.6358779668807983,1.0,1.3508796747885299e-08,0.12203753739595413,-3.678419307107106e-05,-0.40211302042007446,-0.07614723592996597
export_30kw_0.15,validation,1,8.758068084716797,49.04747009277344,0.455357164144516,0.05035979673266411,1.0667208433151245,0.03101503662765026,0.6413035988807678,3.172130584716797,11.107444763183594,0.6626518368721008,206.24302673339844,0.0056144362315535545,0.3340282468828173,2.6255852566532645,0.12738262525604951,-0.45625522729888024,-2.498202631397215,-0.8621904291098086,-1.0160421721524695,0.6034964919090271,1.0,1.2542596294906616e-08,0.12738262116909027,-0.247896209359169,-0.2330508679151535,-0.10964766889810562
export_30kw_0.15,validation,2,7.289886474609375,57.56425857543945,0.4598214328289032,0.06725450605154037,1.0745532512664795,0.0550595223903656,0.6512377858161926,3.175994634628296,13.48114013671875,0.7553243637084961,313.8766174316406,0.00710724713280797,0.3197440642485173,11.090939028755152,-0.017138443749621347,-0.4785794797235187,-11.108077472504773,-3.120937555558794,-2.3227763007638402,0.7436741590499878,1.0,1.418003314768157e-08,-0.017138443887233734,-0.24106383323669434,-0.31749460101127625,-0.11597511917352676
export_30kw_0.15,validation,3,8.21542739868164,58.55369567871094,0.4613095223903656,0.06357423961162567,1.068324327468872,0.05302318185567856,0.6968914866447449,3.1348884105682373,13.56363296508789,0.6873883008956909,313.7900390625,0.002578704385086894,0.29752762000670574,9.597593442162944,-0.035063049281194636,-0.44193495367505975,-9.63265649144414,-0.9285643732600853,-1.6041801036276353,0.6698837876319885,1.0,1.4654471414132786e-08,-0.03506305068731308,-0.2223197966814041,-0.3837757706642151,-0.09482622891664505
export_30kw_0.15,validation,4,6.882667541503906,61.57207489013672,0.4627976417541504,0.06496100127696991,1.0666005611419678,0.057644110172986984,0.6693904995918274,3.348660945892334,11.687755584716797,0.7089309096336365,313.220947265625,0.004410340916365385,0.2993320843694601,24.070207495898277,-0.01990077584470902,-0.38802930932529983,-24.090108271742984,-2.032369197598181,-2.1033902045028454,0.7250396609306335,1.0,1.3470165427520442e-08,-0.01990077644586563,-0.2145971953868866,-0.3646849989891052,-0.11623425036668777
export_30kw_0.15,validation,5,5.806922912597656,62.03889846801758,0.4627976417541504,0.06161429360508919,1.0640751123428345,0.04816729202866554,0.7516860961914062,3.6079370975494385,19.103050231933594,0.7465609312057495,305.1360168457031,0.006696859374642372,0.31439595210816185,108456239.11628798,0.0017448625834222487,-0.47581693471037506,-108456239.11454311,-9.291809275407804,-2.9462420888576624,0.7829774022102356,1.0,1.2698509799236035e-08,0.0017448625294491649,-0.242344468832016,-0.3180527091026306,-0.12850351631641388
export_30kw_0.15,validation,6,6.516933441162109,74.62454223632812,0.46875,0.09527315944433212,1.0975322723388672,0.11481829732656479,0.8011539578437805,3.4553325176239014,14.06717300415039,0.7761934995651245,440.6399841308594,0.007515124045312405,0.25610998667457596,128512693.36743025,-0.20940480379674803,-0.4151444434973145,-128512693.57683505,-8.3795812038796,-3.3652013602631663,0.77619868516922,1.0,1.4892052035975212e-08,-0.20940479636192322,-0.2392393946647644,-0.39709708094596863,-0.15070293843746185
export_30kw_0.15,validation,7,9.084224700927734,62.01744079589844,0.4583333432674408,0.06261046975851059,1.068520188331604,0.046992480754852295,0.7859697341918945,3.715343475341797,12.887001037597656,0.6574021577835083,259.5828552246094,0.005183225031942129,0.3234357624508206,6.4222000534177575,0.05233864302629957,-0.17403901931380136,-6.369861410391458,-0.7218748917618079,-1.284875392511218,0.6307700872421265,1.0,1.3131313814085388e-08,0.05233864486217499,-0.09659560769796371,-0.38875263929367065,-0.08290977776050568
export_30kw_0.3,validation,0,8.198261260986328,35.8729362487793,0.4538690447807312,0.03528329357504845,1.048816204071045,0.006970551330596209,0.859924852848053,2.764045000076294,8.666038513183594,0.5324836373329163,150.0592498779297,0.1335023045539856,0.3894666634379994,185.77036114816977,0.21047840217675787,0.07354127032868696,-185.559882745993,-0.42285119453339737,-1.0633560721884183,0.6358779668807983,1.0,6.900841675872016e-09,0.21047839522361755,0.04535701498389244,-0.3799861967563629,-0.056076936423778534
export_30kw_0.3,validation,1,8.75711441040039,34.53826904296875,0.455357164144516,0.028300926089286804,1.047550916671753,0.005639097653329372,0.7997596859931946,2.6492037773132324,5.370140075683594,0.5089800357818604,125.4678726196289,0.16375398635864258,0.3971951514891503,2.2764492960752314,0.21898581772631548,-0.4036764238671081,-2.057463478348916,-0.6774228591251512,-0.8334670414183223,0.6034964919090271,1.0,6.407693486920607e-09,0.21898581087589264,-0.21932867169380188,-0.1919354498386383,-0.0861501470208168
export_30kw_0.3,validation,2,7.291316986083984,39.32809829711914,0.4598214328289032,0.04071676731109619,1.0522233247756958,0.014567669481039047,0.8879890441894531,2.71602201461792,6.604671478271484,0.5856767296791077,211.87657165527344,0.17029263079166412,0.38263107869221025,9.99278476302613,0.1518836431388145,-0.37039175380968276,-9.840901119887315,-2.8405317322685475,-2.04216961615156,0.7436741590499878,1.0,6.707277844242299e-09,0.15188364684581757,-0.18656891584396362,-0.28127577900886536,-0.10555513948202133
export_30kw_0.3,validation,3,8.216381072998047,38.16032409667969,0.4613095223903656,0.03749782592058182,1.0497404336929321,0.009711779654026031,0.8544246554374695,2.580315351486206,6.4487457275390625,0.5217354893684387,202.6754150390625,0.1826261579990387,0.36308469542404953,9.02670834495485,0.1602672199943072,-0.37651024092700963,-8.866441124960543,-0.7347338231303372,-1.4078449372432404,0.6699680685997009,1.0,6.316917211535156e-09,0.16026721894741058,-0.18940724432468414,-0.3532488942146301,-0.07497061789035797
export_30kw_0.3,validation,4,6.882190704345703,40.11678695678711,0.4627976417541504,0.039073675870895386,1.049072504043579,0.008771929889917374,0.8672583699226379,2.7070209980010986,13.441085815429688,0.571890652179718,204.50343322753906,0.17967860400676727,0.3677419051950451,20.922314424509228,0.15486148196320568,-0.32153538152540856,-20.767452942546022,-1.783307638144917,-1.8159277993702516,0.7250396609306335,1.0,6.3891567592122556e-09,0.1548614799976349,-0.17782312631607056,-0.31438541412353516,-0.10199004411697388
export_30kw_0.3,validation,5,5.806446075439453,38.475990295410156,0.4627976417541504,0.03784133121371269,1.0473805665969849,0.006109022535383701,0.8674343824386597,2.8030481338500977,7.448673248291016,0.5645961761474609,208.9523468017578,0.16818402707576752,0.3754321281841576,92561112.95016025,0.15736745145193506,-0.4484587040050274,-92561112.7927928,-8.194707265402421,-2.5809827965686933,0.7829774022102356,1.0,7.243619926100564e-09,0.15736745297908783,-0.22841030359268188,-0.2714395523071289,-0.11333084851503372
export_30kw_0.3,validation,6,6.516933441162109,40.78960418701172,0.46875,0.052640218287706375,1.0579215288162231,0.030075188726186752,0.8836764693260193,2.430241107940674,7.731914520263672,0.5671888589859009,270.71636962890625,0.23875826597213745,0.3339088688323488,106476335.3933043,0.035749400283197216,-0.18869170054715287,-106476335.3575549,-6.821564810214843,-2.637666572306273,0.77619868516922,1.0,6.465799895494229e-09,0.035749401897192,-0.1087392270565033,-0.3290059268474579,-0.12268272787332535
export_30kw_0.3,validation,7,9.083747863769531,34.74903106689453,0.4583333432674408,0.032145291566848755,1.0467514991760254,0.004151002503931522,0.8232759237289429,2.742220163345337,6.084918975830078,0.5034195184707642,148.50482177734375,0.20093271136283875,0.4028287219599903,5.827488578757056,0.21416549584237402,-0.0675429666650581,-5.6133230829146825,-0.5326732081325848,-1.0497803834514425,0.6307700872421265,1.0,6.479009329041219e-09,0.21416549384593964,-0.037487879395484924,-0.3425810635089874,-0.06117932125926018
export_45kw_0.05,validation,0,8.198261260986328,48.96688461303711,0.4538690447807312,0.055942315608263016,1.0633023977279663,0.03305137902498245,0.6324785947799683,3.1786954402923584,13.190746307373047,0.6950238347053528,218.91575622558594,0.001069545280188322,0.33783343863185866,235.82316734406322,0.2232311411529913,0.07842519555237154,-235.59993620291024,-0.6285887473126451,-1.4048991375875843,0.6358779668807983,1.0,1.3508796747885299e-08,0.22323113679885864,0.04836920648813248,-0.48245736956596375,-0.08336108177900314
export_45kw_0.05,validation,1,8.758068084716797,49.04747009277344,0.455357164144516,0.05035979673266411,1.0667208433151245,0.03101503662765026,0.6413035988807678,3.172130584716797,11.107444763183594,0.6626518368721008,206.24298095703125,0.0056144362315535545,0.3340282468828173,2.8633780273553042,0.2220138719929868,-0.5432450355720746,-2.6413641553623175,-1.0575036902184785,-1.1600750679301752,0.6034964919090271,1.0,1.2542596294906616e-08,0.22201387584209442,-0.2951602041721344,-0.24640603363513947,-0.13448631763458252
export_45kw_0.05,validation,2,7.289886474609375,57.56425857543945,0.4598214328289032,0.06725450605154037,1.0745532512664795,0.0550595223903656,0.6512377858161926,3.175994634628296,13.48114013671875,0.7553243637084961,313.8766784667969,0.00710724713280797,0.3197440642485173,13.71684331412715,0.2058666525885747,-0.6078838820435879,-13.510976661538574,-4.313683566255228,-2.9697775305985243,0.7436741590499878,1.0,1.418003314768157e-08,0.20586664974689484,-0.30619534850120544,-0.3861750364303589,-0.16029797494411469
export_45kw_0.05,validation,3,8.21542739868164,58.55369567871094,0.4613095223903656,0.06357423961162567,1.068324327468872,0.05302318185567856,0.6968914866447449,3.1348884105682373,13.56363296508789,0.6873883008956909,313.7899475097656,0.002578704385086894,0.29752762000670574,13.676467952636202,0.20357822912405268,-0.5046631231724411,-13.472889723512148,-1.0707752371109076,-2.0884395821688644,0.6698837876319885,1.0,1.4654471414132786e-08,0.20357823371887207,-0.25387582182884216,-0.5367749333381653,-0.10934899002313614
export_45kw_0.05,validation,4,6.882667541503906,61.57207489013672,0.4627976417541504,0.06496100127696991,1.0666005611419678,0.057644110172986984,0.6693904995918274,3.348660945892334,11.687755584716797,0.7089309096336365,313.22100830078125,0.004410340916365385,0.2993320843694601,30.378441291703844,0.20517184135446584,-0.46048395245305973,-30.173269450349377,-2.775656098831279,-2.6968821032729973,0.7250396609306335,1.0,1.3470165427520442e-08,0.2051718384027481,-0.2546677887439728,-0.45677414536476135,-0.1587439477443695
export_45kw_0.05,validation,5,5.806922912597656,62.03889846801758,0.4627976417541504,0.06161429360508919,1.0640751123428345,0.04816729202866554,0.7516860961914062,3.6079370975494385,19.103050231933594,0.7465609312057495,305.1360168457031,0.006696859374642372,0.31439595210816185,129229053.24303482,0.20828579911440062,-0.6727345488973248,-129229053.03474903,-11.868133473664845,-3.6914038121675863,0.7829774022102356,1.0,1.2698509799236035e-08,0.20828579366207123,-0.34263911843299866,-0.3789699077606201,-0.1641334593296051
export_45kw_0.05,validation,6,6.516933441162109,74.62454223632812,0.46875,0.09527315944433212,1.0975322723388672,0.11481829732656479,0.8011539578437805,3.4553325176239014,14.06717300415039,0.7761934995651245,440.6401062011719,0.007515124045312405,0.25610998667457596,180608802.4245505,0.13983050570499989,-0.24223133114175693,-180608802.28472,-12.781440893388497,-4.576436594490883,0.77619868516922,1.0,1.4892052035975212e-08,0.13983049988746643,-0.13959303498268127,-0.5580711364746094,-0.22986836731433868
export_45kw_0.05,validation,7,9.084224700927734,62.01744079589844,0.4583333432674408,0.06261046975851059,1.068520188331604,0.046992480754852295,0.7859697341918945,3.715343475341797,12.887001037597656,0.6574021577835083,259.5829162597656,0.005183225031942129,0.3234357624508206,8.403842301147789,0.21169438335060706,-0.07614301026047693,-8.19214791779718,-0.8478943346687031,-1.5571091217200257,0.6307700872421265,1.0,1.3131313814085388e-08,0.2116943895816803,-0.04226109758019447,-0.4999668002128601,-0.0973835363984108
export_45kw_0.15,validation,0,8.19540023803711,48.892974853515625,0.4538690447807312,0.05677766352891922,1.0639280080795288,0.04119674116373062,0.6517682671546936,3.202721118927002,11.198043823242188,0.6788991689682007,219.31039428710938,0.0008051244658418,0.3385951326886234,124.24803486567977,0.22219206825218432,0.07762806501577711,-124.02584279742759,-0.6561475069469894,-1.4265835981161938,0.6394144892692566,1.0,1.2895768897180915e-08,0.22219206392765045,0.04787757247686386,-0.48161736130714417,-0.08376358449459076
export_45kw_0.15,validation,1,8.756637573242188,46.9818115234375,0.455357164144516,0.04957500845193863,1.0659010410308838,0.030075188726186752,0.6212576627731323,3.036386251449585,8.160591125488281,0.635753333568573,206.6546173095703,0.00508529506623745,0.33678359140656666,3.228547713549331,0.22197216953187418,-0.5428493573280319,-3.0065755440174566,-1.1016056046642289,-1.208315005985387,0.6128811836242676,1.0,1.2026118767494154e-08,0.22197216749191284,-0.29494521021842957,-0.2464725375175476,-0.1349591761827469
export_45kw_0.15,validation,2,9.236812591552734,60.011863708496094,0.4583333432674408,0.06833192706108093,1.0748391151428223,0.06022869795560837,0.6811382174491882,3.2797017097473145,12.973785400390625,0.7250812649726868,314.0325622558594,0.0065261670388281345,0.3160920851878535,9.250434293399854,0.17196003056896533,-0.590341230483511,-9.07847426283089,-3.2108022149786337,-2.5637147778625735,0.7213964462280273,1.0,1.2780854596883273e-08,0.1719600260257721,-0.29735898971557617,-0.37653878331184387,-0.15305764973163605
export_45kw_0.15,validation,3,8.216381072998047,59.746742248535156,0.4613095223903656,0.06464224308729172,1.0691838264465332,0.05983709171414375,0.6953235268592834,3.1370534896850586,12.639522552490234,0.6380137205123901,314.6961975097656,0.0023617392871528864,0.30007355239885747,17.058555500641354,0.16599356489642772,-0.48876046845447285,-16.892561935744926,-1.1379613378157643,-2.134719208309249,0.6823035478591919,1.0,1.3922718089531827e-08,0.1659935712814331,-0.24587583541870117,-0.5130345821380615,-0.10849304497241974
export_45kw_0.15,validation,4,6.771564483642578,63.30728530883789,0.4627976417541504,0.06633251905441284,1.0700551271438599,0.06500626355409622,0.6879794597625732,3.4387965202331543,14.774799346923828,0.6848120093345642,312.6683654785156,0.004325555171817541,0.303365726780205,83.30393555463668,0.17260172959752335,-0.446177489432212,-83.13133382503916,-2.8893069949452763,-2.7667455150698377,0.736721396446228,1.0,1.2457536335830355e-08,0.17260172963142395,-0.2467556744813919,-0.44304877519607544,-0.15256260335445404
export_45kw_0.15,validation,5,5.80596923828125,60.088157653808594,0.4657738208770752,0.062467753887176514,1.0665634870529175,0.05427631363272667,0.7219720482826233,3.4867911338806152,12.392044067382812,0.6492347717285156,305.7641296386719,0.005868570879101753,0.31562830290385013,124.59179786056248,0.18302921620575793,-0.6470820196428851,-124.40876864435673,-34.70540736835177,-3.828895630914524,0.7929807901382446,1.0,1.0928257410114384e-08,0.18302921950817108,-0.32957372069358826,-0.3719596862792969,-0.16045941412448883
export_45kw_0.15,validation,6,6.206512451171875,72.61323547363281,0.46875,0.09612434357404709,1.0960018634796143,0.1175595223903656,0.7729660868644714,3.358720541000366,17.661094665527344,0.7170061469078064,441.0151062011719,0.007408959325402975,0.25650815811337324,2118.2285054944687,-0.03745411281007836,-0.3388986072659693,-2118.2659596072785,-12.470108009587149,-4.051536439009585,0.7799245715141296,1.0,1.3912685226102894e-08,-0.037454113364219666,-0.19530044496059418,-0.4776660203933716,-0.1883658915758133
export_45kw_0.15,validation,7,8.121490478515625,60.81342697143555,0.4598214328289032,0.06287344545125961,1.067138671875,0.04965538904070854,0.784899890422821,3.6875877380371094,11.380672454833984,0.5830652117729187,259.6994323730469,0.00671602925285697,0.32376901457503215,9.33839995675899,0.19045562519713696,-0.0784536974507125,-9.147944331561852,-0.8236332559515154,-1.5372564067261492,0.6331871747970581,1.0,1.2029987672690368e-08,0.1904556304216385,-0.043543580919504166,-0.4861060678958893,-0.09605863690376282
export_45kw_0.3,validation,0,8.198261260986328,46.75102233886719,0.4538690447807312,0.05423342064023018,1.0617601871490479,0.030623434111475945,0.6886753439903259,3.057745933532715,13.809680938720703,0.6883399486541748,214.68153381347656,0.009213211014866829,0.34061028141951477,233.98270762691212,0.2228924609988097,0.0781585907368809,-233.7598151659133,-0.6062012562920402,-1.3846746526821894,0.6358779668807983,1.0,1.3449665381415343e-08,0.22289246320724487,0.048204775899648666,-0.47868919372558594,-0.08039213716983795
export_45kw_0.3,validation,1,8.75711441040039,49.04651641845703,0.455357164144516,0.04793894290924072,1.063813328742981,0.028352130204439163,0.7253488302230835,3.146348237991333,15.919685363769531,0.6413397192955017,199.92416381835938,0.017985258251428604,0.3382360536256729,2.832607425894585,0.22008101187634938,-0.5419476992170971,-2.6125264140182356,-1.0057417905011723,-1.1319438763025134,0.6034964919090271,1.0,1.2424332673788285e-08,0.22008101642131805,-0.29445531964302063,-0.24371583759784698,-0.12790358066558838
export_45kw_0.3,validation,2,7.289886474609375,55.2525520324707,0.4598214328289032,0.0654236301779747,1.0714937448501587,0.05263157933950424,0.7085932493209839,3.079913854598999,17.609119415283203,0.7513719797134399,308.32574462890625,0.015987951308488846,0.32262981324828677,12.854479069913072,0.1413935796426974,-0.5695337538089627,-12.713085490270375,-3.8484442954780604,-2.740765081045333,0.7436741590499878,1.0,1.4120901781211614e-08,0.14139358699321747,-0.28687813878059387,-0.3633694648742676,-0.1430095136165619
export_45kw_0.3,validation,3,8.215904235839844,56.36405944824219,0.4613095223903656,0.061753418296575546,1.066360354423523,0.04691416025161743,0.7538182139396667,3.049856662750244,11.609554290771484,0.6761285662651062,307.5895690917969,0.012625375762581825,0.3005549540965632,12.260457443939512,0.12922038453246637,-0.48302970735402123,-12.131237059407045,-0.9890516053193401,-1.9044467206320275,0.6698837876319885,1.0,1.4654471414132786e-08,0.1292203813791275,-0.24299292266368866,-0.48332202434539795,-0.1010032594203949
export_45kw_0.3,validation,4,6.881237030029297,56.12039566040039,0.4627976417541504,0.06182653456926346,1.0641746520996094,0.05302318185567856,0.7183409333229065,3.132230758666992,11.492252349853516,0.6916524171829224,302.6590576171875,0.021352488547563553,0.30496386446080026,28.20808301282961,0.1512912317607151,-0.4409394416557405,-28.056791781068895,-2.482373818626237,-2.4821080621186886,0.7250396609306335,1.0,1.3470165427520442e-08,0.15129123628139496,-0.24385881423950195,-0.42473411560058594,-0.141970694065094
export_45kw_0.3,validation,5,5.80596923828125,57.40165710449219,0.4627976417541504,0.059229832142591476,1.0614498853683472,0.04511278122663498,0.7872129082679749,3.3310036659240723,12.898445129394531,0.7366250157356262,298.2586975097656,0.018243495374917984,0.3180936126464212,122670519.01858863,0.16144578760023953,-0.627966328838952,-122670518.85714285,-10.912118744267467,-3.456152104460525,0.7829774022102356,1.0,1.2550680494882727e-08,0.16144578158855438,-0.31983765959739685,-0.35973671078681946,-0.15091200172901154
export_45kw_0.3,validation,6,6.518363952636719,66.68234252929688,0.46875,0.0909496396780014,1.0875413417816162,0.10784774273633957,0.8533779978752136,3.1405529975891113,10.630130767822266,0.7545111179351807,422.8712463378906,0.03169593587517738,0.2625057009481987,128491949.16280018,-0.16846530303009258,-0.413663996995539,-128491949.33126548,-8.226352473543317,-3.342201793527557,0.77619868516922,1.0,1.4892052035975212e-08,-0.16846530139446259,-0.23838624358177185,-0.3970329761505127,-0.14794719219207764
export_45kw_0.3,validation,7,9.084224700927734,57.27815628051758,0.4583333432674408,0.059000078588724136,1.064978837966919,0.040256891399621964,0.8361884951591492,3.4981167316436768,11.028289794921875,0.6439710855484009,249.11875915527344,0.023636000230908394,0.3295484891001986,7.887899757615062,0.1830928419924421,-0.08000066661126397,-7.70480691562262,-0.7814388974768579,-1.460057053571962,0.6307700872421265,1.0,1.3013050192967057e-08,0.1830928474664688,-0.04440218582749367,-0.4702243208885193,-0.08975090086460114
fair_leg/default_base,test,0,8.78000259399414,54.09431457519531,0.4300595223903656,0.048713333904743195,1.0629675388336182,0.02749060094356537,0.7035273313522339,3.7174506187438965,9.868621826171875,0.5501906871795654,183.4376220703125,0.009115585125982761,0.3380349958965433,1.618459972882912,0.22223410237856422,-0.7897835284903302,-1.396225870504348,-1.079052128615246,-1.0797666674089572,0.613189160823822,1.0,8.602087930853486e-09,0.2222341001033783,-0.40418919920921326,-0.2139417678117752,-0.12702880799770355
fair_leg/default_base,test,1,7.7362060546875,73.61650085449219,0.4360119104385376,0.08711039274930954,1.07951021194458,0.11356516182422638,0.8141586184501648,3.4682059288024902,14.829158782958984,0.5715749859809875,381.32305908203125,0.02130908891558647,0.25188892252179373,24.65491200213656,0.22299423616282127,-0.8123872177740122,-24.431917765973736,-0.7100511794090607,-1.9945069088247502,0.6068854331970215,1.0,1.0244548320770264e-08,0.22299423813819885,-0.4192354679107666,-0.5931451916694641,-0.11304681748151779
fair_leg/default_base,test,2,11.174678802490234,61.36465072631836,0.4166666865348816,0.059311240911483765,1.0649579763412476,0.058114033192396164,0.7590539455413818,3.3743021488189697,14.58597183227539,0.5020971298217773,246.087890625,0.019077513366937637,0.281809828010697,7.171306872094609,0.22388377626620448,-0.640446444782306,-6.9474230958284044,-0.13979708823514284,-0.9315569222623923,0.5195087194442749,1.0,8.692343733684993e-09,0.22388377785682678,-0.31241440773010254,-0.4770212769508362,-0.04092243313789368
fair_leg/default_base,test,3,6.728172302246094,59.73243713378906,0.4107142984867096,0.0836060419678688,1.091302752494812,0.07009711861610413,0.73277348279953,3.6596083641052246,17.357349395751953,0.6670850515365601,275.3130798339844,0.011499178595840931,0.3264223558246032,8.311761780239346,0.22383883147243713,-0.3120135020734586,-8.08792294876691,-3.322292810623153,-2.352879981140947,0.7118140459060669,1.0,1.0032275454818773e-08,0.22383883595466614,-0.1605866402387619,-0.360834538936615,-0.18214580416679382
fair_leg/default_base,test,4,6.351470947265625,77.2957763671875,0.4285714328289032,0.09743838757276535,1.11684250831604,0.11215538531541824,0.827631950378418,3.6797051429748535,14.976978302001953,0.6581121683120728,398.74749755859375,0.01947089098393917,0.26821759252698796,17.573906180462057,0.22286477361364737,-0.5698116161600725,-17.35104140684841,-5.033441764445913,-3.4352992542691005,0.7332164645195007,1.0,1.0905159442131662e-08,0.2228647768497467,-0.3093852996826172,-0.4999583661556244,-0.2344285100698471
fair_leg/default_base,test,5,7.942676544189453,59.57603454589844,0.4255952537059784,0.06804697960615158,1.0659148693084717,0.06625939905643463,0.7282696962356567,3.463500499725342,12.654304504394531,0.5621538758277893,270.46728515625,0.01382894441485405,0.3088409480010912,10.106790805314448,0.22280176264102816,-0.4704884927701707,-9.88398904267342,-0.923326835787449,-1.8009948592465592,0.6613025665283203,1.0,9.466598172025442e-09,0.22280175983905792,-0.2426520437002182,-0.45521280169487,-0.09206459671258926
fair_leg/default_base,test,6,7.48443603515625,70.67536926269531,0.4077380895614624,0.08920017629861832,1.0808714628219604,0.09876252710819244,0.8257333636283875,3.8233916759490967,15.559196472167969,0.6028907895088196,332.32354736328125,0.0156586654484272,0.28369327622891616,12.718969375019816,0.2226564549734382,-0.20152029328864354,-12.496312920046378,-2.6686531320697595,-2.4003854171822674,0.6900737285614014,1.0,1.0150538187758684e-08,0.2226564586162567,-0.11202684789896011,-0.49059224128723145,-0.2017337530851364
fair_leg/default_base,test,7,6.50787353515625,77.86703491210938,0.4464285671710968,0.08586978167295456,1.0824590921401978,0.09978070110082626,0.8505027890205383,3.9759037494659424,15.739917755126953,0.6505783796310425,374.2892150878906,0.013622685335576534,0.26963450367193,19.530118622530576,0.22382493598084752,-0.7751854659217505,-19.30629368654973,-4.784288197412611,-3.2965305512215335,0.7269835472106934,1.0,1.1890763040867114e-08,0.22382493317127228,-0.41404974460601807,-0.45338305830955505,-0.18619929254055023
fair_leg/default_base,test,8,7.054805755615234,62.000274658203125,0.3988095223903656,0.07167869061231613,1.089156985282898,0.052474938333034515,0.7581693530082703,4.199542045593262,19.60134506225586,0.6863427758216858,218.05136108398438,0.008693297393620014,0.3509941254272534,5.530088279684374,0.2236426184221192,-0.2292748807281051,-5.306445661262256,-3.198460821288763,-1.8164511786943758,0.6991581916809082,1.0,9.140451062705779e-09,0.22364261746406555,-0.13104276359081268,-0.23772121965885162,-0.2115432620048523
fair_leg/default_base,test,9,11.518478393554688,51.19132995605469,0.4211309552192688,0.041744764894247055,1.0531963109970093,0.018248746171593666,0.7051453590393066,3.428558588027954,9.027957916259766,0.5004199743270874,168.13168334960938,0.014655792154371738,0.3357708078477274,7.2205571848643695,0.22408349282897486,-0.6705856552787729,-6.996473692035394,-0.015772450411891268,-0.8403646068995507,0.5578209757804871,1.0,8.58424442640171e-09,0.22408349812030792,-0.3447401821613312,-0.37374141812324524,-0.0035443007946014404
fair_leg/default_base,test,10,8.037090301513672,63.986778259277344,0.4211309552192688,0.06992393732070923,1.0851101875305176,0.052944861352443695,0.6867949366569519,3.8257315158843994,20.250320434570312,0.573524534702301,249.12843322753906,0.01567707769572735,0.3151170014296921,2.5897106309993907,0.22257492646109578,-0.4293018257225046,-2.367135704538295,-2.026194441541666,-1.4908233277795677,0.628925085067749,1.0,8.501090498214126e-09,0.22257491946220398,-0.22529083490371704,-0.303589403629303,-0.16692720353603363
fair_leg/default_base,test,11,8.65316390991211,73.23599243164062,0.4211309552192688,0.09265678375959396,1.1018027067184448,0.10737781971693039,0.8291860818862915,3.663348436355591,13.249397277832031,0.6327640414237976,350.4326171875,0.02368232235312462,0.26752279353438857,13.60902354943442,0.2236801430087122,-0.41058060156655773,-13.385343406425708,-1.2966157718361007,-1.9375868104788108,0.6369702816009521,1.0,1.0192115595941686e-08,0.22368013858795166,-0.21819187700748444,-0.49345654249191284,-0.17357207834720612
fair_leg/default_base,test,12,9.810447692871094,55.982112884521484,0.424107164144516,0.05697237327694893,1.0675712823867798,0.042528193444013596,0.6465749740600586,3.383720874786377,15.820980072021484,0.5095371603965759,221.19778442382812,0.011352903209626675,0.31974035101083476,2.1857721267774632,0.22375987411018872,-0.5741636956399548,-1.9620122526672745,-0.7276474113217856,-1.0216488447173078,0.5616796016693115,1.0,9.690189983757591e-09,0.22375987470149994,-0.309131383895874,-0.3187599182128906,-0.10762781649827957
fair_leg/default_base,test,13,7.192134857177734,62.93773651123047,0.4077380895614624,0.08399384468793869,1.102487564086914,0.07299498468637466,0.7577626705169678,3.6119484901428223,13.637542724609375,0.6260875463485718,292.89129638671875,0.01306888647377491,0.3011342936227902,6.011323797043986,0.22270617874281848,-0.20476048959971616,-4.561700216423469,-5.788617618301168,-2.2069818282713007,0.6936872005462646,1.0,1.0395379668182159e-08,0.22270618379116058,-0.11991927772760391,-0.3582089841365814,-0.22538398206233978
fair_leg/default_base,test,14,7.324695587158203,69.32640075683594,0.418154776096344,0.07769341766834259,1.0860861539840698,0.08654448390007019,0.7935548424720764,3.624255418777466,16.826629638671875,0.5531728267669678,333.61572265625,0.01618712954223156,0.28792922462029225,19.32048303102862,0.2225620198370211,-0.39444365513129614,-19.0979210111916,-0.9506864501173942,-2.100588716849511,0.6596716046333313,1.0,9.716059956588197e-09,0.2225620150566101,-0.21176420152187347,-0.603451669216156,-0.1076962873339653
fair_leg/default_base,test,15,6.046772003173828,66.39527893066406,0.4107142984867096,0.07512594759464264,1.0849250555038452,0.0669642835855484,0.8183109164237976,3.9271860122680664,17.177581787109375,0.6124904751777649,274.4659729003906,0.010023744776844978,0.31772681003551206,5.902109999879122,0.22260908278295805,-0.3588134103481096,-5.679500917096164,-2.984773450499662,-2.1860328567910012,0.7009443640708923,1.0,1.147383876798358e-08,0.22260908782482147,-0.1874391734600067,-0.37508851289749146,-0.15273736417293549
fair_leg/default_base,test,16,10.12420654296875,67.03472137451172,0.4375,0.07831417769193649,1.0737073421478271,0.08576127886772156,0.8139178156852722,3.6552865505218506,16.124725341796875,0.5702672600746155,315.39697265625,0.01657184772193432,0.2983581029392811,17.654501286991124,0.22290708906598986,-0.6175910713904709,-17.431594197925133,-0.8340702619508132,-1.815474233001761,0.6268326640129089,1.0,7.838401039350629e-09,0.22290709614753723,-0.3221631646156311,-0.47649085521698,-0.10804609209299088
fair_leg/default_base,test,17,5.584716796875,70.6634521484375,0.4255952537059784,0.08958373963832855,1.084914207458496,0.10087719559669495,0.7808170318603516,3.711125373840332,17.08364486694336,0.6521603465080261,369.1701354980469,0.013942643068730831,0.29470575407877775,21.650675713749834,0.2230527722863139,-0.5555460616970834,-21.42762294146352,-3.654737830550871,-3.445136740385363,0.735385537147522,1.0,9.856496951954341e-09,0.2230527698993683,-0.2830848693847656,-0.5263926982879639,-0.1606130599975586
fair_leg/default_base,test,18,7.4062347412109375,69.427490234375,0.40625,0.09150993824005127,1.118939995765686,0.09531641751527786,0.8234707713127136,3.4664101600646973,17.391681671142578,0.6050832867622375,362.2930908203125,0.020141152665019035,0.2679888025571757,13.909847363078741,0.22307169964304005,-0.22093403296620878,-13.686775663435702,-1.8095824199088966,-2.08770051602861,0.6404632925987244,1.0,9.445578541544819e-09,0.22307169437408447,-0.1439639776945114,-0.5260180830955505,-0.19826284050941467
fair_leg/default_base,test,19,6.443977355957031,59.69429016113281,0.4404762089252472,0.06903987377882004,1.0756479501724243,0.057174183428287506,0.7104480266571045,3.735691547393799,13.834953308105469,0.6317263841629028,268.8270263671875,0.011928155086934566,0.3329692306222767,9.729905569667405,0.22278980599091205,-0.765716137166505,-9.507115763676493,-2.862590640387515,-2.3075778865748267,0.7048697471618652,1.0,8.540357754327488e-09,0.22278980910778046,-0.3850586712360382,-0.27517572045326233,-0.17157365381717682
tariff/fixed_base,test,0,8.78000259399414,54.09431457519531,0.4300595223903656,0.048713333904743195,1.0629675388336182,0.02749060094356537,0.7035273313522339,3.7174506187438965,9.868621826171875,0.5501906871795654,183.43763732910156,0.009115585125982761,0.3380349958965433,1.0281458682767144,-0.05102469624929934,-0.4021527997003714,-1.0791705645260137,-0.505272400805118,-0.6465846201586114,0.613189160823822,1.0,8.602087930853486e-09,-0.051024697721004486,-0.20581060647964478,-0.16535980999469757,-0.059481970965862274
tariff/fixed_base,test,1,7.7362060546875,73.61650085449219,0.4360119104385376,0.08711039274930954,1.07951021194458,0.11356516182422638,0.8141586184501648,3.4682059288024902,14.829158782958984,0.5715749859809875,381.32305908203125,0.02130908891558647,0.25188892252179373,4.4891913687191325,-0.6401975928318787,-0.4125861452829728,-4.901777514002105,-0.4344331352638482,-0.6619215147787951,0.6068854331970215,1.0,1.0244548320770264e-08,-0.6401975750923157,-0.21291662752628326,-0.11900276690721512,-0.06916584074497223
tariff/fixed_base,test,2,11.174678802490234,61.36465072631836,0.4166666865348816,0.059311240911483765,1.0649579763412476,0.058114033192396164,0.7590539455413818,3.3743021488189697,14.58597183227539,0.5020971298217773,246.0879669189453,0.019077513366937637,0.281809828010697,2.039476650133279,-0.29756353047017325,-0.3318172257099511,-2.1541916352028,-0.11471498506952124,-0.3677667528040833,0.5195087194442749,1.0,8.692343733684993e-09,-0.2975635230541229,-0.1618628352880478,-0.14791026711463928,-0.03358021378517151
tariff/fixed_base,test,3,6.728172302246094,59.73243713378906,0.4107142984867096,0.0836060419678688,1.091302752494812,0.07009711861610413,0.73277348279953,3.6596083641052246,17.357349395751953,0.6670850515365601,275.3130798339844,0.011499178595840931,0.3264223558246032,4.519575324315915,-0.31350786875552333,-0.4152158310664714,-4.833083193071438,-0.3486397620072807,-1.0256431845981473,0.7118140459060669,1.0,1.0032275454818773e-08,-0.3135078549385071,-0.21370266377925873,-0.215623140335083,-0.019114291295409203
tariff/fixed_base,test,4,6.351470947265625,77.2957763671875,0.4285714328289032,0.09743838757276535,1.11684250831604,0.11215538531541824,0.827631950378418,3.6797051429748535,14.976978302001953,0.6581121683120728,398.74755859375,0.01947089098393917,0.26821759252698796,7.618291853481109,-0.5784015060325963,-0.47297235798533316,-8.07055412731582,-0.45226227383471107,-1.2331337753975666,0.7332164645195007,1.0,1.0905159442131662e-08,-0.578401505947113,-0.2568053901195526,-0.23254749178886414,-0.021063752472400665
tariff/fixed_base,test,5,7.942676544189453,59.57603454589844,0.4255952537059784,0.06804697960615158,1.0659148693084717,0.06625939905643463,0.7282696962356567,3.463500499725342,12.654304504394531,0.5621538758277893,270.46728515625,0.01382894441485405,0.3088409480010912,2.6074408745795816,-0.3011028307781885,-0.274779939923925,-2.8822208145035066,-0.723004450449752,-0.778077863133335,0.6613025665283203,1.0,9.466598172025442e-09,-0.30110281705856323,-0.1417163610458374,-0.13274234533309937,-0.0720905214548111
tariff/fixed_base,test,6,7.48443603515625,70.67536926269531,0.4077380895614624,0.08920017629861832,1.0808714628219604,0.09876252710819244,0.8257333636283875,3.8233916759490967,15.559196472167969,0.6028907895088196,332.3236083984375,0.0156586654484272,0.28369327622891616,4.133481632878933,-0.46208658109450296,-0.4931817004589309,-4.462763545776611,-0.3292819128976785,-0.8757542928733326,0.6900737285614014,1.0,1.0150538187758684e-08,-0.46208658814430237,-0.2741639018058777,-0.17520345747470856,-0.0248916856944561
tariff/fixed_base,test,7,6.50787353515625,77.86703491210938,0.4464285671710968,0.08586978167295456,1.0824590921401978,0.09978070110082626,0.8505027890205383,3.9759037494659424,15.739917755126953,0.6505783796310425,374.28924560546875,0.013622685335576534,0.26963450367193,7.881436739923524,-0.5546290428318065,-0.2676852449815409,-8.149121984905065,-1.4518761725443055,-1.2236780278959818,0.7269835472106934,1.0,1.1890763040867114e-08,-0.5546290278434753,-0.142978698015213,-0.19137147068977356,-0.056505441665649414
tariff/fixed_base,test,8,7.054805755615234,62.000274658203125,0.3988095223903656,0.07167869061231613,1.089156985282898,0.052474938333034515,0.7581693530082703,4.199542045593262,19.60134506225586,0.6863427758216858,218.0514678955078,0.008693297393620014,0.3509941254272534,4.188092504648951,-0.136756498521993,-0.26421246391301834,-4.324849003170944,-0.7646612336760799,-0.9788812834073203,0.6991581916809082,1.0,9.140451062705779e-09,-0.13675649464130402,-0.15101143717765808,-0.19374708831310272,-0.05057398974895477
tariff/fixed_base,test,9,11.518478393554688,51.19132995605469,0.4211309552192688,0.041744764894247055,1.0531963109970093,0.018248746171593666,0.7051453590393066,3.428558588027954,9.027957916259766,0.5004199743270874,168.13168334960938,0.014655792154371738,0.3357708078477274,4.421922026708984,0.006035890616561084,-0.3547305487256531,-4.415886136092423,-0.10204145628647801,-0.5652918723791835,0.5578209757804871,1.0,8.58424442640171e-09,0.006035890430212021,-0.18236277997493744,-0.235890194773674,-0.022930210456252098
tariff/fixed_base,test,10,8.037090301513672,63.986778259277344,0.4211309552192688,0.06992393732070923,1.0851101875305176,0.052944861352443695,0.6867949366569519,3.8257315158843994,20.250320434570312,0.573524534702301,249.1284637451172,0.01567707769572735,0.3151170014296921,1.1335035008137877,-0.25126131655645084,-0.3466122077555823,-1.3847648173702385,-0.4349739721376968,-0.6877307570481759,0.628925085067749,1.0,8.501090498214126e-09,-0.25126132369041443,-0.1818966269493103,-0.17759856581687927,-0.035835150629282
tariff/fixed_base,test,11,8.65316390991211,73.23599243164062,0.4211309552192688,0.09265678375959396,1.1018027067184448,0.10737781971693039,0.8291860818862915,3.663348436355591,13.249397277832031,0.6327640414237976,350.43267822265625,0.02368232235312462,0.26752279353438857,5.001136552831533,-0.49625108274573965,-0.44978832179509554,-5.122982917130664,-0.12184636429913097,-0.6743981269086532,0.6369702816009521,1.0,1.0192115595941686e-08,-0.49625107645988464,-0.23902775347232819,-0.18886101245880127,-0.01631101965904236
tariff/fixed_base,test,12,9.810447692871094,55.982112884521484,0.424107164144516,0.05697237327694893,1.0675712823867798,0.042528193444013596,0.6465749740600586,3.383720874786377,15.820980072021484,0.5095371603965759,221.19786071777344,0.011352903209626675,0.31974035101083476,0.9114630884305575,-0.215794873288088,-0.24935393556556124,-1.0969924066368233,-0.1855293182062659,-0.45838776004544823,0.5616796016693115,1.0,9.690189983757591e-09,-0.2157948762178421,-0.1342528760433197,-0.17822375893592834,-0.027442019432783127
tariff/fixed_base,test,13,7.192134857177734,62.93773651123047,0.4077380895614624,0.08399384468793869,1.102487564086914,0.07299498468637466,0.7577626705169678,3.6119484901428223,13.637542724609375,0.6260875463485718,292.89129638671875,0.01306888647377491,0.3011342936227902,3.139275227438676,-0.34990149137745996,-0.3497948667786705,-3.1839475400659043,-0.04467231262722857,-0.9102332817026866,0.6936872005462646,1.0,1.0395379668182159e-08,-0.3499014973640442,-0.20485958456993103,-0.25002050399780273,-0.001739348517730832
tariff/fixed_base,test,14,7.324695587158203,69.32640075683594,0.418154776096344,0.07769341766834259,1.0860861539840698,0.08654448390007019,0.7935548424720764,3.624255418777466,16.826629638671875,0.5531728267669678,333.6156311035156,0.01618712954223156,0.28792922462029225,2.7331362075210257,-0.4654414994413394,-0.4551346441845482,-3.188270851705574,-0.6671850493828165,-0.7670054564317238,0.6596716046333313,1.0,9.716059956588197e-09,-0.46544149518013,-0.24434725940227509,-0.10074223577976227,-0.07558049261569977
tariff/fixed_base,test,15,6.046772003173828,66.39527893066406,0.4107142984867096,0.07512594759464264,1.0849250555038452,0.0669642835855484,0.8183109164237976,3.9271860122680664,17.177581787109375,0.6124904751777649,274.4659729003906,0.010023744776844978,0.31772681003551206,2.5265725087694024,-0.287246473016466,-0.349103118689298,-2.8138189817858685,-0.7803842595499032,-0.9910035109197877,0.7009443640708923,1.0,1.147383876798358e-08,-0.2872464656829834,-0.18236665427684784,-0.18583166599273682,-0.039933960884809494
tariff/fixed_base,test,16,10.12420654296875,67.03472137451172,0.4375,0.07831417769193649,1.0737073421478271,0.08576127886772156,0.8139178156852722,3.6552865505218506,16.124725341796875,0.5702672600746155,315.3970031738281,0.01657184772193432,0.2983581029392811,4.764593565177846,-0.4622367464600491,-0.24086491498395599,-5.005458480161803,-0.4763257135915244,-0.6645945108775106,0.6268326640129089,1.0,7.838401039350629e-09,-0.4622367322444916,-0.1256459355354309,-0.13682369887828827,-0.06170359253883362
tariff/fixed_base,test,17,5.584716796875,70.6634521484375,0.4255952537059784,0.08958373963832855,1.084914207458496,0.10087719559669495,0.7808170318603516,3.711125373840332,17.08364486694336,0.6521603465080261,369.17010498046875,0.013942643068730831,0.29470575407877775,6.356238416107491,-0.5427251624384543,-0.5498347212752138,-6.8989635785459456,-1.10788546646526,-1.3169750196591234,0.735385537147522,1.0,9.856496951954341e-09,-0.542725145816803,-0.28017458319664,-0.16948048770427704,-0.04868772253394127
tariff/fixed_base,test,18,7.4062347412109375,69.427490234375,0.40625,0.09150993824005127,1.118939995765686,0.09531641751527786,0.8234707713127136,3.4664101600646973,17.391681671142578,0.6050832867622375,362.2930908203125,0.020141152665019035,0.2679888025571757,4.295658657577877,-0.5491244173992862,-0.4581814785754259,-4.496685769210295,-0.20102711163241752,-0.7121428329375529,0.6404632925987244,1.0,9.445578541544819e-09,-0.5491244196891785,-0.2985580265522003,-0.17281924188137054,-0.022025084123015404
tariff/fixed_base,test,19,6.443977355957031,59.69429016113281,0.4404762089252472,0.06903987377882004,1.0756479501724243,0.057174183428287506,0.7104480266571045,3.735691547393799,13.834953308105469,0.6317263841629028,268.82696533203125,0.011928155086934566,0.3329692306222767,7.605380188768141,-0.2784507054615079,-0.30574354328672404,-7.883830894229649,-0.5135350084735585,-1.1104481077479786,0.7048697471618652,1.0,8.540357754327488e-09,-0.27845069766044617,-0.1537504494190216,-0.228191077709198,-0.030779488384723663
tariff/tuned_base,test,0,9.797096252441406,37.46986389160156,0.4523809552192688,0.02724277414381504,1.0473207235336304,0.006892230361700058,0.8269493579864502,2.8150620460510254,27.945995330810547,0.5098903775215149,115.66548156738281,0.14670386910438538,0.3810100972918873,1.0522137232194513,0.20363088455190653,-0.5697782682787811,-0.8485828386675448,-0.6767394770511441,-0.7011558803179812,0.5871615409851074,1.0,5.5863762504770875e-09,0.20363087952136993,-0.29159659147262573,-0.15536163747310638,-0.09180444478988647
tariff/tuned_base,test,1,7.735252380371094,42.26541519165039,0.4642857313156128,0.042016979306936264,1.0484709739685059,0.00650062644854188,0.8903727531433105,2.4804165363311768,28.612136840820312,0.5094324350357056,240.2283172607422,0.2254880666732788,0.3151552065378893,15.830624170300602,0.03616770615466322,-0.4481934906786489,-15.79445646414594,-0.33709583828092815,-1.0395885046508173,0.5943263173103333,1.0,5.506629374707472e-09,0.03616770729422569,-0.23129193484783173,-0.33053988218307495,-0.05915321409702301
tariff/tuned_base,test,2,12.01772689819336,35.265445709228516,0.4538690447807312,0.027081359177827835,1.0421772003173828,0.0,0.7916626930236816,2.475358247756958,15.7012939453125,0.44678449630737305,129.87869262695312,0.22438521683216095,0.3481105967080107,4.571328976564561,0.2032515376091463,-0.44619742015669345,-4.368077438955415,-0.03881170991466684,-0.5557807221597538,0.5072850584983826,1.0,4.734685088436663e-09,0.20325154066085815,-0.21765832602977753,-0.31277528405189514,-0.012145701795816422
tariff/tuned_base,test,3,6.728172302246094,39.27755355834961,0.4568452537059784,0.04281412437558174,1.0531249046325684,0.018248746171593666,0.8603502511978149,2.8336477279663086,30.286312103271484,0.5700564980506897,196.16217041015625,0.14878088235855103,0.37694730922802655,5.85365292710958,0.1571079011482034,-0.2798436581905005,-5.696545025961377,-1.9683594173325434,-1.6266400116955486,0.7063173651695251,1.0,6.109032391066194e-09,0.1571079045534134,-0.14402951300144196,-0.2742477059364319,-0.11340094357728958
tariff/tuned_base,test,4,6.350517272949219,42.790889739990234,0.4642857313156128,0.050738800317049026,1.0599654912948608,0.03696741908788681,0.9118179678916931,2.618419647216797,20.21169662475586,0.5397619605064392,255.14842224121094,0.22277967631816864,0.33854322721542207,11.5517687668023,0.039976147035951426,-0.32277216895281896,-11.51179261976635,-2.7067270507489565,-1.9572323585382299,0.7373506426811218,1.0,5.8854414675124644e-09,0.03997614607214928,-0.17525258660316467,-0.29261645674705505,-0.12168365716934204
tariff/tuned_base,test,5,8.057117462158203,39.5503044128418,0.4583333432674408,0.033472783863544464,1.0442736148834229,0.0027412280905991793,0.8594473600387573,2.806565284729004,26.251792907714844,0.4850028157234192,173.0385284423828,0.18209059536457062,0.3666560878964844,6.787456438092331,0.18075785386148255,-0.34774921889240357,-6.606698584230848,-0.44507013894995806,-1.125799792645631,0.6417919397354126,1.0,5.765330435281157e-09,0.18075785040855408,-0.179349884390831,-0.3203939199447632,-0.05323583632707596
tariff/tuned_base,test,6,7.6751708984375,38.28907012939453,0.4642857313156128,0.04150009527802467,1.0516166687011719,0.01213972456753254,0.8619374632835388,2.6302733421325684,24.579524993896484,0.5350794196128845,207.0003662109375,0.21219472587108612,0.352750932351093,8.188128191306141,0.14432128232875435,-0.17730367933647467,-8.043806908977388,-1.3995141050408062,-1.4635399189116667,0.6836787462234497,1.0,5.486533893872547e-09,0.1443212777376175,-0.09856462478637695,-0.31696727871894836,-0.11503473669290543
tariff/tuned_base,test,7,6.508827209472656,42.64211654663086,0.4657738208770752,0.046114105731248856,1.055779218673706,0.018953634425997734,0.9218243956565857,2.69862961769104,29.01172637939453,0.5420167446136475,253.81858825683594,0.19497418403625488,0.328201056879573,13.490976520186974,0.014126440079495546,-0.37404422383984015,-13.476850080107479,-2.23995719826061,-1.8248494218903502,0.7222191095352173,1.0,6.559679910367322e-09,0.01412644051015377,-0.19978822767734528,-0.2761682868003845,-0.10096906125545502
tariff/tuned_base,test,8,7.054805755615234,36.432743072509766,0.4508928656578064,0.036385275423526764,1.053201675415039,0.017778821289539337,0.8332802653312683,2.9075212478637695,27.104854583740234,0.579339325428009,150.9693145751953,0.13751621544361115,0.4015182690235398,4.002440512984912,0.19379745033445112,-0.166335869334585,-3.808643062650461,-2.0327825211825243,-1.2991352666644398,0.6913086771965027,1.0,5.939029268375862e-09,0.19379745423793793,-0.0950697734951973,-0.20127162337303162,-0.1402062475681305
tariff/tuned_base,test,9,11.517524719238281,35.92538833618164,0.449404776096344,0.02440095879137516,1.041053056716919,0.0006265664123930037,0.7923662662506104,2.7942988872528076,24.495601654052734,0.4742286205291748,98.11367797851562,0.15882253646850586,0.3819210865610049,4.5154840769457625,0.2111225211376358,-0.46987211865566264,-4.304361555808127,0.006996474213643383,-0.54063484591931,0.5354273915290833,1.0,5.581467732440615e-09,0.211122527718544,-0.24155570566654205,-0.27047935128211975,0.0017767575336620212
tariff/tuned_base,test,10,8.663177490234375,35.18199920654297,0.4568452537059784,0.034363482147455215,1.0532346963882446,0.012296365574002266,0.7588831782341003,2.6216039657592773,22.674083709716797,0.4730958640575409,152.7737274169922,0.19590933620929718,0.37194242696428803,1.6863534066973402,0.20061937431809307,-0.3023773719669403,-1.4857340323792472,-1.231277415857148,-0.9628048436011412,0.6146852374076843,1.0,5.155535554024482e-09,0.20061936974525452,-0.15868288278579712,-0.21316322684288025,-0.1104755848646164
tariff/tuned_base,test,11,8.686542510986328,41.953086853027344,0.4642857313156128,0.04381721839308739,1.0528981685638428,0.01832706667482853,0.8885284662246704,2.605454683303833,18.027782440185547,0.5145969986915588,217.22686767578125,0.22292476892471313,0.3346195563846107,8.026913966842718,0.11316217163422806,-0.29291724084164655,-7.91375179520849,-0.6664007233657784,-1.1578638969300783,0.6372737884521484,1.0,5.584932516455865e-09,0.11316217482089996,-0.1556628942489624,-0.311685174703598,-0.08796461671590805
tariff/tuned_base,test,12,9.810447692871094,37.322998046875,0.4538690447807312,0.027901848778128624,1.0451894998550415,0.004620927385985851,0.7904024720191956,2.6882522106170654,22.604942321777344,0.45291075110435486,127.2879409790039,0.18427106738090515,0.3815486620307339,1.400845664866538,0.20726547934960518,-0.4010657365529133,-1.1935801855169328,-0.46128009813723747,-0.656653466158451,0.5499869585037231,1.0,5.2035802333705306e-09,0.2072654813528061,-0.21593493223190308,-0.21370238065719604,-0.07160872966051102
tariff/tuned_base,test,13,7.192134857177734,37.314414978027344,0.4598214328289032,0.04113149642944336,1.0562727451324463,0.02506265603005886,0.8219375014305115,2.577268362045288,26.74245834350586,0.5571393966674805,187.0505828857422,0.1903134137392044,0.36307084303139103,3.4329993485664554,0.19016010490874538,-0.14247506908203006,-2.6974842403142834,-3.24283924365771,-1.40188751904267,0.6765227913856506,1.0,5.740615094396162e-09,0.1901601105928421,-0.08344142884016037,-0.27310970425605774,-0.13949020206928253
tariff/tuned_base,test,14,8.623600006103516,40.74668884277344,0.4627976417541504,0.03819859027862549,1.054274559020996,0.013236215338110924,0.8945740461349487,2.6750776767730713,20.11585235595703,0.48458632826805115,205.41563415527344,0.21386219561100006,0.350784255061237,13.588756396062935,0.1367730519192025,-0.2581785552249979,-13.451983344143732,-0.41874201616133244,-1.1372187471921558,0.630310595035553,1.0,5.91824100837357e-09,0.13677304983139038,-0.13860782980918884,-0.37622421979904175,-0.06188656762242317
tariff/tuned_base,test,15,8.315086364746094,37.2166633605957,0.4598214328289032,0.03852614387869835,1.053673267364502,0.01762218028306961,0.832773745059967,2.6766507625579834,26.17025375366211,0.5676174163818359,184.68344116210938,0.16581220924854279,0.3755829328680529,3.861597591891604,0.1740018479093108,-0.2808388151368495,-3.687595743982293,-1.9359235123626575,-1.485244169819376,0.6950039863586426,1.0,6.6712448898442744e-09,0.17400184273719788,-0.14670632779598236,-0.26193416118621826,-0.10376260429620743
tariff/tuned_base,test,16,10.12277603149414,41.11433029174805,0.4598214328289032,0.03733096644282341,1.0476371049880981,0.00650062644854188,0.88266521692276,2.705723285675049,27.050018310546875,0.47713953256607056,197.52108764648438,0.20106594264507294,0.35730767544108977,12.822282214142971,0.12457372128421466,-0.3875574805676951,-12.697708492858757,-0.33019428295785164,-0.9582623755578544,0.591484785079956,1.0,5.140521786017871e-09,0.1245737224817276,-0.202167347073555,-0.3033871650695801,-0.05764784663915634
tariff/tuned_base,test,17,5.589485168457031,41.898250579833984,0.4627976417541504,0.04613432288169861,1.0530955791473389,0.01707393489778042,0.8674821257591248,2.559474468231201,26.420116424560547,0.5891512632369995,252.26007080078125,0.18683010339736938,0.3539542478448804,14.367488140198116,0.041719933212743365,-0.38562745528773046,-14.325768206985373,-1.6321337266290055,-1.8957190695579398,0.7202284336090088,1.0,5.751471299220157e-09,0.04171993210911751,-0.19650088250637054,-0.3055245578289032,-0.0944453775882721
tariff/tuned_base,test,18,7.697105407714844,37.714481353759766,0.4627976417541504,0.0447518527507782,1.0587551593780518,0.03453947231173515,0.8662334084510803,2.452207088470459,20.97940444946289,0.5356576442718506,216.00155639648438,0.2379159927368164,0.3428884173434571,9.86748174583859,0.1462516726378469,-0.13593508407421723,-9.721230073200744,-0.9756142175939813,-1.2749759967297154,0.6416690349578857,1.0,5.077232412276089e-09,0.14625167846679688,-0.08857737481594086,-0.3402118384838104,-0.10760083794593811
tariff/tuned_base,test,19,6.445407867431641,40.4210090637207,0.4568452537059784,0.03609951213002205,1.0522099733352661,0.012922932393848896,0.873279333114624,3.0636119842529297,27.279376983642578,0.5365079045295715,180.52365112304688,0.16979190707206726,0.39269411425450085,5.934562340870178,0.16712151172348516,-0.5097204762341512,-5.767440829146693,-2.0067447876278592,-1.5935884385543388,0.7051530480384827,1.0,5.605952146936488e-09,0.1671215146780014,-0.2563251256942749,-0.20309662818908691,-0.11212217062711716
fair_leg/tuned_family,test,0,9.549617767333984,56.55527114868164,0.4523809552192688,0.04835979640483856,1.0666546821594238,0.026472430676221848,0.7462784051895142,3.6834933757781982,6.793498992919922,0.6630567312240601,187.78939819335938,0.0056081730872392654,0.3127106951155222,1.2908629438645318,0.2226610245552016,-0.7828730527136407,-1.0682019193093302,-0.9177759145068447,-0.9314447468135455,0.5735870003700256,1.0,1.1139202449328423e-08,0.22266101837158203,-0.40065261721611023,-0.21702709794044495,-0.13162122666835785
fair_leg/tuned_family,test,1,7.625102996826172,73.59266662597656,0.4657738208770752,0.08223482966423035,1.077189326286316,0.10588972270488739,0.8051668405532837,3.3405234813690186,9.77468490600586,0.6946339011192322,394.498046875,0.0030657800380140543,0.24211228620587388,250491595.00339368,0.22342401733993275,-0.8051874427280981,-250491594.77996966,-0.5959974632667085,-1.8867393129787908,0.5866618752479553,1.0,1.390239123821857e-08,0.2234240174293518,-0.4155200123786926,-0.613749086856842,-0.11718830466270447
fair_leg/tuned_family,test,2,11.90948486328125,67.01231384277344,0.455357164144516,0.055891457945108414,1.0626212358474731,0.051456768065690994,0.7890245914459229,3.3443024158477783,10.113243103027344,0.6052806973457336,261.17816162109375,0.008375706151127815,0.25556761986080323,8.128487451115351,0.22401026939121021,-0.6338962805892305,-7.904477181724141,-0.15099668407189112,-0.914998363734246,0.5039029121398926,1.0,1.1618679351954597e-08,0.22401027381420135,-0.3092191815376282,-0.4946925938129425,-0.0490678995847702
fair_leg/tuned_family,test,3,6.8607330322265625,62.02554702758789,0.4568452537059784,0.07668300718069077,1.087030291557312,0.06242167949676514,0.7780793905258179,3.689249038696289,9.464263916015625,0.7743805050849915,286.1798400878906,8.21528345351652e-10,0.31594902316363094,12.523210083844559,0.2242208591088055,-0.30586269500752883,-12.298989224735752,-2.774311912557219,-2.3442212446205817,0.7048259973526001,1.0,1.3906318763190484e-08,0.2242208570241928,-0.15742094814777374,-0.3663121461868286,-0.19240498542785645
fair_leg/tuned_family,test,4,6.931781768798828,75.98924255371094,0.4657738208770752,0.09136761724948883,1.112013578414917,0.10557644069194794,0.8211060762405396,3.5457684993743896,10.712623596191406,0.7609464526176453,416.85333251953125,0.0017232656246051192,0.26320984313839024,206.4907392314738,0.22328231028758327,-0.563678417859667,-206.26745692118624,-7.090535112107474,-4.228824184616993,0.7652838826179504,1.0,1.5220841476093483e-08,0.22328230738639832,-0.3060552179813385,-0.5151331424713135,-0.24861660599708557
fair_leg/tuned_family,test,5,9.77468490600586,59.5850944519043,0.4598214328289032,0.06517724692821503,1.0645720958709717,0.06414473801851273,0.7562175989151001,3.3081483840942383,10.375022888183594,0.6980605125427246,278.4519348144531,0.0020144113805145025,0.2860566004774937,15.74536774094735,0.22319158234157213,-0.46535918753114863,-15.522176158605777,-0.5166354165656301,-1.4049622518876994,0.5982595086097717,1.0,1.4291374306196758e-08,0.22319158911705017,-0.24000665545463562,-0.46690040826797485,-0.09509328007698059
fair_leg/tuned_family,test,6,7.335186004638672,71.00486755371094,0.4642857313156128,0.08140845596790314,1.0796273946762085,0.08873746544122696,0.8385879397392273,3.7082111835479736,15.560150146484375,0.7373955845832825,343.38336181640625,0.0007094093016348779,0.27356116449557044,12.282904521526989,0.22279892992376932,-0.19653508761444385,-12.06010559160322,-2.1065308616357696,-2.2237303898441607,0.6677060127258301,1.0,1.280464623221178e-08,0.2227989286184311,-0.10925552994012833,-0.5072857141494751,-0.2060530036687851
fair_leg/tuned_family,test,7,7.925987243652344,76.6153335571289,0.4627976417541504,0.07985670864582062,1.0795660018920898,0.08803258091211319,0.8394679427146912,3.8191423416137695,9.073257446289062,0.759244978427887,380.9504699707031,0.004409116692841053,0.26279372836973314,145187935.728611,0.22452534701985966,-0.7697550512205728,-145187935.50408566,-2.5100595252384195,-2.98486076699647,0.7037088871002197,1.0,1.4596032826830196e-08,0.2245253473520279,-0.41114920377731323,-0.46338412165641785,-0.18904007971286774
fair_leg/tuned_family,test,8,6.8817138671875,63.2781982421875,0.4508928656578064,0.06550861150026321,1.0816270112991333,0.04605263099074364,0.7904099225997925,4.188859939575195,13.1988525390625,0.7638247609138489,225.51846313476562,0.0008918811799958348,0.3432059996727286,4.178606993875238,0.22392112594974856,-0.22280104499540274,-3.9546858679254897,-3.6917899781616716,-1.8229353468449532,0.6947362422943115,1.0,1.210950362207086e-08,0.22392112016677856,-0.1273426115512848,-0.2408616989850998,-0.2202417105436325
fair_leg/tuned_family,test,9,13.344764709472656,52.16693878173828,0.449404776096344,0.041704438626766205,1.0529147386550903,0.017935464158654213,0.7247216701507568,3.253105640411377,5.006313323974609,0.6097540259361267,171.71287536621094,0.0064612263813614845,0.3074937608292724,8.166180342625113,0.22443205228905433,-0.6650494492685474,-7.941748290336058,-0.001697137600280848,-0.7045451009839366,0.5103703141212463,1.0,1.0627979385446906e-08,0.2244320511817932,-0.3418940603733063,-0.3869633674621582,-0.000518722808919847
fair_leg/tuned_family,test,10,8.441925048828125,63.532352447509766,0.4568452537059784,0.06607107073068619,1.0807441473007202,0.05341478809714317,0.701072096824646,3.7129948139190674,11.012554168701172,0.6456750631332397,261.4999694824219,0.0032776000443845987,0.30002234254138405,2.4121566088310855,0.22280734626046986,-0.4231072304422011,-2.1893492625706155,-2.0570857813869288,-1.4760124099555654,0.6179714798927307,1.0,1.2175680019765878e-08,0.22280734777450562,-0.22204001247882843,-0.31351131200790405,-0.17656543850898743
fair_leg/tuned_family,test,11,10.879993438720703,72.67093658447266,0.4613095223903656,0.08585052937269211,1.0975011587142944,0.09625626355409622,0.818145215511322,3.4939348697662354,9.020328521728516,0.7089993357658386,366.888427734375,0.0011246780632063746,0.2594023516895868,19.340878035100104,0.22391943029648156,-0.40514798695356297,-19.11695860480362,-1.2846044467585276,-1.9780489241699857,0.6331919431686401,1.0,1.375092484323659e-08,0.22391943633556366,-0.21530486643314362,-0.5067545771598816,-0.18559350073337555
fair_leg/tuned_family,test,12,10.27059555053711,56.58769607543945,0.4508928656578064,0.05436715856194496,1.0688772201538086,0.03759398311376572,0.6655317544937134,3.3109052181243896,9.729862213134766,0.6373342275619507,228.38491821289062,0.0051966384053230286,0.30218910330063964,1.9680618065541937,0.22404341578025114,-0.5685438691682075,-1.7440183907739426,-0.6917977903115401,-0.966448722258512,0.5421459078788757,1.0,1.1051140447193575e-08,0.22404341399669647,-0.3061056435108185,-0.326283723115921,-0.11240292340517044
fair_leg/tuned_family,test,13,8.037090301513672,62.71505355834961,0.4583333432674408,0.07678835839033127,1.0973390340805054,0.0663377195596695,0.764857828617096,3.510730743408203,11.816978454589844,0.7251048684120178,301.2084045410156,0.002046736888587475,0.29105066286955794,6.891257964543903,0.22295078564053714,-0.19998925444612237,-3.044589038896148,-6.668307178903365,-2.0653570471735723,0.6746242046356201,1.0,1.3763339801187158e-08,0.2229507863521576,-0.11712497472763062,-0.35963377356529236,-0.2352556735277176
fair_leg/tuned_family,test,14,11.22903823852539,67.93498992919922,0.4613095223903656,0.07291014492511749,1.0808448791503906,0.0788690447807312,0.7832832932472229,3.3443398475646973,10.114192962646484,0.6804414987564087,342.5738525390625,0.0024588063824921846,0.2681361209193329,87.68143115236988,0.22283097176069788,-0.3885608350828185,-87.45860018060918,-0.5353596901472674,-1.6357618399108644,0.5963708758354187,1.0,1.3614586791277361e-08,0.22283096611499786,-0.20860590040683746,-0.6230400800704956,-0.10774985700845718
fair_leg/tuned_family,test,15,8.455753326416016,65.16456604003906,0.4598214328289032,0.06975382566452026,1.082306981086731,0.05819235369563103,0.8236244916915894,3.793466806411743,9.281158447265625,0.75617516040802,282.0885925292969,6.197174661792815e-05,0.3081735248208225,4.937445072727384,0.22284467029827243,-0.3531976516054258,-4.714600402429112,-2.6751597956171467,-2.050046238742102,0.6827420592308044,1.0,1.5054533619718313e-08,0.2228446751832962,-0.18450558185577393,-0.3818514049053192,-0.15818221867084503
fair_leg/tuned_family,test,16,10.144233703613281,67.4448013305664,0.4583333432674408,0.07384540140628815,1.0757105350494385,0.07777255773544312,0.8230106830596924,3.4432644844055176,9.262561798095703,0.6843740344047546,323.46441650390625,0.0024717790074646473,0.27632269623333805,202.3111307094663,0.223345518120752,-0.6119875760648303,-202.08778519134555,-0.49168808296559097,-1.4248252033147901,0.5636178255081177,1.0,1.3426798339821744e-08,0.22334551811218262,-0.31924015283584595,-0.4886597692966461,-0.11103854328393936
fair_leg/tuned_family,test,17,7.0209503173828125,70.58096313476562,0.4642857313156128,0.08294444531202316,1.0865885019302368,0.09022556245326996,0.7831680178642273,3.587674617767334,7.086753845214844,0.755235493183136,385.2036437988281,0.0013891722774133086,0.28249562760870506,193630197.5290709,0.22358786786691895,-0.548715190902633,-193630197.30548304,-3.0170073846652166,-3.625178081684877,0.7383957505226135,1.0,1.3616896943347001e-08,0.22358787059783936,-0.27960410714149475,-0.5451781153678894,-0.16900674998760223
fair_leg/tuned_family,test,18,7.950782775878906,68.88771057128906,0.4613095223903656,0.08543092757463455,1.112051010131836,0.09030388295650482,0.8148217797279358,3.3141753673553467,11.658191680908203,0.7211018204689026,379.4069519042969,0.0011720680631697178,0.2604497152333044,36.49196810526379,0.22322616461593933,-0.21660269271154856,-36.26874194064785,-1.86820359215716,-2.2664920780489126,0.6506472826004028,1.0,1.2963049300651619e-08,0.2232261598110199,-0.1411416083574295,-0.5419270992279053,-0.2101495862007141
fair_leg/tuned_family,test,19,6.246089935302734,61.81669235229492,0.4568452537059784,0.06686282902956009,1.0761690139770508,0.05239661782979965,0.7507596611976624,3.6785101890563965,7.086753845214844,0.7318578958511353,286.65570068359375,0.0050216917879879475,0.3059656230800829,5.899298563870275,0.22350019173727134,-0.758860998263704,-5.675798372133004,-3.164333661283938,-2.2740972857312154,0.6911525726318359,1.0,1.1331091620547795e-08,0.22350019216537476,-0.3816114068031311,-0.28753191232681274,-0.18643178045749664
tariff/tuned_family,test,0,9.549617767333984,35.58826446533203,0.4538690447807312,0.027161572128534317,1.0464835166931152,0.0059523810632526875,0.8287925720214844,2.74699330329895,6.1187744140625,0.5200313329696655,120.28823852539062,0.14150001108646393,0.387642155824531,1.1791569396541308,0.20944527524952272,-0.5734322626066165,-0.969711664404608,-0.877799985948114,-0.8066343787918424,0.6124776005744934,1.0,6.334760715986931e-09,0.2094452679157257,-0.29346659779548645,-0.15855756402015686,-0.09831401705741882
tariff/tuned_family,test,1,7.185459136962891,41.56494140625,0.4657738208770752,0.04259708896279335,1.0480328798294067,0.005795739125460386,0.9195468425750732,2.4668526649475098,7.081508636474609,0.5196493268013,244.13262939453125,0.22261761128902435,0.3210877124142606,136097238.8607772,0.038318943274274264,-0.44186604429118204,-136097238.82245827,-0.40694437354566526,-1.1932763589346156,0.622804582118988,1.0,6.1487614999578e-09,0.0383189432322979,-0.2280266284942627,-0.3334624469280243,-0.06344552338123322
tariff/tuned_family,test,2,11.908531188964844,35.05849838256836,0.4568452537059784,0.027599195018410683,1.0416028499603271,0.0,0.8026279211044312,2.465402603149414,6.756305694580078,0.4664536714553833,134.1310577392578,0.22181925177574158,0.3523374023381267,6.467823746511666,0.20718357976097346,-0.4483229425542364,-6.260640166750693,-0.054725306155725816,-0.6114733444278364,0.5243105292320251,1.0,5.0966493247983635e-09,0.2071835845708847,-0.21869516372680664,-0.31727930903434753,-0.016184678301215172
tariff/tuned_family,test,3,6.161689758300781,37.734031677246094,0.4568452537059784,0.043303534388542175,1.052586317062378,0.01707393489778042,0.8557480573654175,2.73500919342041,6.2084197998046875,0.5875851511955261,201.57188415527344,0.1435478776693344,0.38258478258972706,11.289156430251072,0.16933121030684997,-0.28089173962590475,-11.119825219944222,-3.359107744591753,-2.0894666764560585,0.7482807040214539,1.0,7.45543093927381e-09,0.16933120787143707,-0.14456893503665924,-0.28303009271621704,-0.11994209885597229
tariff/tuned_family,test,4,5.659580230712891,42.19198226928711,0.4657738208770752,0.051667310297489166,1.0596116781234741,0.03524436056613922,0.9471942782402039,2.6404621601104736,7.142066955566406,0.5597912669181824,260.35357666015625,0.21858426928520203,0.34393995378488906,129.6658834096537,0.043625188527231205,-0.31470738167552903,-129.62225822112646,-5.8603860972980835,-2.5590817528040932,0.7818005681037903,1.0,6.14414208399694e-09,0.04362518712878227,-0.1708737313747406,-0.2981007695198059,-0.12749457359313965
tariff/tuned_family,test,5,8.02469253540039,37.011146545410156,0.4598214328289032,0.03375036641955376,1.043479084968567,0.0016447368543595076,0.8266289234161377,2.658778190612793,5.863666534423828,0.5013078451156616,177.24205017089844,0.1790306270122528,0.37403921925145933,12.556986527220422,0.19386951536923325,-0.35263823152662366,-12.36311701185119,-0.6021600147182264,-1.364183090521275,0.6765039563179016,1.0,7.304606697289273e-09,0.19386951625347137,-0.18187136948108673,-0.3300165832042694,-0.057831112295389175
tariff/tuned_family,test,6,7.073879241943359,37.56904602050781,0.4642857313156128,0.042333271354436874,1.0505871772766113,0.010808270424604416,0.8863456845283508,2.576010227203369,9.524822235107422,0.553608238697052,212.4359893798828,0.20721764862537384,0.3580969756419007,19.982266872970254,0.14863750743501258,-0.17389205919642864,-19.83362936553524,-2.0332981128256113,-1.7956268156825688,0.720823347568512,1.0,5.69222402546643e-09,0.14863750338554382,-0.09666807949542999,-0.3229018449783325,-0.12078745663166046
tariff/tuned_family,test,7,5.9833526611328125,42.27256774902344,0.4642857313156128,0.04633082449436188,1.054941177368164,0.01589912362396717,0.9508741497993469,2.698878765106201,7.442474365234375,0.5619565844535828,258.65606689453125,0.19104471802711487,0.33435266232740113,89392433.58219063,0.026822917355755968,-0.3739133776939723,-89392433.55536771,-5.284282490399258,-2.406667988964081,0.7678369879722595,1.0,6.805445540436494e-09,0.02682291716337204,-0.19971832633018494,-0.28530630469322205,-0.10700812190771103
tariff/tuned_family,test,8,6.880283355712891,34.89542007446289,0.4508928656578064,0.03652141988277435,1.0526714324951172,0.01738721877336502,0.8188899159431458,2.7906100749969482,7.0953369140625,0.5889561176300049,156.1591796875,0.13214391469955444,0.4083922013592829,7.3447709150157925,0.20320360965746814,-0.1647099458614903,-7.141567305358325,-3.375097836614507,-1.6465965894862045,0.7320197820663452,1.0,6.429174526090264e-09,0.20320360362529755,-0.09414046257734299,-0.20803308486938477,-0.14748728275299072
tariff/tuned_family,test,9,11.860370635986328,34.8505973815918,0.4523809552192688,0.024268802255392075,1.0394883155822754,0.00031328320619650185,0.80617356300354,2.777881383895874,4.746913909912109,0.4779924750328064,101.37468719482422,0.15672938525676727,0.3907863910717897,7.174003093962852,0.21817063975505194,-0.47514518800717837,-6.955832454207799,-0.006328618725148864,-0.6134583550103944,0.558617889881134,1.0,6.782578498842895e-09,0.2181706428527832,-0.24426652491092682,-0.27606016397476196,-0.0014685951173305511
tariff/tuned_family,test,10,8.378028869628906,34.6522331237793,0.4568452537059784,0.034958455711603165,1.0530000925064087,0.012296365574002266,0.7771300673484802,2.607919454574585,5.713939666748047,0.4858861267566681,157.99041748046875,0.1904905140399933,0.3778957359915378,1.9452299103424437,0.20578172571509884,-0.3025000933518002,-1.7394481846273449,-1.7280309096566893,-1.1240528288740135,0.6436006426811218,1.0,5.567724503663385e-09,0.2057817280292511,-0.15874728560447693,-0.21757443249225616,-0.1164703294634819
tariff/tuned_family,test,11,8.81195068359375,40.71950912475586,0.4642857313156128,0.0446975938975811,1.052459716796875,0.017543859779834747,0.8980255126953125,2.547987937927246,7.053852081298828,0.5372331738471985,222.0099334716797,0.21870841085910797,0.33998135074030844,16.50341489417279,0.11621504490303315,-0.2886276649597841,-16.387199849269756,-0.8255343517139435,-1.348190492930123,0.6666618585586548,1.0,5.867944352644372e-09,0.1162150427699089,-0.1533833146095276,-0.3170410096645355,-0.09225338697433472
tariff/tuned_family,test,12,9.71841812133789,35.22491455078125,0.4538690447807312,0.028296368196606636,1.044621229171753,0.0039943610318005085,0.7783311009407043,2.5881996154785156,6.180286407470703,0.4626239538192749,131.99191284179688,0.17998237907886505,0.387693507091029,1.5761463940486382,0.21225434103206794,-0.4027698392029934,-1.3638920530165703,-0.5785126645325571,-0.7451295715060714,0.5733508467674255,1.0,5.411464609750283e-09,0.2122543454170227,-0.21685242652893066,-0.2179204821586609,-0.07678879797458649
tariff/tuned_family,test,13,7.127285003662109,35.80808639526367,0.4598214328289032,0.041851289570331573,1.0557163953781128,0.025140976533293724,0.8347461819648743,2.5138213634490967,6.278514862060547,0.573785126209259,192.3105010986328,0.1848497837781906,0.3691268078505393,7.730047152614315,0.19908582823229704,-0.14066584809657606,-3.527521238029552,-7.530961324382018,-1.727947050743656,0.7138262391090393,1.0,6.665701324237716e-09,0.19908583164215088,-0.08238184452056885,-0.27997156977653503,-0.14626948535442352
tariff/tuned_family,test,14,8.890628814697266,39.44587707519531,0.4627976417541504,0.03887801989912987,1.0535316467285156,0.012453007511794567,0.8925765752792358,2.5978281497955322,6.763935089111328,0.4969845414161682,210.5477294921875,0.20933206379413605,0.3557701161655743,54.06741691595791,0.14536556074654453,-0.25500844946609763,-53.92205135521136,-0.5309074907898381,-1.3347586683969728,0.6595962047576904,1.0,6.200963742486465e-09,0.14536556601524353,-0.13690589368343353,-0.38413146138191223,-0.06768283247947693
tariff/tuned_family,test,15,8.455753326416016,36.7279052734375,0.4598214328289032,0.03901265189051628,1.0528576374053955,0.01660401001572609,0.8523291349411011,2.6744441986083984,10.787010192871094,0.576836347579956,189.8402862548828,0.16093692183494568,0.38201200990883033,5.424452995443341,0.18084326119439398,-0.2781361527094873,-5.243609734248946,-3.7678945969974573,-1.8773217461310894,0.7364097237586975,1.0,7.1147314706365705e-09,0.1808432638645172,-0.14529448747634888,-0.2673643231391907,-0.10986344516277313
tariff/tuned_family,test,16,10.144710540771484,39.34621810913086,0.4613095223903656,0.03774629533290863,1.0469855070114136,0.0051691727712750435,0.8720478415489197,2.6091606616973877,6.403923034667969,0.49670177698135376,201.82318115234375,0.19791990518569946,0.36272197145284424,130.17956252258764,0.13571329939788274,-0.3903823812532101,-130.04384922318977,-0.4057260148557202,-1.1133683080372798,0.6192108988761902,1.0,6.223831228169274e-09,0.13571329414844513,-0.2036409229040146,-0.3112347424030304,-0.06257995963096619
tariff/tuned_family,test,17,5.124092102050781,40.36521911621094,0.4642857313156128,0.04696808010339737,1.0520637035369873,0.01464598998427391,0.9020254611968994,2.5699455738067627,12.094497680664062,0.6027210354804993,258.97149658203125,0.1808536946773529,0.3585869176393647,110749284.30973244,0.04863582141468103,-0.3810648638162268,-110749284.26109661,-2.9758380982391466,-2.5190995287828075,0.7678106427192688,1.0,6.388059858863926e-09,0.0486358217895031,-0.19417595863342285,-0.3118216395378113,-0.10184606909751892
tariff/tuned_family,test,18,7.381916046142578,37.11652755737305,0.4627976417541504,0.045779116451740265,1.0585130453109741,0.03563596308231354,0.8844042420387268,2.4306249618530273,6.8569183349609375,0.5511758923530579,220.9141845703125,0.2336847484111786,0.3483285122543115,25.91386585362026,0.1508200291633066,-0.13350740318988744,-25.763045824456952,-1.274214428447147,-1.5099505103217181,0.6742722392082214,1.0,5.758234777886173e-09,0.1508200317621231,-0.08699546009302139,-0.34624630212783813,-0.11238683015108109
tariff/tuned_family,test,19,6.2465667724609375,39.418697357177734,0.4598214328289032,0.036195218563079834,1.0510046482086182,0.011591478250920773,0.8949781656265259,3.018484354019165,6.650447845458984,0.5501120090484619,186.4713134765625,0.16467851400375366,0.3991522087588101,21.85536940674757,0.18198759564499845,-0.517852971305433,-21.673381811102573,-3.9049608625269157,-2.149970120746514,0.7550076246261597,1.0,6.511866601499605e-09,0.18198759853839874,-0.2604147493839264,-0.21042339503765106,-0.1203840896487236
tariff/voltage_family,test,0,8.939743041992188,32.97567367553711,0.4538690447807312,0.025610553100705147,1.0444056987762451,0.003289473708719015,0.7892902493476868,2.677799701690674,4.994869232177734,0.5653795599937439,119.07477569580078,0.14580336213111877,0.39775475049895137,1.3583729685043773,0.21756349589408056,-0.5838790772542712,-1.1408094726102966,-0.9795592971341075,-0.8855632935703387,0.6320875287055969,1.0,6.174920574864018e-09,0.21756349503993988,-0.29881298542022705,-0.1596938818693161,-0.09906676411628723
tariff/voltage_family,test,1,7.1468353271484375,40.46154022216797,0.4657738208770752,0.041728533804416656,1.0472735166549683,0.002819548826664686,0.9045016169548035,2.4449143409729004,7.081508636474609,0.5576782822608948,240.82635498046875,0.22823214530944824,0.3258157152343404,5240.3904921551575,0.048534084737834125,-0.4422624287745159,-5240.341958070419,-0.44878104068027236,-1.249406017540272,0.6332363486289978,1.0,6.3464828947701335e-09,0.0485340841114521,-0.22823119163513184,-0.3312701880931854,-0.0650654062628746
tariff/voltage_family,test,2,11.908531188964844,34.60550308227539,0.4568452537059784,0.026806337758898735,1.0411080121994019,0.0,0.7952869534492493,2.487391710281372,6.009578704833984,0.5170666575431824,131.96739196777344,0.22531189024448395,0.36105238010048324,6.799895009090526,0.20907243568107314,-0.45104315686597857,-6.5908225734094525,-0.05625583896325038,-0.6312182500621886,0.533903956413269,1.0,5.116976176111621e-09,0.20907244086265564,-0.22002211213111877,-0.31461089849472046,-0.015824658796191216
tariff/voltage_family,test,3,11.74306869506836,37.364959716796875,0.455357164144516,0.04262262582778931,1.0521296262741089,0.016682330518960953,0.8611963391304016,2.7438151836395264,6.2084197998046875,0.6478280425071716,194.62355041503906,0.1535087674856186,0.38025258488087543,5.130552989532099,0.1739432594952558,-0.2774492004687906,-4.956609730036843,-2.3715231696514905,-1.6923645676165284,0.7106372117996216,1.0,6.5529817128151535e-09,0.17394326627254486,-0.14279714226722717,-0.2783776819705963,-0.11688083410263062
tariff/voltage_family,test,4,5.660057067871094,42.2515869140625,0.4657738208770752,0.0509071908891201,1.0594391822814941,0.03524436056613922,0.9471979737281799,2.6713860034942627,7.143974304199219,0.612169623374939,255.65272521972656,0.2246534526348114,0.3475491979062273,56.998145405103934,0.04893339886211185,-0.312322697112924,-56.94921200624182,-6.885097088853231,-2.5649828900048943,0.783818781375885,1.0,5.881745757108092e-09,0.048933397978544235,-0.1695789396762848,-0.2948057949542999,-0.1264946013689041
tariff/voltage_family,test,5,8.023738861083984,36.163330078125,0.4613095223903656,0.03269771486520767,1.0423978567123413,7.832080154912546e-05,0.8130553960800171,2.667207717895508,6.017208099365234,0.5585712790489197,175.35971069335938,0.18319448828697205,0.38179954397265536,14.259914843044893,0.2041985829531902,-0.3579199072544893,-14.055716260091703,-0.7675154944116699,-1.5170098665900849,0.6975381374359131,1.0,6.384371253886911e-09,0.20419858396053314,-0.18459537625312805,-0.33083370327949524,-0.05928155779838562
tariff/voltage_family,test,6,6.675243377685547,37.25481033325195,0.4642857313156128,0.04135648533701897,1.048614740371704,0.009241854771971703,0.8548859357833862,2.584535837173462,7.386684417724609,0.6007283329963684,208.78659057617188,0.21373876929283142,0.3635332719537042,25.790138376290244,0.15590189373265753,-0.1729523425876563,-25.634236482557586,-2.304095979668024,-1.8800304640852568,0.7305765748023987,1.0,5.792932800119388e-09,0.15590189397335052,-0.09614568203687668,-0.3207050561904907,-0.12122099101543427
tariff/voltage_family,test,7,6.290435791015625,42.4799919128418,0.4627976417541504,0.045442014932632446,1.0538532733917236,0.015429197810590267,0.9508963227272034,2.730530023574829,7.434844970703125,0.6320990920066833,252.28628540039062,0.20007185637950897,0.33729172179116873,22.639123154926295,0.038591974320232696,-0.38025627945636403,-22.600531180606062,-5.7613888941149085,-2.2862081354507993,0.7599422335624695,1.0,6.861805346147776e-09,0.03859197348356247,-0.20310625433921814,-0.2816130816936493,-0.10610354691743851
tariff/voltage_family,test,8,6.616115570068359,36.96250915527344,0.4508928656578064,0.035641588270664215,1.051967978477478,0.01660401001572609,0.8841328620910645,3.051201581954956,7.864475250244141,0.6417915225028992,153.61422729492188,0.13725203275680542,0.4125828573258389,10.065342386727174,0.20635416505606305,-0.1655359579847872,-9.858988221671112,-3.527184689731309,-1.7080924283114942,0.7402279376983643,1.0,6.229605720164955e-09,0.20635417103767395,-0.09461257606744766,-0.20700903236865997,-0.1463499218225479
tariff/voltage_family,test,9,11.860847473144531,35.79521179199219,0.4508928656578064,0.023503366857767105,1.0385916233062744,0.00031328320619650185,0.81263667345047,2.8774592876434326,4.630088806152344,0.5082443952560425,100.07866668701172,0.16081325709819794,0.39780005171483956,6.875078462329574,0.21975662943002103,-0.47715190079395126,-6.655321832899553,-0.00946769157327584,-0.6362021293971077,0.5684975981712341,1.0,6.353874315578878e-09,0.21975663304328918,-0.24529816210269928,-0.2733875811100006,-0.00205098744481802
tariff/voltage_family,test,10,7.622241973876953,34.15822982788086,0.4568452537059784,0.03384732827544212,1.0527375936508179,0.011983082629740238,0.7657944560050964,2.6224215030670166,8.790969848632812,0.5405145883560181,155.41712951660156,0.19522149860858917,0.38578875510975064,2.222329895955114,0.21050044524156528,-0.3043872703268643,-1.9436324419009874,-2.011829450713549,-1.2070630109150768,0.6605180501937866,1.0,5.415275783349216e-09,0.21050044894218445,-0.15973764657974243,-0.2171703577041626,-0.11555276811122894
tariff/voltage_family,test,11,9.419918060302734,40.19498825073242,0.4642857313156128,0.044009894132614136,1.0523830652236938,0.018248746171593666,0.9200793504714966,2.6290512084960938,6.9751739501953125,0.5883815288543701,215.45574951171875,0.2280830591917038,0.3412899788357474,9.831756654489388,0.1192521299271881,-0.28856104426776297,-9.712504524562199,-0.7463016436899035,-1.2363955646276428,0.6517387628555298,1.0,5.56027535125736e-09,0.11925213038921356,-0.153347909450531,-0.3108978867530823,-0.0896839052438736
tariff/voltage_family,test,12,9.71841812133789,33.17403793334961,0.4583333432674408,0.027236122637987137,1.0437322854995728,0.003289473708719015,0.7455741167068481,2.5271987915039062,5.516529083251953,0.5115092992782593,130.52987670898438,0.1839592009782791,0.3958162525602553,1.7437589069596462,0.218608827541941,-0.4078124916957005,-1.525150079417705,-0.6141736167617067,-0.7886986803970796,0.5860714912414551,1.0,5.666469515830386e-09,0.2186088263988495,-0.2195674031972885,-0.2186342477798462,-0.07696277648210526
tariff/voltage_family,test,13,6.8149566650390625,33.91695022583008,0.4598214328289032,0.04104401543736458,1.0552905797958374,0.022869674488902092,0.8261998891830444,2.502070903778076,6.280422210693359,0.6324847340583801,189.4723358154297,0.19082196056842804,0.37439907954767193,9.304012082052227,0.2047614524596996,-0.13976346069305534,-4.220667334150434,-9.099250629592527,-1.8306919247536266,0.7259413003921509,1.0,6.491078341497314e-09,0.20476144552230835,-0.08185335993766785,-0.2793736457824707,-0.1459699124097824
tariff/voltage_family,test,14,7.878303527832031,39.62898254394531,0.4657738208770752,0.0379994660615921,1.052833914756775,0.012218045070767403,0.9019112586975098,2.6846415996551514,6.819725036621094,0.5557998418807983,207.7843017578125,0.2147803008556366,0.3639867332963741,45.36326832294128,0.1561513462208641,-0.2541768305638457,-45.207116976720414,-0.6640634584003358,-1.4876148491679113,0.6823581457138062,1.0,5.921994450375223e-09,0.15615133941173553,-0.13645942509174347,-0.3854176700115204,-0.06870489567518234
tariff/voltage_family,test,15,8.450508117675781,35.660743713378906,0.4598214328289032,0.03820357471704483,1.0520501136779785,0.015429197810590267,0.8393488526344299,2.6699488162994385,9.49859619140625,0.6213420033454895,187.4016876220703,0.16567297279834747,0.3861711071205618,6.19818606043815,0.18834398793135054,-0.28193670423761735,-6.0098420725068,-4.1823769737759315,-1.9641692242800615,0.7447569370269775,1.0,7.022338710527265e-09,0.18834398686885834,-0.14727984368801117,-0.26738736033439636,-0.11000585556030273
tariff/voltage_family,test,16,10.146141052246094,38.85221481323242,0.4613095223903656,0.036597613245248795,1.0456790924072266,0.0023496239446103573,0.8598281741142273,2.6266086101531982,6.21795654296875,0.5615763068199158,199.72332763671875,0.2022545039653778,0.3707551952662229,74.36363232447209,0.14946356097776797,-0.39626572279639655,-74.21416876349433,-0.5017544858151058,-1.2268764357148896,0.639134407043457,1.0,5.992848439717591e-09,0.14946356415748596,-0.20670993626117706,-0.3112688362598419,-0.06546183675527573
tariff/voltage_family,test,17,4.845142364501953,39.481163024902344,0.4642857313156128,0.045768674463033676,1.0506857633590698,0.011983082629740238,0.8756971955299377,2.5399904251098633,6.915092468261719,0.6496342420578003,255.23606872558594,0.18614377081394196,0.364874354734649,110608982.95383862,0.060888226518991576,-0.37726552150763104,-110608982.89295039,-5.216728564781901,-2.849299220715377,0.7886129021644592,1.0,6.269796681834805e-09,0.060888227075338364,-0.19223996996879578,-0.3114266097545624,-0.10325592756271362
tariff/voltage_family,test,18,7.046222686767578,37.209510803222656,0.4627976417541504,0.04506264626979828,1.0584851503372192,0.03453947231173515,0.9073610901832581,2.4950404167175293,6.854534149169922,0.5954893827438354,216.9745330810547,0.2389725148677826,0.3528905296028487,24.81787660292362,0.1562229961057242,-0.13197974480612015,-24.661653606817893,-1.324275005270135,-1.5222437332229868,0.6775297522544861,1.0,5.931933610980877e-09,0.15622299909591675,-0.08600001037120819,-0.343459814786911,-0.11198791116476059
tariff/voltage_family,test,19,6.246089935302734,37.432193756103516,0.4598214328289032,0.035066600888967514,1.0499728918075562,0.009868420660495758,0.847878634929657,2.893632173538208,8.352279663085938,0.6047999262809753,183.37632751464844,0.16819201409816742,0.40430264809158367,58.996987716301014,0.19468440905931603,-0.5286549576858165,-58.8023033072417,-3.986530899758117,-2.2293513948392865,0.760576605796814,1.0,6.0736922158355355e-09,0.19468441605567932,-0.26584678888320923,-0.2104756385087967,-0.12102348357439041
tariff/voltage_off_matched,test,0,9.549617767333984,35.58826446533203,0.4538690447807312,0.027161572128534317,1.0464835166931152,0.0059523810632526875,0.8287925720214844,2.74699330329895,6.1187744140625,0.5200313329696655,120.28823852539062,0.14150001108646393,0.387642155824531,1.1791569396541308,0.20944527524952272,-0.5734322626066165,-0.969711664404608,-0.877799985948114,-0.8066343787918424,0.6124776005744934,1.0,6.334760715986931e-09,0.2094452679157257,-0.29346659779548645,-0.15855756402015686,-0.09831401705741882
tariff/voltage_off_matched,test,1,7.185459136962891,41.56494140625,0.4657738208770752,0.04259708896279335,1.0480328798294067,0.005795739125460386,0.9195468425750732,2.4668526649475098,7.081508636474609,0.5196493268013,244.13262939453125,0.22261761128902435,0.3210877124142606,136097238.8607772,0.038318943274274264,-0.44186604429118204,-136097238.82245827,-0.40694437354566526,-1.1932763589346156,0.622804582118988,1.0,6.1487614999578e-09,0.0383189432322979,-0.2280266284942627,-0.3334624469280243,-0.06344552338123322
tariff/voltage_off_matched,test,2,11.908531188964844,35.05849838256836,0.4568452537059784,0.027599195018410683,1.0416028499603271,0.0,0.8026279211044312,2.465402603149414,6.756305694580078,0.4664536714553833,134.1310577392578,0.22181925177574158,0.3523374023381267,6.467823746511666,0.20718357976097346,-0.4483229425542364,-6.260640166750693,-0.054725306155725816,-0.6114733444278364,0.5243105292320251,1.0,5.0966493247983635e-09,0.2071835845708847,-0.21869516372680664,-0.31727930903434753,-0.016184678301215172
tariff/voltage_off_matched,test,3,6.161689758300781,37.734031677246094,0.4568452537059784,0.043303534388542175,1.052586317062378,0.01707393489778042,0.8557480573654175,2.73500919342041,6.2084197998046875,0.5875851511955261,201.57188415527344,0.1435478776693344,0.38258478258972706,11.289156430251072,0.16933121030684997,-0.28089173962590475,-11.119825219944222,-3.359107744591753,-2.0894666764560585,0.7482807040214539,1.0,7.45543093927381e-09,0.16933120787143707,-0.14456893503665924,-0.28303009271621704,-0.11994209885597229
tariff/voltage_off_matched,test,4,5.659580230712891,42.19198226928711,0.4657738208770752,0.051667310297489166,1.0596116781234741,0.03524436056613922,0.9471942782402039,2.6404621601104736,7.142066955566406,0.5597912669181824,260.35357666015625,0.21858426928520203,0.34393995378488906,129.6658834096537,0.043625188527231205,-0.31470738167552903,-129.62225822112646,-5.8603860972980835,-2.5590817528040932,0.7818005681037903,1.0,6.14414208399694e-09,0.04362518712878227,-0.1708737313747406,-0.2981007695198059,-0.12749457359313965
tariff/voltage_off_matched,test,5,8.02469253540039,37.011146545410156,0.4598214328289032,0.03375036641955376,1.043479084968567,0.0016447368543595076,0.8266289234161377,2.658778190612793,5.863666534423828,0.5013078451156616,177.24205017089844,0.1790306270122528,0.37403921925145933,12.556986527220422,0.19386951536923325,-0.35263823152662366,-12.36311701185119,-0.6021600147182264,-1.364183090521275,0.6765039563179016,1.0,7.304606697289273e-09,0.19386951625347137,-0.18187136948108673,-0.3300165832042694,-0.057831112295389175
tariff/voltage_off_matched,test,6,7.073879241943359,37.56904602050781,0.4642857313156128,0.042333271354436874,1.0505871772766113,0.010808270424604416,0.8863456845283508,2.576010227203369,9.524822235107422,0.553608238697052,212.4359893798828,0.20721764862537384,0.3580969756419007,19.982266872970254,0.14863750743501258,-0.17389205919642864,-19.83362936553524,-2.0332981128256113,-1.7956268156825688,0.720823347568512,1.0,5.69222402546643e-09,0.14863750338554382,-0.09666807949542999,-0.3229018449783325,-0.12078745663166046
tariff/voltage_off_matched,test,7,5.9833526611328125,42.27256774902344,0.4642857313156128,0.04633082449436188,1.054941177368164,0.01589912362396717,0.9508741497993469,2.698878765106201,7.442474365234375,0.5619565844535828,258.65606689453125,0.19104471802711487,0.33435266232740113,89392433.58219063,0.026822917355755968,-0.3739133776939723,-89392433.55536771,-5.284282490399258,-2.406667988964081,0.7678369879722595,1.0,6.805445540436494e-09,0.02682291716337204,-0.19971832633018494,-0.28530630469322205,-0.10700812190771103
tariff/voltage_off_matched,test,8,6.880283355712891,34.89542007446289,0.4508928656578064,0.03652141988277435,1.0526714324951172,0.01738721877336502,0.8188899159431458,2.7906100749969482,7.0953369140625,0.5889561176300049,156.1591796875,0.13214391469955444,0.4083922013592829,7.3447709150157925,0.20320360965746814,-0.1647099458614903,-7.141567305358325,-3.375097836614507,-1.6465965894862045,0.7320197820663452,1.0,6.429174526090264e-09,0.20320360362529755,-0.09414046257734299,-0.20803308486938477,-0.14748728275299072
tariff/voltage_off_matched,test,9,11.860370635986328,34.8505973815918,0.4523809552192688,0.024268802255392075,1.0394883155822754,0.00031328320619650185,0.80617356300354,2.777881383895874,4.746913909912109,0.4779924750328064,101.37468719482422,0.15672938525676727,0.3907863910717897,7.174003093962852,0.21817063975505194,-0.47514518800717837,-6.955832454207799,-0.006328618725148864,-0.6134583550103944,0.558617889881134,1.0,6.782578498842895e-09,0.2181706428527832,-0.24426652491092682,-0.27606016397476196,-0.0014685951173305511
tariff/voltage_off_matched,test,10,8.378028869628906,34.6522331237793,0.4568452537059784,0.034958455711603165,1.0530000925064087,0.012296365574002266,0.7771300673484802,2.607919454574585,5.713939666748047,0.4858861267566681,157.99041748046875,0.1904905140399933,0.3778957359915378,1.9452299103424437,0.20578172571509884,-0.3025000933518002,-1.7394481846273449,-1.7280309096566893,-1.1240528288740135,0.6436006426811218,1.0,5.567724503663385e-09,0.2057817280292511,-0.15874728560447693,-0.21757443249225616,-0.1164703294634819
tariff/voltage_off_matched,test,11,8.81195068359375,40.71950912475586,0.4642857313156128,0.0446975938975811,1.052459716796875,0.017543859779834747,0.8980255126953125,2.547987937927246,7.053852081298828,0.5372331738471985,222.0099334716797,0.21870841085910797,0.33998135074030844,16.50341489417279,0.11621504490303315,-0.2886276649597841,-16.387199849269756,-0.8255343517139435,-1.348190492930123,0.6666618585586548,1.0,5.867944352644372e-09,0.1162150427699089,-0.1533833146095276,-0.3170410096645355,-0.09225338697433472
tariff/voltage_off_matched,test,12,9.71841812133789,35.22491455078125,0.4538690447807312,0.028296368196606636,1.044621229171753,0.0039943610318005085,0.7783311009407043,2.5881996154785156,6.180286407470703,0.4626239538192749,131.99191284179688,0.17998237907886505,0.387693507091029,1.5761463940486382,0.21225434103206794,-0.4027698392029934,-1.3638920530165703,-0.5785126645325571,-0.7451295715060714,0.5733508467674255,1.0,5.411464609750283e-09,0.2122543454170227,-0.21685242652893066,-0.2179204821586609,-0.07678879797458649
tariff/voltage_off_matched,test,13,7.127285003662109,35.80808639526367,0.4598214328289032,0.041851289570331573,1.0557163953781128,0.025140976533293724,0.8347461819648743,2.5138213634490967,6.278514862060547,0.573785126209259,192.3105010986328,0.1848497837781906,0.3691268078505393,7.730047152614315,0.19908582823229704,-0.14066584809657606,-3.527521238029552,-7.530961324382018,-1.727947050743656,0.7138262391090393,1.0,6.665701324237716e-09,0.19908583164215088,-0.08238184452056885,-0.27997156977653503,-0.14626948535442352
tariff/voltage_off_matched,test,14,8.890628814697266,39.44587707519531,0.4627976417541504,0.03887801989912987,1.0535316467285156,0.012453007511794567,0.8925765752792358,2.5978281497955322,6.763935089111328,0.4969845414161682,210.5477294921875,0.20933206379413605,0.3557701161655743,54.06741691595791,0.14536556074654453,-0.25500844946609763,-53.92205135521136,-0.5309074907898381,-1.3347586683969728,0.6595962047576904,1.0,6.200963742486465e-09,0.14536556601524353,-0.13690589368343353,-0.38413146138191223,-0.06768283247947693
tariff/voltage_off_matched,test,15,8.455753326416016,36.7279052734375,0.4598214328289032,0.03901265189051628,1.0528576374053955,0.01660401001572609,0.8523291349411011,2.6744441986083984,10.787010192871094,0.576836347579956,189.8402862548828,0.16093692183494568,0.38201200990883033,5.424452995443341,0.18084326119439398,-0.2781361527094873,-5.243609734248946,-3.7678945969974573,-1.8773217461310894,0.7364097237586975,1.0,7.1147314706365705e-09,0.1808432638645172,-0.14529448747634888,-0.2673643231391907,-0.10986344516277313
tariff/voltage_off_matched,test,16,10.144710540771484,39.34621810913086,0.4613095223903656,0.03774629533290863,1.0469855070114136,0.0051691727712750435,0.8720478415489197,2.6091606616973877,6.403923034667969,0.49670177698135376,201.82318115234375,0.19791990518569946,0.36272197145284424,130.17956252258764,0.13571329939788274,-0.3903823812532101,-130.04384922318977,-0.4057260148557202,-1.1133683080372798,0.6192108988761902,1.0,6.223831228169274e-09,0.13571329414844513,-0.2036409229040146,-0.3112347424030304,-0.06257995963096619
tariff/voltage_off_matched,test,17,5.124092102050781,40.36521911621094,0.4642857313156128,0.04696808010339737,1.0520637035369873,0.01464598998427391,0.9020254611968994,2.5699455738067627,12.094497680664062,0.6027210354804993,258.97149658203125,0.1808536946773529,0.3585869176393647,110749284.30973244,0.04863582141468103,-0.3810648638162268,-110749284.26109661,-2.9758380982391466,-2.5190995287828075,0.7678106427192688,1.0,6.388059858863926e-09,0.0486358217895031,-0.19417595863342285,-0.3118216395378113,-0.10184606909751892
tariff/voltage_off_matched,test,18,7.381916046142578,37.11652755737305,0.4627976417541504,0.045779116451740265,1.0585130453109741,0.03563596308231354,0.8844042420387268,2.4306249618530273,6.8569183349609375,0.5511758923530579,220.9141845703125,0.2336847484111786,0.3483285122543115,25.91386585362026,0.1508200291633066,-0.13350740318988744,-25.763045824456952,-1.274214428447147,-1.5099505103217181,0.6742722392082214,1.0,5.758234777886173e-09,0.1508200317621231,-0.08699546009302139,-0.34624630212783813,-0.11238683015108109
tariff/voltage_off_matched,test,19,6.2465667724609375,39.418697357177734,0.4598214328289032,0.036195218563079834,1.0510046482086182,0.011591478250920773,0.8949781656265259,3.018484354019165,6.650447845458984,0.5501120090484619,186.4713134765625,0.16467851400375366,0.3991522087588101,21.85536940674757,0.18198759564499845,-0.517852971305433,-21.673381811102573,-3.9049608625269157,-2.149970120746514,0.7550076246261597,1.0,6.511866601499605e-09,0.18198759853839874,-0.2604147493839264,-0.21042339503765106,-0.1203840896487236
