run,split,seed_index,connection,household,settlement_chf,load_kwh,cost_per_load_kwh_chf
fair_leg,validation,0,0,tenant,-14.142488479614258,63.256629943847656,0.2235732227563858
fair_leg,validation,0,1,tenant,-14.498015403747559,65.01628112792969,0.2229904979467392
fair_leg,validation,0,2,tenant,-15.257240295410156,68.85164642333984,0.2215958833694458
fair_leg,validation,0,3,tenant,-11.886449813842773,53.06748580932617,0.2239874005317688
fair_leg,validation,0,4,tenant,-14.080035209655762,62.4814567565918,0.22534747421741486
fair_leg,validation,0,5,tenant,-14.37942886352539,63.9527702331543,0.22484436631202698
fair_leg,validation,0,6,pv_only,-0.42701876163482666,82.06903839111328,0.005203181877732277
fair_leg,validation,0,7,pv_battery,27.12466049194336,86.5527114868164,-0.3133889138698578
fair_leg,validation,0,8,pv_battery,40.22810363769531,80.56747436523438,-0.4993091821670532
fair_leg,validation,0,9,pv_battery,48.95081329345703,84.03340148925781,-0.5825161933898926
fair_leg,validation,0,10,pv_only,-7.6439433097839355,84.14382934570312,0.0908438190817833
fair_leg,validation,0,11,pv_battery,44.27345275878906,92.43013000488281,-0.4789937734603882
fair_leg,validation,0,12,large_flex,-20.361536026000977,230.11929321289062,0.08848255127668381
fair_leg,validation,0,13,large_flex,38.831668853759766,208.2650146484375,-0.18645314872264862
fair_leg,validation,0,14,large_flex,40.85259246826172,207.8992919921875,-0.19650177657604218
fair_leg,validation,0,15,pv_battery,33.27674865722656,72.11612701416016,-0.46143287420272827
fair_leg,validation,0,16,pv_battery,47.363433837890625,82.88166809082031,-0.5714589357376099
fair_leg,validation,0,17,large_flex,9.32461929321289,199.26376342773438,-0.04679539054632187
fair_leg,validation,1,0,tenant,-13.915787696838379,62.609100341796875,0.22226457297801971
fair_leg,validation,1,1,tenant,-15.562396049499512,70.07598114013672,0.22207897901535034
fair_leg,validation,1,2,tenant,-13.732006072998047,62.185245513916016,0.22082406282424927
fair_leg,validation,1,3,tenant,-14.843624114990234,66.8858413696289,0.2219248265028
fair_leg,validation,1,4,tenant,-14.395733833312988,63.95261001586914,0.22510001063346863
fair_leg,validation,1,5,tenant,-12.628546714782715,56.10432815551758,0.22509047389030457
fair_leg,validation,1,6,pv_only,36.29503631591797,80.04058837890625,-0.4534578323364258
fair_leg,validation,1,7,pv_battery,6.582920074462891,87.52914428710938,-0.07520835846662521
fair_leg,validation,1,8,pv_battery,7.810283660888672,82.78816223144531,-0.09434060007333755
fair_leg,validation,1,9,pv_battery,16.427093505859375,87.03486633300781,-0.1887415498495102
fair_leg,validation,1,10,pv_only,15.879602432250977,96.53172302246094,-0.1645013839006424
fair_leg,validation,1,11,pv_battery,56.25209045410156,86.29106140136719,-0.6518880128860474
fair_leg,validation,1,12,large_flex,-21.5903377532959,209.00732421875,0.10329941660165787
fair_leg,validation,1,13,large_flex,32.299598693847656,215.46754455566406,-0.14990463852882385
fair_leg,validation,1,14,large_flex,50.99781036376953,205.94480895996094,-0.2476285994052887
fair_leg,validation,1,15,pv_battery,39.14556884765625,79.95680236816406,-0.4895840287208557
fair_leg,validation,1,16,pv_battery,-1.2477891445159912,84.4518051147461,0.014775155112147331
fair_leg,validation,1,17,large_flex,53.648773193359375,215.06895446777344,-0.24944926798343658
fair_leg,validation,2,0,tenant,-13.320418357849121,59.15785217285156,0.2251674383878708
fair_leg,validation,2,1,tenant,-14.510509490966797,65.2469482421875,0.2223936766386032
fair_leg,validation,2,2,tenant,-14.46400260925293,64.70036315917969,0.2235535979270935
fair_leg,validation,2,3,tenant,-15.198542594909668,67.90006256103516,0.2238369882106781
fair_leg,validation,2,4,tenant,-13.71603775024414,61.69146728515625,0.22233274579048157
fair_leg,validation,2,5,tenant,-14.557985305786133,65.1369857788086,0.22349786758422852
fair_leg,validation,2,6,pv_only,10.83641529083252,79.59252166748047,-0.13614864647388458
fair_leg,validation,2,7,pv_battery,36.97282409667969,82.44232940673828,-0.4484690725803375
fair_leg,validation,2,8,pv_battery,39.992958068847656,88.63339233398438,-0.4512176811695099
fair_leg,validation,2,9,pv_battery,49.95439147949219,83.41477966308594,-0.5988674163818359
fair_leg,validation,2,10,pv_only,41.463958740234375,88.67477416992188,-0.4675958752632141
fair_leg,validation,2,11,pv_battery,1.2664555311203003,81.03462219238281,-0.015628566965460777
fair_leg,validation,2,12,large_flex,46.47046661376953,239.3982696533203,-0.19411365687847137
fair_leg,validation,2,13,large_flex,47.06441116333008,214.72161865234375,-0.21918807923793793
fair_leg,validation,2,14,large_flex,32.79606246948242,230.87008666992188,-0.1420542299747467
fair_leg,validation,2,15,pv_battery,52.34211349487305,95.50543212890625,-0.5480535626411438
fair_leg,validation,2,16,pv_battery,22.372547149658203,87.44998931884766,-0.2558324635028839
fair_leg,validation,2,17,large_flex,18.079599380493164,195.54653930664062,-0.09245677292346954
fair_leg,validation,3,0,tenant,-13.18414306640625,58.59726333618164,0.22499583661556244
fair_leg,validation,3,1,tenant,-12.154464721679688,53.91218948364258,0.2254493534564972
fair_leg,validation,3,2,tenant,-15.192878723144531,67.8530502319336,0.22390852868556976
fair_leg,validation,3,3,tenant,-14.957902908325195,67.3963623046875,0.22193916141986847
fair_leg,validation,3,4,tenant,-14.911029815673828,66.50166320800781,0.22422051429748535
fair_leg,validation,3,5,tenant,-14.758279800415039,65.81591033935547,0.22423578798770905
fair_leg,validation,3,6,pv_only,10.38094711303711,76.09394073486328,-0.13642267882823944
fair_leg,validation,3,7,pv_battery,59.65156555175781,78.63816833496094,-0.7585572004318237
fair_leg,validation,3,8,pv_battery,50.466026306152344,79.33293914794922,-0.6361294388771057
fair_leg,validation,3,9,pv_battery,55.463478088378906,88.96942901611328,-0.6233992576599121
fair_leg,validation,3,10,pv_only,30.832223892211914,84.82926940917969,-0.3634621500968933
fair_leg,validation,3,11,pv_battery,35.869285583496094,75.20507049560547,-0.4769532382488251
fair_leg,validation,3,12,large_flex,36.932525634765625,215.21572875976562,-0.17160707712173462
fair_leg,validation,3,13,large_flex,54.637969970703125,211.53811645507812,-0.25828900933265686
fair_leg,validation,3,14,large_flex,4.537549018859863,209.2581024169922,-0.02168397791683674
fair_leg,validation,3,15,pv_battery,56.508522033691406,76.23827362060547,-0.741209089756012
fair_leg,validation,3,16,pv_battery,6.021183967590332,80.12486267089844,-0.07514748722314835
fair_leg,validation,3,17,large_flex,-0.4246702194213867,218.67652893066406,0.0019420060561969876
fair_leg,validation,4,0,tenant,-14.851258277893066,66.33662414550781,0.2238772213459015
fair_leg,validation,4,1,tenant,-13.49183464050293,60.2364501953125,0.22398127615451813
fair_leg,validation,4,2,tenant,-15.142931938171387,67.95689392089844,0.2228313833475113
fair_leg,validation,4,3,tenant,-13.96247673034668,62.11300277709961,0.22479166090488434
fair_leg,validation,4,4,tenant,-14.477272033691406,64.41056060791016,0.22476547956466675
fair_leg,validation,4,5,tenant,-13.87173843383789,62.05414581298828,0.2235424667596817
fair_leg,validation,4,6,pv_only,5.866170406341553,85.09870910644531,-0.06893376260995865
fair_leg,validation,4,7,pv_battery,28.57707405090332,72.64412689208984,-0.3933844268321991
fair_leg,validation,4,8,pv_battery,47.250877380371094,87.39320373535156,-0.5406697988510132
fair_leg,validation,4,9,pv_battery,38.54743957519531,70.40589141845703,-0.5475030541419983
fair_leg,validation,4,10,pv_only,35.549652099609375,75.73416137695312,-0.46940094232559204
fair_leg,validation,4,11,pv_battery,8.68371868133545,78.40057373046875,-0.11076091974973679
fair_leg,validation,4,12,large_flex,60.00409698486328,216.10569763183594,-0.277660995721817
fair_leg,validation,4,13,large_flex,7.502187728881836,195.37832641601562,-0.03839823603630066
fair_leg,validation,4,14,large_flex,25.549930572509766,225.06564331054688,-0.11352214217185974
fair_leg,validation,4,15,pv_battery,56.79823684692383,85.2679214477539,-0.6661151051521301
fair_leg,validation,4,16,pv_battery,39.163780212402344,74.80137634277344,-0.5235702395439148
fair_leg,validation,4,17,large_flex,47.053802490234375,224.4448699951172,-0.2096450924873352
fair_leg,validation,5,0,tenant,-13.662338256835938,60.97385025024414,0.2240687608718872
fair_leg,validation,5,1,tenant,-14.26252555847168,64.33060455322266,0.22170673310756683
fair_leg,validation,5,2,tenant,-14.772125244140625,66.09261322021484,0.22350656986236572
fair_leg,validation,5,3,tenant,-11.741202354431152,53.613704681396484,0.2189963012933731
fair_leg,validation,5,4,tenant,-14.457818031311035,64.44416046142578,0.2243463695049286
fair_leg,validation,5,5,tenant,-14.39208698272705,64.99906921386719,0.22141993045806885
fair_leg,validation,5,6,pv_only,24.59178352355957,88.69921112060547,-0.2772493362426758
fair_leg,validation,5,7,pv_battery,56.88173294067383,89.49531555175781,-0.6355835795402527
fair_leg,validation,5,8,pv_battery,23.427452087402344,76.76554870605469,-0.30518200993537903
fair_leg,validation,5,9,pv_battery,12.415855407714844,75.94456481933594,-0.16348573565483093
fair_leg,validation,5,10,pv_only,38.71412658691406,92.93466186523438,-0.4165736138820648
fair_leg,validation,5,11,pv_battery,13.883807182312012,83.95079040527344,-0.16538038849830627
fair_leg,validation,5,12,large_flex,37.98698425292969,202.6458282470703,-0.1874549239873886
fair_leg,validation,5,13,large_flex,40.9410400390625,210.4336700439453,-0.19455552101135254
fair_leg,validation,5,14,large_flex,7.614447116851807,209.6605987548828,-0.036317985504865646
fair_leg,validation,5,15,pv_battery,24.384193420410156,80.13607025146484,-0.30428484082221985
fair_leg,validation,5,16,pv_battery,59.990142822265625,87.2297592163086,-0.6877257227897644
fair_leg,validation,5,17,large_flex,50.38691711425781,192.84347534179688,-0.2612839341163635
fair_leg,validation,6,0,tenant,-14.451448440551758,64.91349792480469,0.22262628376483917
fair_leg,validation,6,1,tenant,-14.130009651184082,63.532413482666016,0.2224062830209732
fair_leg,validation,6,2,tenant,-13.224257469177246,59.08380889892578,0.2238219976425171
fair_leg,validation,6,3,tenant,-14.126720428466797,63.11469650268555,0.2238263189792633
fair_leg,validation,6,4,tenant,-13.563596725463867,60.66307830810547,0.2235889434814453
fair_leg,validation,6,5,tenant,-13.713150024414062,62.213218688964844,0.220421701669693
fair_leg,validation,6,6,pv_only,-1.9705381393432617,81.61064910888672,0.024145586416125298
fair_leg,validation,6,7,pv_battery,43.325340270996094,86.4236831665039,-0.5013132691383362
fair_leg,validation,6,8,pv_battery,37.89403533935547,78.5420150756836,-0.4824680984020233
fair_leg,validation,6,9,pv_battery,53.66650390625,87.92286682128906,-0.6103813052177429
fair_leg,validation,6,10,pv_only,19.844181060791016,79.1370849609375,-0.25075703859329224
fair_leg,validation,6,11,pv_battery,45.73350524902344,83.1150894165039,-0.5502431988716125
fair_leg,validation,6,12,large_flex,53.851341247558594,191.13111877441406,-0.28175079822540283
fair_leg,validation,6,13,large_flex,37.77117156982422,216.6252899169922,-0.17436173558235168
fair_leg,validation,6,14,large_flex,69.71150207519531,199.98873901367188,-0.3485770523548126
fair_leg,validation,6,15,pv_battery,53.81438064575195,80.76419067382812,-0.6663151383399963
fair_leg,validation,6,16,pv_battery,63.955726623535156,81.23686218261719,-0.7872747778892517
fair_leg,validation,6,17,large_flex,50.06874465942383,229.7265167236328,-0.21794943511486053
fair_leg,validation,7,0,tenant,-13.148189544677734,59.53289031982422,0.2208559215068817
fair_leg,validation,7,1,tenant,-15.002120971679688,67.27177429199219,0.2230077087879181
fair_leg,validation,7,2,tenant,-12.61210823059082,55.9511604309082,0.22541286051273346
fair_leg,validation,7,3,tenant,-12.488616943359375,56.29400634765625,0.22184614837169647
fair_leg,validation,7,4,tenant,-15.4027738571167,69.76871490478516,0.220769003033638
fair_leg,validation,7,5,tenant,-13.81828498840332,62.13036346435547,0.22240781784057617
fair_leg,validation,7,6,pv_only,-2.0691275596618652,78.40585327148438,0.026389971375465393
fair_leg,validation,7,7,pv_battery,-4.133074760437012,88.22730255126953,0.04684578254818916
fair_leg,validation,7,8,pv_battery,48.90842819213867,81.65179443359375,-0.598987877368927
fair_leg,validation,7,9,pv_battery,68.0145263671875,80.47213745117188,-0.8451935648918152
fair_leg,validation,7,10,pv_only,8.132102966308594,72.28105163574219,-0.1125066950917244
fair_leg,validation,7,11,pv_battery,28.115589141845703,78.58164978027344,-0.3577883839607239
fair_leg,validation,7,12,large_flex,27.50092887878418,227.33767700195312,-0.12096951901912689
fair_leg,validation,7,13,large_flex,-0.8465442657470703,218.08721923828125,0.0038816845044493675
fair_leg,validation,7,14,large_flex,64.38491821289062,224.78585815429688,-0.28642770648002625
fair_leg,validation,7,15,pv_battery,55.40626907348633,81.4078598022461,-0.6806009411811829
fair_leg,validation,7,16,pv_battery,53.1003532409668,77.24151611328125,-0.6874587535858154
fair_leg,validation,7,17,large_flex,-2.481853485107422,233.0989532470703,0.010647195391356945
export_30kw_0.05,validation,0,0,tenant,-11.895967483520508,63.256629943847656,0.18805883824825287
export_30kw_0.05,validation,0,1,tenant,-12.251434326171875,65.01628112792969,0.1884363740682602
export_30kw_0.05,validation,0,2,tenant,-13.010387420654297,68.85164642333984,0.1889626532793045
export_30kw_0.05,validation,0,3,tenant,-9.639840126037598,53.06748580932617,0.18165239691734314
export_30kw_0.05,validation,0,4,tenant,-11.833178520202637,62.4814567565918,0.18938696384429932
export_30kw_0.05,validation,0,5,tenant,-12.132758140563965,63.9527702331543,0.18971429765224457
export_30kw_0.05,validation,0,6,pv_only,0.7004626989364624,82.06903839111328,-0.008535053580999374
export_30kw_0.05,validation,0,7,pv_battery,25.866779327392578,86.5527114868164,-0.298855721950531
export_30kw_0.05,validation,0,8,pv_battery,38.07950210571289,80.56747436523438,-0.472641259431839
export_30kw_0.05,validation,0,9,pv_battery,45.865806579589844,84.03340148925781,-0.5458046793937683
export_30kw_0.05,validation,0,10,pv_only,-5.869442939758301,84.14382934570312,0.06975482404232025
export_30kw_0.05,validation,0,11,pv_battery,41.41692352294922,92.43013000488281,-0.448089063167572
export_30kw_0.05,validation,0,12,large_flex,-17.682327270507812,230.11929321289062,0.07683980464935303
export_30kw_0.05,validation,0,13,large_flex,36.75066375732422,208.2650146484375,-0.17646096646785736
export_30kw_0.05,validation,0,14,large_flex,37.95204162597656,207.89930725097656,-0.18255005776882172
export_30kw_0.05,validation,0,15,pv_battery,31.980667114257812,72.11612701416016,-0.443460613489151
export_30kw_0.05,validation,0,16,pv_battery,44.38487243652344,82.88167572021484,-0.5355213284492493
export_30kw_0.05,validation,0,17,large_flex,10.086265563964844,199.26376342773438,-0.05061763525009155
export_30kw_0.05,validation,1,0,tenant,-11.790063858032227,62.609100341796875,0.18831230700016022
export_30kw_0.05,validation,1,1,tenant,-13.436494827270508,70.07598114013672,0.1917419582605362
export_30kw_0.05,validation,1,2,tenant,-11.606086730957031,62.185245513916016,0.1866372674703598
export_30kw_0.05,validation,1,3,tenant,-12.71766471862793,66.8858413696289,0.19013993442058563
export_30kw_0.05,validation,1,4,tenant,-12.269943237304688,63.95261001586914,0.1918598860502243
export_30kw_0.05,validation,1,5,tenant,-10.502735137939453,56.10432815551758,0.18720005452632904
export_30kw_0.05,validation,1,6,pv_only,33.89949035644531,80.04058837890625,-0.4235289990901947
export_30kw_0.05,validation,1,7,pv_battery,7.8274245262146,87.52914428710938,-0.08942646533250809
export_30kw_0.05,validation,1,8,pv_battery,8.235210418701172,82.78816223144531,-0.09947330504655838
export_30kw_0.05,validation,1,9,pv_battery,16.93752098083496,87.03486633300781,-0.19460618495941162
export_30kw_0.05,validation,1,10,pv_only,15.415356636047363,96.53172302246094,-0.1596921682357788
export_30kw_0.05,validation,1,11,pv_battery,52.2767448425293,86.29106140136719,-0.6058191061019897
export_30kw_0.05,validation,1,12,large_flex,-19.283615112304688,209.00732421875,0.09226289391517639
export_30kw_0.05,validation,1,13,large_flex,30.136547088623047,215.46754455566406,-0.13986581563949585
export_30kw_0.05,validation,1,14,large_flex,46.65133285522461,205.94480895996094,-0.22652339935302734
export_30kw_0.05,validation,1,15,pv_battery,36.68903350830078,79.95680236816406,-0.4588608741760254
export_30kw_0.05,validation,1,16,pv_battery,0.8353842496871948,84.4518051147461,-0.009891852736473083
export_30kw_0.05,validation,1,17,large_flex,49.536624908447266,215.06895446777344,-0.23032903671264648
export_30kw_0.05,validation,2,0,tenant,-8.218246459960938,59.15785217285156,0.1389206498861313
export_30kw_0.05,validation,2,1,tenant,-9.407673835754395,65.2469482421875,0.14418557286262512
export_30kw_0.05,validation,2,2,tenant,-9.361064910888672,64.70036315917969,0.1446833312511444
export_30kw_0.05,validation,2,3,tenant,-10.095807075500488,67.90006256103516,0.1486862450838089
export_30kw_0.05,validation,2,4,tenant,-8.613330841064453,61.69146728515625,0.13961951434612274
export_30kw_0.05,validation,2,5,tenant,-9.455324172973633,65.1369857788086,0.14516068994998932
export_30kw_0.05,validation,2,6,pv_only,11.761736869812012,79.59252166748047,-0.1477743685245514
export_30kw_0.05,validation,2,7,pv_battery,34.174476623535156,82.44232940673828,-0.41452574729919434
export_30kw_0.05,validation,2,8,pv_battery,37.012939453125,88.63338470458984,-0.41759592294692993
export_30kw_0.05,validation,2,9,pv_battery,44.76179504394531,83.414794921875,-0.5366169810295105
export_30kw_0.05,validation,2,10,pv_only,36.791526794433594,88.67477416992188,-0.4149043560028076
export_30kw_0.05,validation,2,11,pv_battery,5.505815505981445,81.03462219238281,-0.0679439976811409
export_30kw_0.05,validation,2,12,large_flex,39.75303649902344,239.3982696533203,-0.16605396568775177
export_30kw_0.05,validation,2,13,large_flex,41.49584197998047,214.72161865234375,-0.1932540386915207
export_30kw_0.05,validation,2,14,large_flex,30.137409210205078,230.87008666992188,-0.13053837418556213
export_30kw_0.05,validation,2,15,pv_battery,46.8066291809082,95.50543212890625,-0.49009400606155396
export_30kw_0.05,validation,2,16,pv_battery,22.49648094177246,87.44998931884766,-0.2572495937347412
export_30kw_0.05,validation,2,17,large_flex,18.56713104248047,195.5465545654297,-0.09494990110397339
export_30kw_0.05,validation,3,0,tenant,-7.661369323730469,58.59726333618164,0.13074620068073273
export_30kw_0.05,validation,3,1,tenant,-6.631399154663086,53.91218948364258,0.12300368398427963
export_30kw_0.05,validation,3,2,tenant,-9.669853210449219,67.8530502319336,0.14251169562339783
export_30kw_0.05,validation,3,3,tenant,-9.434794425964355,67.3963623046875,0.1399896740913391
export_30kw_0.05,validation,3,4,tenant,-9.387682914733887,66.50166320800781,0.14116473495960236
export_30kw_0.05,validation,3,5,tenant,-9.235040664672852,65.81591033935547,0.14031633734703064
export_30kw_0.05,validation,3,6,pv_only,11.493274688720703,76.09394073486328,-0.15104052424430847
export_30kw_0.05,validation,3,7,pv_battery,52.169315338134766,78.63816833496094,-0.6634096503257751
export_30kw_0.05,validation,3,8,pv_battery,45.00591278076172,79.33293914794922,-0.5673045516014099
export_30kw_0.05,validation,3,9,pv_battery,48.47341537475586,88.96942901611328,-0.5448322892189026
export_30kw_0.05,validation,3,10,pv_only,27.94740867614746,84.82926940917969,-0.3294549882411957
export_30kw_0.05,validation,3,11,pv_battery,32.840904235839844,75.205078125,-0.43668487668037415
export_30kw_0.05,validation,3,12,large_flex,33.2841682434082,215.21572875976562,-0.1546548455953598
export_30kw_0.05,validation,3,13,large_flex,46.61044692993164,211.53811645507812,-0.22034068405628204
export_30kw_0.05,validation,3,14,large_flex,7.743804931640625,209.2581024169922,-0.03700600564479828
export_30kw_0.05,validation,3,15,pv_battery,49.12544250488281,76.23827362060547,-0.6443673372268677
export_30kw_0.05,validation,3,16,pv_battery,9.590470314025879,80.1248550415039,-0.1196940466761589
export_30kw_0.05,validation,3,17,large_flex,2.016723155975342,218.67652893066406,-0.009222406893968582
export_30kw_0.05,validation,4,0,tenant,-9.582695007324219,66.33662414550781,0.14445552229881287
export_30kw_0.05,validation,4,1,tenant,-8.223555564880371,60.2364501953125,0.13652126491069794
export_30kw_0.05,validation,4,2,tenant,-9.874584197998047,67.95689392089844,0.1453065574169159
export_30kw_0.05,validation,4,3,tenant,-8.6941499710083,62.11300277709961,0.13997319340705872
export_30kw_0.05,validation,4,4,tenant,-9.208690643310547,64.41056060791016,0.14296859502792358
export_30kw_0.05,validation,4,5,tenant,-8.603460311889648,62.05414581298828,0.13864435255527496
export_30kw_0.05,validation,4,6,pv_only,7.565587997436523,85.09870910644531,-0.08890367299318314
export_30kw_0.05,validation,4,7,pv_battery,27.726158142089844,72.64412689208984,-0.3816710114479065
export_30kw_0.05,validation,4,8,pv_battery,41.738685607910156,87.39320373535156,-0.4775964319705963
export_30kw_0.05,validation,4,9,pv_battery,36.254981994628906,70.40589141845703,-0.5149424076080322
export_30kw_0.05,validation,4,10,pv_only,31.571929931640625,75.73416137695312,-0.41687843203544617
export_30kw_0.05,validation,4,11,pv_battery,11.783285140991211,78.40057373046875,-0.1502959281206131
export_30kw_0.05,validation,4,12,large_flex,50.92832946777344,216.10569763183594,-0.2356639951467514
export_30kw_0.05,validation,4,13,large_flex,9.818962097167969,195.37832641601562,-0.0502561591565609
export_30kw_0.05,validation,4,14,large_flex,25.1090145111084,225.06564331054688,-0.11156302690505981
export_30kw_0.05,validation,4,15,pv_battery,49.60352325439453,85.2679214477539,-0.5817375183105469
export_30kw_0.05,validation,4,16,pv_battery,35.778053283691406,74.8013687133789,-0.4783075153827667
export_30kw_0.05,validation,4,17,large_flex,40.929931640625,224.44488525390625,-0.18236073851585388
export_30kw_0.05,validation,5,0,tenant,-9.076528549194336,60.97385025024414,0.14885935187339783
export_30kw_0.05,validation,5,1,tenant,-9.676471710205078,64.33060455322266,0.15041784942150116
export_30kw_0.05,validation,5,2,tenant,-10.186445236206055,66.09261322021484,0.15412385761737823
export_30kw_0.05,validation,5,3,tenant,-7.155374526977539,53.613704681396484,0.13346156477928162
export_30kw_0.05,validation,5,4,tenant,-9.871866226196289,64.44416046142578,0.15318487584590912
export_30kw_0.05,validation,5,5,tenant,-9.806279182434082,64.99906921386719,0.1508679986000061
export_30kw_0.05,validation,5,6,pv_only,22.545482635498047,88.69921112060547,-0.2541790008544922
export_30kw_0.05,validation,5,7,pv_battery,50.347869873046875,89.49531555175781,-0.5625754594802856
export_30kw_0.05,validation,5,8,pv_battery,23.41120147705078,76.76554870605469,-0.3049701154232025
export_30kw_0.05,validation,5,9,pv_battery,14.474308967590332,75.94456481933594,-0.19059045612812042
export_30kw_0.05,validation,5,10,pv_only,34.31659698486328,92.93466186523438,-0.3692549169063568
export_30kw_0.05,validation,5,11,pv_battery,15.497942924499512,83.95079040527344,-0.18460741639137268
export_30kw_0.05,validation,5,12,large_flex,33.18879699707031,202.6458282470703,-0.16377736628055573
export_30kw_0.05,validation,5,13,large_flex,36.71749496459961,210.4336700439453,-0.17448490858078003
export_30kw_0.05,validation,5,14,large_flex,10.557218551635742,209.6605987548828,-0.05035385116934776
export_30kw_0.05,validation,5,15,pv_battery,23.01529884338379,80.13607025146484,-0.28720274567604065
export_30kw_0.05,validation,5,16,pv_battery,53.03237533569336,87.22975158691406,-0.6079618334770203
export_30kw_0.05,validation,5,17,large_flex,45.513275146484375,192.84347534179688,-0.23601149022579193
export_30kw_0.05,validation,6,0,tenant,-5.440001010894775,64.91349792480469,0.08380383253097534
export_30kw_0.05,validation,6,1,tenant,-5.118288516998291,63.532413482666016,0.08056184649467468
export_30kw_0.05,validation,6,2,tenant,-4.212794303894043,59.08380889892578,0.07130201905965805
export_30kw_0.05,validation,6,3,tenant,-5.115289211273193,63.11469650268555,0.08104748278856277
export_30kw_0.05,validation,6,4,tenant,-4.552084922790527,60.66307830810547,0.07503880560398102
export_30kw_0.05,validation,6,5,tenant,-4.701902866363525,62.213218688964844,0.07557720690965652
export_30kw_0.05,validation,6,6,pv_only,4.363188743591309,81.61064910888672,-0.05346346274018288
export_30kw_0.05,validation,6,7,pv_battery,39.43660354614258,86.4236831665039,-0.4563172161579132
export_30kw_0.05,validation,6,8,pv_battery,35.78467559814453,78.5420150756836,-0.45561203360557556
export_30kw_0.05,validation,6,9,pv_battery,46.928375244140625,87.92286682128906,-0.533744752407074
export_30kw_0.05,validation,6,10,pv_only,20.478172302246094,79.1370849609375,-0.25876834988594055
export_30kw_0.05,validation,6,11,pv_battery,41.32864761352539,83.1150894165039,-0.4972461462020874
export_30kw_0.05,validation,6,12,large_flex,46.66473388671875,191.13111877441406,-0.24415047466754913
export_30kw_0.05,validation,6,13,large_flex,34.37148666381836,216.6252899169922,-0.15866795182228088
export_30kw_0.05,validation,6,14,large_flex,57.444217681884766,199.9887237548828,-0.2872372567653656
export_30kw_0.05,validation,6,15,pv_battery,46.95655059814453,80.76419067382812,-0.5814031362533569
export_30kw_0.05,validation,6,16,pv_battery,54.26780319213867,81.23686218261719,-0.6680194139480591
export_30kw_0.05,validation,6,17,large_flex,43.76393508911133,229.7265167236328,-0.19050447642803192
export_30kw_0.05,validation,7,0,tenant,-9.4900541305542,59.53289031982422,0.15940867364406586
export_30kw_0.05,validation,7,1,tenant,-11.343916893005371,67.27177429199219,0.16862812638282776
export_30kw_0.05,validation,7,2,tenant,-8.954042434692383,55.9511604309082,0.16003331542015076
export_30kw_0.05,validation,7,3,tenant,-8.830755233764648,56.29400634765625,0.15686842799186707
export_30kw_0.05,validation,7,4,tenant,-11.74468994140625,69.76871490478516,0.16833743453025818
export_30kw_0.05,validation,7,5,tenant,-10.160040855407715,62.13036346435547,0.16352775692939758
export_30kw_0.05,validation,7,6,pv_only,0.2063007950782776,78.40585327148438,-0.0026311755646020174
export_30kw_0.05,validation,7,7,pv_battery,-1.0518734455108643,88.22730255126953,0.011922279372811317
export_30kw_0.05,validation,7,8,pv_battery,44.64512252807617,81.65179443359375,-0.5467744469642639
export_30kw_0.05,validation,7,9,pv_battery,60.86304473876953,80.47213745117188,-0.7563244700431824
export_30kw_0.05,validation,7,10,pv_only,8.841142654418945,72.28105163574219,-0.12231620401144028
export_30kw_0.05,validation,7,11,pv_battery,26.238788604736328,78.58164978027344,-0.333904892206192
export_30kw_0.05,validation,7,12,large_flex,24.678592681884766,227.33767700195312,-0.10855481028556824
export_30kw_0.05,validation,7,13,large_flex,1.4623093605041504,218.08721923828125,-0.006705157924443483
export_30kw_0.05,validation,7,14,large_flex,56.36467361450195,224.78585815429688,-0.2507484257221222
export_30kw_0.05,validation,7,15,pv_battery,49.769874572753906,81.4078598022461,-0.6113644242286682
export_30kw_0.05,validation,7,16,pv_battery,47.40580368041992,77.24150848388672,-0.6137348413467407
export_30kw_0.05,validation,7,17,large_flex,1.3344831466674805,233.0989532470703,-0.005724971182644367
export_30kw_0.15,validation,0,0,tenant,-7.762463092803955,63.256629943847656,0.12271390110254288
export_30kw_0.15,validation,0,1,tenant,-8.117958068847656,65.01628112792969,0.12486040592193604
export_30kw_0.15,validation,0,2,tenant,-8.876842498779297,68.85164642333984,0.12892712652683258
export_30kw_0.15,validation,0,3,tenant,-5.50636100769043,53.06748580932617,0.10376147925853729
export_30kw_0.15,validation,0,4,tenant,-7.699760913848877,62.4814567565918,0.12323271483182907
export_30kw_0.15,validation,0,5,tenant,-7.999152660369873,63.9527702331543,0.12507906556129456
export_30kw_0.15,validation,0,6,pv_only,2.674100160598755,82.06903839111328,-0.03258354589343071
export_30kw_0.15,validation,0,7,pv_battery,23.652587890625,86.5527114868164,-0.27327391505241394
export_30kw_0.15,validation,0,8,pv_battery,33.83584976196289,80.56747436523438,-0.4199691414833069
export_30kw_0.15,validation,0,9,pv_battery,39.83628463745117,84.03340148925781,-0.47405290603637695
export_30kw_0.15,validation,0,10,pv_only,-2.667985439300537,84.14382934570312,0.03170744702219963
export_30kw_0.15,validation,0,11,pv_battery,35.78639221191406,92.43013763427734,-0.3871723413467407
export_30kw_0.15,validation,0,12,large_flex,-13.5200777053833,230.11929321289062,0.05875242501497269
export_30kw_0.15,validation,0,13,large_flex,32.48453140258789,208.2650146484375,-0.15597690641880035
export_30kw_0.15,validation,0,14,large_flex,33.12032699584961,207.89930725097656,-0.1593094766139984
export_30kw_0.15,validation,0,15,pv_battery,29.13793182373047,72.11612701416016,-0.40404176712036133
export_30kw_0.15,validation,0,16,pv_battery,38.2370719909668,82.88166809082031,-0.46134525537490845
export_30kw_0.15,validation,0,17,large_flex,12.301291465759277,199.26376342773438,-0.06173372641205788
export_30kw_0.15,validation,1,0,tenant,-7.84230375289917,62.609100341796875,0.12525823712348938
export_30kw_0.15,validation,1,1,tenant,-9.48872184753418,70.07598114013672,0.13540619611740112
export_30kw_0.15,validation,1,2,tenant,-7.658298969268799,62.185245513916016,0.1231529489159584
export_30kw_0.15,validation,1,3,tenant,-8.769903182983398,66.8858413696289,0.13111743330955505
export_30kw_0.15,validation,1,4,tenant,-8.32217025756836,63.95261001586914,0.13013020157814026
export_30kw_0.15,validation,1,5,tenant,-6.554964065551758,56.10432815551758,0.11683529615402222
export_30kw_0.15,validation,1,6,pv_only,29.267669677734375,80.04058837890625,-0.3656603991985321
export_30kw_0.15,validation,1,7,pv_battery,10.0814208984375,87.52914428710938,-0.11517785489559174
export_30kw_0.15,validation,1,8,pv_battery,9.252944946289062,82.78816223144531,-0.11176655441522598
export_30kw_0.15,validation,1,9,pv_battery,18.003677368164062,87.03486633300781,-0.20685601234436035
export_30kw_0.15,validation,1,10,pv_only,14.503934860229492,96.53172302246094,-0.1502504050731659
export_30kw_0.15,validation,1,11,pv_battery,44.84169006347656,86.29106140136719,-0.519656240940094
export_30kw_0.15,validation,1,12,large_flex,-15.450385093688965,209.00732421875,0.07392270863056183
export_30kw_0.15,validation,1,13,large_flex,26.925094604492188,215.46754455566406,-0.12496127188205719
export_30kw_0.15,validation,1,14,large_flex,39.08088684082031,205.94480895996094,-0.18976391851902008
export_30kw_0.15,validation,1,15,pv_battery,32.019554138183594,79.95680236816406,-0.4004605710506439
export_30kw_0.15,validation,1,16,pv_battery,4.202647686004639,84.4518051147461,-0.04976385459303856
export_30kw_0.15,validation,1,17,large_flex,42.15024948120117,215.06895446777344,-0.1959848403930664
export_30kw_0.15,validation,2,0,tenant,2.07004714012146,59.15785217285156,-0.034991923719644547
export_30kw_0.15,validation,2,1,tenant,0.8806197643280029,65.2469482421875,-0.013496723026037216
export_30kw_0.15,validation,2,2,tenant,0.9272281527519226,64.70036315917969,-0.014331098645925522
export_30kw_0.15,validation,2,3,tenant,0.19248640537261963,67.90006256103516,-0.002834851387888193
export_30kw_0.15,validation,2,4,tenant,1.674961805343628,61.69146728515625,-0.027150630950927734
export_30kw_0.15,validation,2,5,tenant,0.8329687714576721,65.1369857788086,-0.012787950225174427
export_30kw_0.15,validation,2,6,pv_only,13.598535537719727,79.59252166748047,-0.1708519160747528
export_30kw_0.15,validation,2,7,pv_battery,28.637264251708984,82.44232940673828,-0.34736111760139465
export_30kw_0.15,validation,2,8,pv_battery,29.849491119384766,88.63338470458984,-0.3367747962474823
export_30kw_0.15,validation,2,9,pv_battery,34.23524856567383,83.41477966308594,-0.410421758890152
export_30kw_0.15,validation,2,10,pv_only,26.96462631225586,88.67477416992188,-0.30408450961112976
export_30kw_0.15,validation,2,11,pv_battery,14.241872787475586,81.03462219238281,-0.17575043439865112
export_30kw_0.15,validation,2,12,large_flex,29.81218147277832,239.3982696533203,-0.124529629945755
export_30kw_0.15,validation,2,13,large_flex,29.89175796508789,214.72161865234375,-0.13921166956424713
export_30kw_0.15,validation,2,14,large_flex,23.642934799194336,230.87008666992188,-0.10240794718265533
export_30kw_0.15,validation,2,15,pv_battery,35.23167419433594,95.50543212890625,-0.36889684200286865
export_30kw_0.15,validation,2,16,pv_battery,22.419282913208008,87.44998931884766,-0.25636690855026245
export_30kw_0.15,validation,2,17,large_flex,18.773462295532227,195.5465545654297,-0.09600509703159332
export_30kw_0.15,validation,3,0,tenant,3.2297611236572266,58.59726333618164,-0.05511794611811638
export_30kw_0.15,validation,3,1,tenant,4.259731769561768,53.91218948364258,-0.07901237159967422
export_30kw_0.15,validation,3,2,tenant,1.2212767601013184,67.8530502319336,-0.01799885183572769
export_30kw_0.15,validation,3,3,tenant,1.4563360214233398,67.3963623046875,-0.02160852588713169
export_30kw_0.15,validation,3,4,tenant,1.50344717502594,66.50166320800781,-0.022607658058404922
export_30kw_0.15,validation,3,5,tenant,1.6560888290405273,65.81591033935547,-0.02516244351863861
export_30kw_0.15,validation,3,6,pv_only,13.685452461242676,76.09394073486328,-0.17984935641288757
export_30kw_0.15,validation,3,7,pv_battery,36.77460479736328,78.63816833496094,-0.46764320135116577
export_30kw_0.15,validation,3,8,pv_battery,34.080787658691406,79.33293914794922,-0.4295918941497803
export_30kw_0.15,validation,3,9,pv_battery,34.502220153808594,88.96942901611328,-0.387798547744751
export_30kw_0.15,validation,3,10,pv_only,22.090970993041992,84.82926940917969,-0.26041683554649353
export_30kw_0.15,validation,3,11,pv_battery,27.032550811767578,75.205078125,-0.359451025724411
export_30kw_0.15,validation,3,12,large_flex,27.524578094482422,215.21572875976562,-0.12789297103881836
export_30kw_0.15,validation,3,13,large_flex,32.17735290527344,211.53811645507812,-0.15211142599582672
export_30kw_0.15,validation,3,14,large_flex,14.207664489746094,209.2581024169922,-0.06789542734622955
export_30kw_0.15,validation,3,15,pv_battery,34.83545684814453,76.23827362060547,-0.45692887902259827
export_30kw_0.15,validation,3,16,pv_battery,16.414443969726562,80.1248550415039,-0.2048608660697937
export_30kw_0.15,validation,3,17,large_flex,7.1372761726379395,218.67652893066406,-0.032638512551784515
export_30kw_0.15,validation,4,0,tenant,0.7192895412445068,66.33662414550781,-0.010843046009540558
export_30kw_0.15,validation,4,1,tenant,2.078306198120117,60.2364501953125,-0.034502483904361725
export_30kw_0.15,validation,4,2,tenant,0.42729753255844116,67.95689392089844,-0.006287768948823214
export_30kw_0.15,validation,4,3,tenant,1.6077100038528442,62.11300277709961,-0.02588365226984024
export_30kw_0.15,validation,4,4,tenant,1.0932044982910156,64.41056060791016,-0.01697244495153427
export_30kw_0.15,validation,4,5,tenant,1.6983283758163452,62.05414581298828,-0.02736848220229149
export_30kw_0.15,validation,4,6,pv_only,10.693853378295898,85.09870910644531,-0.12566420435905457
export_30kw_0.15,validation,4,7,pv_battery,25.823671340942383,72.64412689208984,-0.35548192262649536
export_30kw_0.15,validation,4,8,pv_battery,31.019699096679688,87.39320373535156,-0.3549440801143646
export_30kw_0.15,validation,4,9,pv_battery,31.669401168823242,70.40589141845703,-0.4498118460178375
export_30kw_0.15,validation,4,10,pv_only,23.820419311523438,75.73416137695312,-0.3145267963409424
export_30kw_0.15,validation,4,11,pv_battery,18.14719009399414,78.40057373046875,-0.23146750032901764
export_30kw_0.15,validation,4,12,large_flex,33.702369689941406,216.10569763183594,-0.15595321357250214
export_30kw_0.15,validation,4,13,large_flex,13.590191841125488,195.37832641601562,-0.06955836713314056
export_30kw_0.15,validation,4,14,large_flex,23.316181182861328,225.06564331054688,-0.1035972461104393
export_30kw_0.15,validation,4,15,pv_battery,35.56249237060547,85.2679214477539,-0.41706761717796326
export_30kw_0.15,validation,4,16,pv_battery,28.783117294311523,74.80137634277344,-0.38479384779930115
export_30kw_0.15,validation,4,17,large_flex,29.468292236328125,224.44488525390625,-0.1312941461801529
export_30kw_0.15,validation,5,0,tenant,0.11007142066955566,60.97385025024414,-0.0018052203813567758
export_30kw_0.15,validation,5,1,tenant,-0.489871621131897,64.33060455322266,0.007614911999553442
export_30kw_0.15,validation,5,2,tenant,-0.9998447895050049,66.09261322021484,0.015127941966056824
export_30kw_0.15,validation,5,3,tenant,2.0312254428863525,53.613704681396484,-0.037886280566453934
export_30kw_0.15,validation,5,4,tenant,-0.6852667331695557,64.44416046142578,0.010633526369929314
export_30kw_0.15,validation,5,5,tenant,-0.6196794509887695,64.99906921386719,0.009533674456179142
export_30kw_0.15,validation,5,6,pv_only,18.505369186401367,88.69921112060547,-0.2086305022239685
export_30kw_0.15,validation,5,7,pv_battery,36.73276138305664,89.49531555175781,-0.4104433059692383
export_30kw_0.15,validation,5,8,pv_battery,23.196887969970703,76.76554870605469,-0.302178293466568
export_30kw_0.15,validation,5,9,pv_battery,18.096763610839844,75.94456481933594,-0.23828919231891632
export_30kw_0.15,validation,5,10,pv_only,25.512603759765625,92.93466186523438,-0.27452194690704346
export_30kw_0.15,validation,5,11,pv_battery,18.250804901123047,83.95079040527344,-0.21739889681339264
export_30kw_0.15,validation,5,12,large_flex,25.406784057617188,202.6458282470703,-0.12537527084350586
export_30kw_0.15,validation,5,13,large_flex,28.24302101135254,210.4336700439453,-0.1342134177684784
export_30kw_0.15,validation,5,14,large_flex,16.11212158203125,209.6605987548828,-0.07684864848852158
export_30kw_0.15,validation,5,15,pv_battery,21.349021911621094,80.13607025146484,-0.2664097249507904
export_30kw_0.15,validation,5,16,pv_battery,39.339805603027344,87.22976684570312,-0.4509904682636261
export_30kw_0.15,validation,5,17,large_flex,35.04344177246094,192.84347534179688,-0.1817195564508438
export_30kw_0.15,validation,6,0,tenant,12.452898979187012,64.91349792480469,-0.1918383240699768
export_30kw_0.15,validation,6,1,tenant,12.774612426757812,63.532413482666016,-0.20107236504554749
export_30kw_0.15,validation,6,2,tenant,13.680105209350586,59.08380889892578,-0.2315373420715332
export_30kw_0.15,validation,6,3,tenant,12.777609825134277,63.11469650268555,-0.2024504840373993
export_30kw_0.15,validation,6,4,tenant,13.340813636779785,60.66307830810547,-0.21991655230522156
export_30kw_0.15,validation,6,5,tenant,13.190996170043945,62.213218688964844,-0.21202890574932098
export_30kw_0.15,validation,6,6,pv_only,16.85658836364746,81.61064910888672,-0.206548810005188
export_30kw_0.15,validation,6,7,pv_battery,31.39019775390625,86.4236831665039,-0.36321282386779785
export_30kw_0.15,validation,6,8,pv_battery,31.521175384521484,78.5420150756836,-0.40132877230644226
export_30kw_0.15,validation,6,9,pv_battery,33.661224365234375,87.92286682128906,-0.38284945487976074
export_30kw_0.15,validation,6,10,pv_only,21.600627899169922,79.1370849609375,-0.27295178174972534
export_30kw_0.15,validation,6,11,pv_battery,32.72343063354492,83.1150894165039,-0.39371219277381897
export_30kw_0.15,validation,6,12,large_flex,32.192527770996094,191.13111877441406,-0.16843165457248688
export_30kw_0.15,validation,6,13,large_flex,28.124958038330078,216.6252899169922,-0.12983229756355286
export_30kw_0.15,validation,6,14,large_flex,34.065948486328125,199.9887237548828,-0.17033928632736206
export_30kw_0.15,validation,6,15,pv_battery,33.305572509765625,80.76419067382812,-0.41238024830818176
export_30kw_0.15,validation,6,16,pv_battery,35.1546516418457,81.23686218261719,-0.43274256587028503
export_30kw_0.15,validation,6,17,large_flex,31.82601547241211,229.7265167236328,-0.1385386884212494
export_30kw_0.15,validation,7,0,tenant,-2.638655185699463,59.53289031982422,0.04432261735200882
export_30kw_0.15,validation,7,1,tenant,-4.492428779602051,67.27177429199219,0.06678029894828796
export_30kw_0.15,validation,7,2,tenant,-2.10255765914917,55.9511604309082,0.03757847473025322
export_30kw_0.15,validation,7,3,tenant,-1.9794361591339111,56.29400634765625,0.03516243398189545
export_30kw_0.15,validation,7,4,tenant,-4.893278121948242,69.76871490478516,0.07013574987649918
export_30kw_0.15,validation,7,5,tenant,-3.3086018562316895,62.13036346435547,0.05325261503458023
export_30kw_0.15,validation,7,6,pv_only,4.497676372528076,78.40585327148438,-0.05736404284834862
export_30kw_0.15,validation,7,7,pv_battery,4.869476318359375,88.22730255126953,-0.05519241839647293
export_30kw_0.15,validation,7,8,pv_battery,36.840614318847656,81.65179443359375,-0.45119157433509827
export_30kw_0.15,validation,7,9,pv_battery,48.46821975708008,80.47213745117188,-0.6022981405258179
export_30kw_0.15,validation,7,10,pv_only,10.058015823364258,72.28105163574219,-0.13915148377418518
export_30kw_0.15,validation,7,11,pv_battery,23.06551170349121,78.58164978027344,-0.29352283477783203
export_30kw_0.15,validation,7,12,large_flex,19.12150001525879,227.33767700195312,-0.0841105729341507
export_30kw_0.15,validation,7,13,large_flex,5.992783546447754,218.08721923828125,-0.027478845790028572
export_30kw_0.15,validation,7,14,large_flex,43.76948547363281,224.78585815429688,-0.19471639394760132
export_30kw_0.15,validation,7,15,pv_battery,39.17804718017578,81.4078598022461,-0.4812561869621277
export_30kw_0.15,validation,7,16,pv_battery,37.12705993652344,77.24150848388672,-0.4806618392467499
export_30kw_0.15,validation,7,17,large_flex,6.00942325592041,233.0989532470703,-0.0257805697619915
export_30kw_0.3,validation,0,0,tenant,-13.31399154663086,63.256629943847656,0.21047580242156982
export_30kw_0.3,validation,0,1,tenant,-13.669486045837402,65.01628112792969,0.21024711430072784
export_30kw_0.3,validation,0,2,tenant,-14.42837142944336,68.85164642333984,0.2095573991537094
export_30kw_0.3,validation,0,3,tenant,-11.057889938354492,53.06748580932617,0.2083740383386612
export_30kw_0.3,validation,0,4,tenant,-13.251289367675781,62.4814567565918,0.21208356320858002
export_30kw_0.3,validation,0,5,tenant,-13.550681114196777,63.9527702331543,0.21188564598560333
export_30kw_0.3,validation,0,6,pv_only,-0.34117817878723145,82.06903839111328,0.004157204180955887
export_30kw_0.3,validation,0,7,pv_battery,23.6798038482666,86.5527114868164,-0.2735881805419922
export_30kw_0.3,validation,0,8,pv_battery,33.188106536865234,80.56747436523438,-0.41192948818206787
export_30kw_0.3,validation,0,9,pv_battery,35.869285583496094,84.03340911865234,-0.4268453121185303
export_30kw_0.3,validation,0,10,pv_only,-7.197736740112305,84.14382934570312,0.08554092794656754
export_30kw_0.3,validation,0,11,pv_battery,33.3979377746582,92.43013000488281,-0.361331582069397
export_30kw_0.3,validation,0,12,large_flex,-18.539682388305664,230.11929321289062,0.08056547492742538
export_30kw_0.3,validation,0,13,large_flex,26.68699073791504,208.2650146484375,-0.12813958525657654
export_30kw_0.3,validation,0,14,large_flex,30.009883880615234,207.89930725097656,-0.14434814453125
export_30kw_0.3,validation,0,15,pv_battery,29.643342971801758,72.11612701416016,-0.41105011105537415
export_30kw_0.3,validation,0,16,pv_battery,33.675662994384766,82.88166809082031,-0.406310111284256
export_30kw_0.3,validation,0,17,large_flex,9.258502006530762,199.26376342773438,-0.046463560312986374
export_30kw_0.3,validation,1,0,tenant,-13.671518325805664,62.609100341796875,0.21836309134960175
export_30kw_0.3,validation,1,1,tenant,-15.317934036254883,70.07598114013672,0.21859048306941986
export_30kw_0.3,validation,1,2,tenant,-13.487513542175293,62.185245513916016,0.21689236164093018
export_30kw_0.3,validation,1,3,tenant,-14.599117279052734,66.8858413696289,0.21826927363872528
export_30kw_0.3,validation,1,4,tenant,-14.151384353637695,63.95261001586914,0.22127920389175415
export_30kw_0.3,validation,1,5,tenant,-12.384178161621094,56.10432815551758,0.22073480486869812
export_30kw_0.3,validation,1,6,pv_only,26.128938674926758,80.04058837890625,-0.3264460563659668
export_30kw_0.3,validation,1,7,pv_battery,6.761775970458984,87.52914428710938,-0.07725167274475098
export_30kw_0.3,validation,1,8,pv_battery,7.150441646575928,82.78816223144531,-0.0863703042268753
export_30kw_0.3,validation,1,9,pv_battery,15.484972953796387,87.03486633300781,-0.17791691422462463
export_30kw_0.3,validation,1,10,pv_only,12.598440170288086,96.53172302246094,-0.1305108219385147
export_30kw_0.3,validation,1,11,pv_battery,37.545928955078125,86.29106140136719,-0.4351080060005188
export_30kw_0.3,validation,1,12,large_flex,-20.822174072265625,209.00732421875,0.0996241420507431
export_30kw_0.3,validation,1,13,large_flex,24.3992862701416,215.46754455566406,-0.11323878914117813
export_30kw_0.3,validation,1,14,large_flex,33.688941955566406,205.94482421875,-0.16358229517936707
export_30kw_0.3,validation,1,15,pv_battery,31.155532836914062,79.95680236816406,-0.3896545469760895
export_30kw_0.3,validation,1,16,pv_battery,-0.5854881405830383,84.4518051147461,0.006932802964001894
export_30kw_0.3,validation,1,17,large_flex,35.572940826416016,215.06895446777344,-0.16540248692035675
export_30kw_0.3,validation,2,0,tenant,-8.742680549621582,59.15785217285156,0.14778569340705872
export_30kw_0.3,validation,2,1,tenant,-9.932107925415039,65.2469482421875,0.15222331881523132
export_30kw_0.3,validation,2,2,tenant,-9.885499954223633,64.70036315917969,0.15278899669647217
export_30kw_0.3,validation,2,3,tenant,-10.620241165161133,67.90006256103516,0.1564098298549652
export_30kw_0.3,validation,2,4,tenant,-9.137765884399414,61.69146728515625,0.14812041819095612
export_30kw_0.3,validation,2,5,tenant,-9.979759216308594,65.1369857788086,0.15321189165115356
export_30kw_0.3,validation,2,6,pv_only,7.234725475311279,79.59252166748047,-0.09089705348014832
export_30kw_0.3,validation,2,7,pv_battery,28.237163543701172,82.44232940673828,-0.3425080478191376
export_30kw_0.3,validation,2,8,pv_battery,30.169973373413086,88.63338470458984,-0.3403906524181366
export_30kw_0.3,validation,2,9,pv_battery,32.67620086669922,83.41477966308594,-0.39173147082328796
export_30kw_0.3,validation,2,10,pv_only,24.15872573852539,88.67478942871094,-0.2724418342113495
export_30kw_0.3,validation,2,11,pv_battery,4.559370994567871,81.03462219238281,-0.05626446381211281
export_30kw_0.3,validation,2,12,large_flex,28.261390686035156,239.3982696533203,-0.11805175989866257
export_30kw_0.3,validation,2,13,large_flex,30.993589401245117,214.72161865234375,-0.1443430632352829
export_30kw_0.3,validation,2,14,large_flex,19.037229537963867,230.87008666992188,-0.08245860040187836
export_30kw_0.3,validation,2,15,pv_battery,32.88438034057617,95.50543212890625,-0.3443194627761841
export_30kw_0.3,validation,2,16,pv_battery,17.30893325805664,87.44998931884766,-0.1979295313358307
export_30kw_0.3,validation,2,17,large_flex,14.652965545654297,195.5465545654297,-0.07493339478969574
export_30kw_0.3,validation,3,0,tenant,-9.143646240234375,58.59726333618164,0.15604212880134583
export_30kw_0.3,validation,3,1,tenant,-8.113676071166992,53.91218948364258,0.15049797296524048
export_30kw_0.3,validation,3,2,tenant,-11.152131080627441,67.8530502319336,0.16435708105564117
export_30kw_0.3,validation,3,3,tenant,-10.917072296142578,67.3963623046875,0.16198301315307617
export_30kw_0.3,validation,3,4,tenant,-10.86996078491211,66.50166320800781,0.16345398128032684
export_30kw_0.3,validation,3,5,tenant,-10.71731948852539,65.81591033935547,0.1628379076719284
export_30kw_0.3,validation,3,6,pv_only,9.225544929504395,76.09394073486328,-0.12123885005712509
export_30kw_0.3,validation,3,7,pv_battery,35.19102478027344,78.63816833496094,-0.4475054442882538
export_30kw_0.3,validation,3,8,pv_battery,32.293609619140625,79.33293914794922,-0.40706437826156616
export_30kw_0.3,validation,3,9,pv_battery,33.871185302734375,88.96942901611328,-0.3807060122489929
export_30kw_0.3,validation,3,10,pv_only,21.25448226928711,84.82926940917969,-0.25055596232414246
export_30kw_0.3,validation,3,11,pv_battery,26.53925895690918,75.205078125,-0.3528919517993927
export_30kw_0.3,validation,3,12,large_flex,27.391185760498047,215.21572875976562,-0.12727314233779907
export_30kw_0.3,validation,3,13,large_flex,33.11371994018555,211.53811645507812,-0.15653781592845917
export_30kw_0.3,validation,3,14,large_flex,5.507631778717041,209.2581024169922,-0.026319805532693863
export_30kw_0.3,validation,3,15,pv_battery,34.31955337524414,76.23827362060547,-0.4501616954803467
export_30kw_0.3,validation,3,16,pv_battery,6.818060874938965,80.1248550415039,-0.0850929394364357
export_30kw_0.3,validation,3,17,large_flex,-1.9360036849975586,218.67652893066406,0.008853289298713207
export_30kw_0.3,validation,4,0,tenant,-10.439504623413086,66.33662414550781,0.15737159550189972
export_30kw_0.3,validation,4,1,tenant,-9.080488204956055,60.2364501953125,0.15074749290943146
export_30kw_0.3,validation,4,2,tenant,-10.731496810913086,67.95689392089844,0.1579160839319229
export_30kw_0.3,validation,4,3,tenant,-9.5510835647583,62.11300277709961,0.15376950800418854
export_30kw_0.3,validation,4,4,tenant,-10.065589904785156,64.41056060791016,0.15627236664295197
export_30kw_0.3,validation,4,5,tenant,-9.460466384887695,62.05414581298828,0.15245495736598969
export_30kw_0.3,validation,4,6,pv_only,5.46693754196167,85.09870910644531,-0.06424229592084885
export_30kw_0.3,validation,4,7,pv_battery,21.80211639404297,72.64412689208984,-0.3001221716403961
export_30kw_0.3,validation,4,8,pv_battery,29.778709411621094,87.39320373535156,-0.34074392914772034
export_30kw_0.3,validation,4,9,pv_battery,24.665014266967773,70.40589141845703,-0.3503260314464569
export_30kw_0.3,validation,4,10,pv_only,23.13285255432129,75.73416900634766,-0.3054482638835907
export_30kw_0.3,validation,4,11,pv_battery,9.895243644714355,78.40057373046875,-0.12621386349201202
export_30kw_0.3,validation,4,12,large_flex,32.26653289794922,216.10569763183594,-0.14930906891822815
export_30kw_0.3,validation,4,13,large_flex,5.535419940948486,195.37832641601562,-0.028331799432635307
export_30kw_0.3,validation,4,14,large_flex,20.71868133544922,225.06564331054688,-0.09205621480941772
export_30kw_0.3,validation,4,15,pv_battery,32.539066314697266,85.2679214477539,-0.381609708070755
export_30kw_0.3,validation,4,16,pv_battery,28.73927879333496,74.80137634277344,-0.38420793414115906
export_30kw_0.3,validation,4,17,large_flex,29.292207717895508,224.44488525390625,-0.1305096447467804
export_30kw_0.3,validation,5,0,tenant,-9.602178573608398,60.97385025024414,0.15748023986816406
export_30kw_0.3,validation,5,1,tenant,-10.20212173461914,64.33060455322266,0.15858887135982513
export_30kw_0.3,validation,5,2,tenant,-10.712095260620117,66.09261322021484,0.1620771437883377
export_30kw_0.3,validation,5,3,tenant,-7.681024551391602,53.613704681396484,0.14326602220535278
export_30kw_0.3,validation,5,4,tenant,-10.397517204284668,64.44416046142578,0.16134150326251984
export_30kw_0.3,validation,5,5,tenant,-10.331929206848145,64.99906921386719,0.15895509719848633
export_30kw_0.3,validation,5,6,pv_only,18.59816551208496,88.69921112060547,-0.20967674255371094
export_30kw_0.3,validation,5,7,pv_battery,33.97219467163086,89.49533081054688,-0.3795975148677826
export_30kw_0.3,validation,5,8,pv_battery,21.357681274414062,76.76554870605469,-0.27821969985961914
export_30kw_0.3,validation,5,9,pv_battery,13.026408195495605,75.94456481933594,-0.17152521014213562
export_30kw_0.3,validation,5,10,pv_only,22.888877868652344,92.93466186523438,-0.24629010260105133
export_30kw_0.3,validation,5,11,pv_battery,12.86721420288086,83.95079040527344,-0.1532709300518036
export_30kw_0.3,validation,5,12,large_flex,24.891515731811523,202.6458282470703,-0.12283259630203247
export_30kw_0.3,validation,5,13,large_flex,28.274633407592773,210.4336700439453,-0.13436362147331238
export_30kw_0.3,validation,5,14,large_flex,9.098140716552734,209.6605987548828,-0.04339462146162987
export_30kw_0.3,validation,5,15,pv_battery,17.85166358947754,80.13607025146484,-0.22276687622070312
export_30kw_0.3,validation,5,16,pv_battery,34.88622283935547,87.22976684570312,-0.3999349772930145
export_30kw_0.3,validation,5,17,large_flex,30.16649627685547,192.84347534179688,-0.1564299762248993
export_30kw_0.3,validation,6,0,tenant,-2.8087973594665527,64.91349792480469,0.04326985403895378
export_30kw_0.3,validation,6,1,tenant,-2.4870848655700684,63.532413482666016,0.03914670646190643
export_30kw_0.3,validation,6,2,tenant,-1.5815907716751099,59.08380889892578,0.026768598705530167
export_30kw_0.3,validation,6,3,tenant,-2.48408579826355,63.11469650268555,0.03935828059911728
export_30kw_0.3,validation,6,4,tenant,-1.920882225036621,60.66307830810547,0.031664781272411346
export_30kw_0.3,validation,6,5,tenant,-2.070699691772461,62.213218688964844,0.033283911645412445
export_30kw_0.3,validation,6,6,pv_only,3.9069085121154785,81.61064910888672,-0.04787252098321915
export_30kw_0.3,validation,6,7,pv_battery,26.224185943603516,86.42369079589844,-0.30343741178512573
export_30kw_0.3,validation,6,8,pv_battery,24.67724609375,78.5420150756836,-0.3141915500164032
export_30kw_0.3,validation,6,9,pv_battery,27.9437255859375,87.92288208007812,-0.3178207278251648
export_30kw_0.3,validation,6,10,pv_only,13.572687149047852,79.1370849609375,-0.17150843143463135
export_30kw_0.3,validation,6,11,pv_battery,27.19717788696289,83.1150894165039,-0.327223002910614
export_30kw_0.3,validation,6,12,large_flex,26.281368255615234,191.13111877441406,-0.13750433921813965
export_30kw_0.3,validation,6,13,large_flex,20.560758590698242,216.6252899169922,-0.09491395205259323
export_30kw_0.3,validation,6,14,large_flex,29.838211059570312,199.9887237548828,-0.14919938147068024
export_30kw_0.3,validation,6,15,pv_battery,27.65951919555664,80.76419067382812,-0.34247249364852905
export_30kw_0.3,validation,6,16,pv_battery,30.14470672607422,81.23686981201172,-0.37107157707214355
export_30kw_0.3,validation,6,17,large_flex,26.063011169433594,229.7265167236328,-0.1134522408246994
export_30kw_0.3,validation,7,0,tenant,-12.643573760986328,59.53289031982422,0.21237961947917938
export_30kw_0.3,validation,7,1,tenant,-14.497346878051758,67.27177429199219,0.2155042141675949
export_30kw_0.3,validation,7,2,tenant,-12.107475280761719,55.9511604309082,0.21639369428157806
export_30kw_0.3,validation,7,3,tenant,-11.984354019165039,56.29400634765625,0.21288849413394928
export_30kw_0.3,validation,7,4,tenant,-14.898197174072266,69.76871490478516,0.21353688836097717
export_30kw_0.3,validation,7,5,tenant,-13.313519477844238,62.13036346435547,0.2142835408449173
export_30kw_0.3,validation,7,6,pv_only,-2.1460938453674316,78.40585327148438,0.027371617034077644
export_30kw_0.3,validation,7,7,pv_battery,-3.842219352722168,88.22730255126953,0.04354909434914589
export_30kw_0.3,validation,7,8,pv_battery,35.65697479248047,81.65180206298828,-0.4366954565048218
export_30kw_0.3,validation,7,9,pv_battery,38.77784729003906,80.47216033935547,-0.4818791449069977
export_30kw_0.3,validation,7,10,pv_only,7.795028209686279,72.28105163574219,-0.1078433021903038
export_30kw_0.3,validation,7,11,pv_battery,24.187829971313477,78.58164978027344,-0.30780497193336487
export_30kw_0.3,validation,7,12,large_flex,19.614070892333984,227.33767700195312,-0.08627726137638092
export_30kw_0.3,validation,7,13,large_flex,-0.7780985832214355,218.08721923828125,0.0035678332205861807
export_30kw_0.3,validation,7,14,large_flex,37.16334533691406,224.78585815429688,-0.1653277575969696
export_30kw_0.3,validation,7,15,pv_battery,36.990943908691406,81.4078598022461,-0.454390287399292
export_30kw_0.3,validation,7,16,pv_battery,35.26512145996094,77.24150848388672,-0.456556499004364
export_30kw_0.3,validation,7,17,large_flex,-0.735443115234375,233.0989532470703,0.0031550577841699123
export_45kw_0.05,validation,0,0,tenant,-14.114495277404785,63.256629943847656,0.22313065826892853
export_45kw_0.05,validation,0,1,tenant,-14.469988822937012,65.01628112792969,0.22255945205688477
export_45kw_0.05,validation,0,2,tenant,-15.228874206542969,68.85164642333984,0.2211839109659195
export_45kw_0.05,validation,0,3,tenant,-11.858392715454102,53.06748580932617,0.22345872223377228
export_45kw_0.05,validation,0,4,tenant,-14.05179214477539,62.4814567565918,0.22489546239376068
export_45kw_0.05,validation,0,5,tenant,-14.351184844970703,63.9527702331543,0.22440271079540253
export_45kw_0.05,validation,0,6,pv_only,-0.41895556449890137,82.06903839111328,0.00510491244494915
export_45kw_0.05,validation,0,7,pv_battery,27.06262969970703,86.5527114868164,-0.3126722276210785
export_45kw_0.05,validation,0,8,pv_battery,40.20866775512695,80.56747436523438,-0.49906811118125916
export_45kw_0.05,validation,0,9,pv_battery,48.76413345336914,84.03340148925781,-0.580294668674469
export_45kw_0.05,validation,0,10,pv_only,-7.620623588562012,84.14382934570312,0.09056670218706131
export_45kw_0.05,validation,0,11,pv_battery,44.184425354003906,92.43013763427734,-0.47803041338920593
export_45kw_0.05,validation,0,12,large_flex,-18.838459014892578,230.11929321289062,0.08186385780572891
export_45kw_0.05,validation,0,13,large_flex,39.08586883544922,208.2650146484375,-0.1876736283302307
export_45kw_0.05,validation,0,14,large_flex,40.68975830078125,207.89930725097656,-0.19571860134601593
export_45kw_0.05,validation,0,15,pv_battery,33.26984786987305,72.11612701416016,-0.46133720874786377
export_45kw_0.05,validation,0,16,pv_battery,47.05461883544922,82.88166809082031,-0.5677326917648315
export_45kw_0.05,validation,0,17,large_flex,9.548582077026367,199.26376342773438,-0.04791932925581932
export_45kw_0.05,validation,1,0,tenant,-13.864211082458496,62.609100341796875,0.22144079208374023
export_45kw_0.05,validation,1,1,tenant,-15.510627746582031,70.07598114013672,0.22134023904800415
export_45kw_0.05,validation,1,2,tenant,-13.680206298828125,62.185245513916016,0.219991073012352
export_45kw_0.05,validation,1,3,tenant,-14.791810035705566,66.8858413696289,0.221150204539299
export_45kw_0.05,validation,1,4,tenant,-14.344078063964844,63.95261001586914,0.22429227828979492
export_45kw_0.05,validation,1,5,tenant,-12.576870918273926,56.10432815551758,0.22416935861110687
export_45kw_0.05,validation,1,6,pv_only,36.24900436401367,80.04058837890625,-0.4528827369213104
export_45kw_0.05,validation,1,7,pv_battery,6.859543800354004,87.52914428710938,-0.0783686712384224
export_45kw_0.05,validation,1,8,pv_battery,7.465956687927246,82.78816223144531,-0.09018143266439438
export_45kw_0.05,validation,1,9,pv_battery,16.465930938720703,87.03486633300781,-0.18918783962726593
export_45kw_0.05,validation,1,10,pv_only,15.868124008178711,96.53172302246094,-0.1643824428319931
export_45kw_0.05,validation,1,11,pv_battery,55.93665313720703,86.29106140136719,-0.6482323408126831
export_45kw_0.05,validation,1,12,large_flex,-20.889280319213867,209.00732421875,0.09994519501924515
export_45kw_0.05,validation,1,13,large_flex,31.806968688964844,215.46754455566406,-0.1476183980703354
export_45kw_0.05,validation,1,14,large_flex,49.856998443603516,205.94480895996094,-0.24208906292915344
export_45kw_0.05,validation,1,15,pv_battery,39.029998779296875,79.95680236816406,-0.4881386160850525
export_45kw_0.05,validation,1,16,pv_battery,-0.5710581541061401,84.4518051147461,0.006761934142559767
export_45kw_0.05,validation,1,17,large_flex,52.93198013305664,215.06895446777344,-0.2461162507534027
export_45kw_0.05,validation,2,0,tenant,-12.196097373962402,59.15785217285156,0.20616202056407928
export_45kw_0.05,validation,2,1,tenant,-13.385523796081543,65.2469482421875,0.20515179634094238
export_45kw_0.05,validation,2,2,tenant,-13.338915824890137,64.70036315917969,0.2061644345521927
export_45kw_0.05,validation,2,3,tenant,-14.073657989501953,67.90006256103516,0.20727020502090454
export_45kw_0.05,validation,2,4,tenant,-12.591181755065918,61.69146728515625,0.20409917831420898
export_45kw_0.05,validation,2,5,tenant,-13.433175086975098,65.1369857788086,0.2062295377254486
export_45kw_0.05,validation,2,6,pv_only,10.97534465789795,79.59252166748047,-0.1378941386938095
export_45kw_0.05,validation,2,7,pv_battery,36.327598571777344,82.44232940673828,-0.4406425952911377
export_45kw_0.05,validation,2,8,pv_battery,39.27123260498047,88.63338470458984,-0.4430747330188751
export_45kw_0.05,validation,2,9,pv_battery,48.709747314453125,83.41477966308594,-0.5839462876319885
export_45kw_0.05,validation,2,10,pv_only,40.54732131958008,88.67477416992188,-0.45725885033607483
export_45kw_0.05,validation,2,11,pv_battery,2.3550519943237305,81.03462219238281,-0.029062284156680107
export_45kw_0.05,validation,2,12,large_flex,43.983558654785156,239.3982696533203,-0.18372541666030884
export_45kw_0.05,validation,2,13,large_flex,45.837947845458984,214.72161865234375,-0.21347619593143463
export_45kw_0.05,validation,2,14,large_flex,32.45013427734375,230.87008666992188,-0.14055581390857697
export_45kw_0.05,validation,2,15,pv_battery,51.102806091308594,95.50543212890625,-0.5350772142410278
export_45kw_0.05,validation,2,16,pv_battery,22.457855224609375,87.44998931884766,-0.25680798292160034
export_45kw_0.05,validation,2,17,large_flex,18.876596450805664,195.5465545654297,-0.09653248637914658
export_45kw_0.05,validation,3,0,tenant,-11.887228012084961,58.59726333618164,0.20286308228969574
export_45kw_0.05,validation,3,1,tenant,-10.857257843017578,53.91218948364258,0.20138788223266602
export_45kw_0.05,validation,3,2,tenant,-13.895712852478027,67.8530502319336,0.20479120314121246
export_45kw_0.05,validation,3,3,tenant,-13.660654067993164,67.3963623046875,0.20269116759300232
export_45kw_0.05,validation,3,4,tenant,-13.613542556762695,66.50166320800781,0.20470990240573883
export_45kw_0.05,validation,3,5,tenant,-13.460901260375977,65.81591033935547,0.20452356338500977
export_45kw_0.05,validation,3,6,pv_only,10.538820266723633,76.09394073486328,-0.13849735260009766
export_45kw_0.05,validation,3,7,pv_battery,57.835227966308594,78.63816833496094,-0.7354600429534912
export_45kw_0.05,validation,3,8,pv_battery,49.253517150878906,79.33293914794922,-0.6208459138870239
export_45kw_0.05,validation,3,9,pv_battery,53.55194091796875,88.96942901611328,-0.6019140481948853
export_45kw_0.05,validation,3,10,pv_only,30.315696716308594,84.82926940917969,-0.3573731780052185
export_45kw_0.05,validation,3,11,pv_battery,34.58422088623047,75.205078125,-0.4598655104637146
export_45kw_0.05,validation,3,12,large_flex,35.344154357910156,215.21572875976562,-0.1642266809940338
export_45kw_0.05,validation,3,13,large_flex,51.66215515136719,211.53811645507812,-0.244221493601799
export_45kw_0.05,validation,3,14,large_flex,5.919328689575195,209.2581024169922,-0.028287213295698166
export_45kw_0.05,validation,3,15,pv_battery,54.27635955810547,76.23827362060547,-0.7119307518005371
export_45kw_0.05,validation,3,16,pv_battery,7.35019588470459,80.1248550415039,-0.09173431247472763
export_45kw_0.05,validation,3,17,large_flex,0.53367018699646,218.67652893066406,-0.0024404716677963734
export_45kw_0.05,validation,4,0,tenant,-13.651884078979492,66.33662414550781,0.20579709112644196
export_45kw_0.05,validation,4,1,tenant,-12.292867660522461,60.2364501953125,0.20407703518867493
export_45kw_0.05,validation,4,2,tenant,-13.943876266479492,67.95689392089844,0.20518697798252106
export_45kw_0.05,validation,4,3,tenant,-12.763463973999023,62.11300277709961,0.20548787713050842
export_45kw_0.05,validation,4,4,tenant,-13.277969360351562,64.41056060791016,0.2061457633972168
export_45kw_0.05,validation,4,5,tenant,-12.672844886779785,62.05414581298828,0.20422235131263733
export_45kw_0.05,validation,4,6,pv_only,6.22043514251709,85.09870910644531,-0.07309675961732864
export_45kw_0.05,validation,4,7,pv_battery,28.197509765625,72.64412689208984,-0.3881596624851227
export_45kw_0.05,validation,4,8,pv_battery,45.45897674560547,87.39320373535156,-0.5201658010482788
export_45kw_0.05,validation,4,9,pv_battery,38.159427642822266,70.40589141845703,-0.5419920086860657
export_45kw_0.05,validation,4,10,pv_only,34.73849868774414,75.73416137695312,-0.4586901068687439
export_45kw_0.05,validation,4,11,pv_battery,9.466501235961914,78.40057373046875,-0.12074533104896545
export_45kw_0.05,validation,4,12,large_flex,57.018287658691406,216.10569763183594,-0.2638446092605591
export_45kw_0.05,validation,4,13,large_flex,8.718921661376953,195.37832641601562,-0.04462582245469093
export_45kw_0.05,validation,4,14,large_flex,26.126232147216797,225.06564331054688,-0.11608276516199112
export_45kw_0.05,validation,4,15,pv_battery,54.76513671875,85.2679214477539,-0.6422714591026306
export_45kw_0.05,validation,4,16,pv_battery,38.139793395996094,74.80137634277344,-0.5098810791969299
export_45kw_0.05,validation,4,17,large_flex,44.81420135498047,224.44488525390625,-0.19966678321361542
export_45kw_0.05,validation,5,0,tenant,-12.779939651489258,60.97385025024414,0.20959705114364624
export_45kw_0.05,validation,5,1,tenant,-13.379883766174316,64.33060455322266,0.20798635482788086
export_45kw_0.05,validation,5,2,tenant,-13.889856338500977,66.09261322021484,0.2101576179265976
export_45kw_0.05,validation,5,3,tenant,-10.858785629272461,53.613704681396484,0.20253753662109375
export_45kw_0.05,validation,5,4,tenant,-13.575278282165527,64.44416046142578,0.21065174043178558
export_45kw_0.05,validation,5,5,tenant,-13.50969123840332,64.99906921386719,0.20784437656402588
export_45kw_0.05,validation,5,6,pv_only,24.202510833740234,88.69921112060547,-0.27286049723625183
export_45kw_0.05,validation,5,7,pv_battery,55.44211196899414,89.49531555175781,-0.6194974184036255
export_45kw_0.05,validation,5,8,pv_battery,23.56429672241211,76.76554870605469,-0.3069643974304199
export_45kw_0.05,validation,5,9,pv_battery,12.81245231628418,75.94456481933594,-0.1687079221010208
export_45kw_0.05,validation,5,10,pv_only,38.03237533569336,92.93466186523438,-0.40923765301704407
export_45kw_0.05,validation,5,11,pv_battery,13.787351608276367,83.95079040527344,-0.16423138976097107
export_45kw_0.05,validation,5,12,large_flex,35.681766510009766,202.6458282470703,-0.17607943713665009
export_45kw_0.05,validation,5,13,large_flex,39.89189910888672,210.4336700439453,-0.18956995010375977
export_45kw_0.05,validation,5,14,large_flex,8.79427719116211,209.6605987548828,-0.041945308446884155
export_45kw_0.05,validation,5,15,pv_battery,23.24498176574707,80.13607025146484,-0.29006895422935486
export_45kw_0.05,validation,5,16,pv_battery,58.17881774902344,87.22976684570312,-0.666960597038269
export_45kw_0.05,validation,5,17,large_flex,49.496620178222656,192.84347534179688,-0.2566673457622528
export_45kw_0.05,validation,6,0,tenant,-9.28820514678955,64.91349792480469,0.14308592677116394
export_45kw_0.05,validation,6,1,tenant,-8.966492652893066,63.532413482666016,0.14113251864910126
export_45kw_0.05,validation,6,2,tenant,-8.060998916625977,59.08380889892578,0.13643334805965424
export_45kw_0.05,validation,6,3,tenant,-8.963493347167969,63.11469650268555,0.14201918244361877
export_45kw_0.05,validation,6,4,tenant,-8.400290489196777,60.66307830810547,0.13847455382347107
export_45kw_0.05,validation,6,5,tenant,-8.550107955932617,62.213218688964844,0.1374322772026062
export_45kw_0.05,validation,6,6,pv_only,1.796829104423523,81.61064910888672,-0.022017087787389755
export_45kw_0.05,validation,6,7,pv_battery,40.71417236328125,86.4236831665039,-0.47109994292259216
export_45kw_0.05,validation,6,8,pv_battery,36.77625274658203,78.5420150756836,-0.46823662519454956
export_45kw_0.05,validation,6,9,pv_battery,49.235252380371094,87.92286682128906,-0.5599823594093323
export_45kw_0.05,validation,6,10,pv_only,20.642436981201172,79.1370849609375,-0.26084405183792114
export_45kw_0.05,validation,6,11,pv_battery,43.32090759277344,83.1150894165039,-0.5212159156799316
export_45kw_0.05,validation,6,12,large_flex,49.621856689453125,191.13111877441406,-0.2596219778060913
export_45kw_0.05,validation,6,13,large_flex,35.11618423461914,216.6252899169922,-0.16210569441318512
export_45kw_0.05,validation,6,14,large_flex,62.01197052001953,199.9887237548828,-0.310077428817749
export_45kw_0.05,validation,6,15,pv_battery,49.569557189941406,80.76419067382812,-0.613756537437439
export_45kw_0.05,validation,6,16,pv_battery,58.30590057373047,81.23686218261719,-0.7177272439002991
export_45kw_0.05,validation,6,17,large_flex,45.758209228515625,229.7265167236328,-0.1991855949163437
export_45kw_0.05,validation,7,0,tenant,-12.490795135498047,59.53289031982422,0.2098134309053421
export_45kw_0.05,validation,7,1,tenant,-14.344569206237793,67.27177429199219,0.2132331132888794
export_45kw_0.05,validation,7,2,tenant,-11.954697608947754,55.9511604309082,0.2136632204055786
export_45kw_0.05,validation,7,3,tenant,-11.831576347351074,56.29400634765625,0.21017462015151978
export_45kw_0.05,validation,7,4,tenant,-14.745418548583984,69.76871490478516,0.21134711802005768
export_45kw_0.05,validation,7,5,tenant,-13.160741806030273,62.13036346435547,0.21182464063167572
export_45kw_0.05,validation,7,6,pv_only,-1.7954214811325073,78.40585327148438,0.0228990837931633
export_45kw_0.05,validation,7,7,pv_battery,-3.66139554977417,88.22730255126953,0.04149956628680229
export_45kw_0.05,validation,7,8,pv_battery,48.111778259277344,81.65179443359375,-0.5892311930656433
export_45kw_0.05,validation,7,9,pv_battery,66.19900512695312,80.47213745117188,-0.8226324319839478
export_45kw_0.05,validation,7,10,pv_only,8.163617134094238,72.28105163574219,-0.11294268816709518
export_45kw_0.05,validation,7,11,pv_battery,27.224048614501953,78.58164978027344,-0.3464427888393402
export_45kw_0.05,validation,7,12,large_flex,26.678020477294922,227.33767700195312,-0.11734973639249802
export_45kw_0.05,validation,7,13,large_flex,-0.20447206497192383,218.08721923828125,0.0009375648223794997
export_45kw_0.05,validation,7,14,large_flex,61.659873962402344,224.78585815429688,-0.27430498600006104
export_45kw_0.05,validation,7,15,pv_battery,54.19002914428711,81.4078598022461,-0.6656606793403625
export_45kw_0.05,validation,7,16,pv_battery,51.71150207519531,77.24150848388672,-0.6694778800010681
export_45kw_0.05,validation,7,17,large_flex,-0.16593360900878906,233.0989532470703,0.0007118586217984557
export_45kw_0.15,validation,0,0,tenant,-14.049400329589844,63.256629943847656,0.2221016138792038
export_45kw_0.15,validation,0,1,tenant,-14.404773712158203,65.01628112792969,0.2215563803911209
export_45kw_0.15,validation,0,2,tenant,-15.163700103759766,68.85164642333984,0.22023731470108032
export_45kw_0.15,validation,0,3,tenant,-11.793126106262207,53.06748580932617,0.22222883999347687
export_45kw_0.15,validation,0,4,tenant,-13.986513137817383,62.4814567565918,0.22385068237781525
export_45kw_0.15,validation,0,5,tenant,-14.28586483001709,63.9527702331543,0.22338134050369263
export_45kw_0.15,validation,0,6,pv_only,-0.39465880393981934,82.06903839111328,0.004808859899640083
export_45kw_0.15,validation,0,7,pv_battery,26.967243194580078,86.5527114868164,-0.3115701675415039
export_45kw_0.15,validation,0,8,pv_battery,40.16839599609375,80.56747436523438,-0.498568594455719
export_45kw_0.15,validation,0,9,pv_battery,48.849830627441406,84.03340148925781,-0.581314206123352
export_45kw_0.15,validation,0,10,pv_only,-7.563201904296875,84.14382934570312,0.08988430351018906
export_45kw_0.15,validation,0,11,pv_battery,44.0578498840332,92.43013000488281,-0.47666117548942566
export_45kw_0.15,validation,0,12,large_flex,-18.571819305419922,230.11929321289062,0.0807051807641983
export_45kw_0.15,validation,0,13,large_flex,39.16912078857422,208.2650146484375,-0.18807338178157806
export_45kw_0.15,validation,0,14,large_flex,40.53105163574219,207.8992919921875,-0.19495506584644318
export_45kw_0.15,validation,0,15,pv_battery,33.257286071777344,72.11612701416016,-0.4611630141735077
export_45kw_0.15,validation,0,16,pv_battery,46.82489013671875,82.88166809082031,-0.5649610161781311
export_45kw_0.15,validation,0,17,large_flex,9.69776725769043,199.26376342773438,-0.04866800457239151
export_45kw_0.15,validation,1,0,tenant,-13.861664772033691,62.609100341796875,0.22140014171600342
export_45kw_0.15,validation,1,1,tenant,-15.50787353515625,70.07598114013672,0.22130092978477478
export_45kw_0.15,validation,1,2,tenant,-13.677545547485352,62.185245513916016,0.21994827687740326
export_45kw_0.15,validation,1,3,tenant,-14.789194107055664,66.8858413696289,0.22111108899116516
export_45kw_0.15,validation,1,4,tenant,-14.341354370117188,63.95261001586914,0.2242496907711029
export_45kw_0.15,validation,1,5,tenant,-12.574248313903809,56.10432815551758,0.22412261366844177
export_45kw_0.15,validation,1,6,pv_only,36.238372802734375,80.04058837890625,-0.45274996757507324
export_45kw_0.15,validation,1,7,pv_battery,6.803912162780762,87.52914428710938,-0.07773309201002121
export_45kw_0.15,validation,1,8,pv_battery,7.67767858505249,82.78816223144531,-0.0927388146519661
export_45kw_0.15,validation,1,9,pv_battery,16.31222152709961,87.03486633300781,-0.18742166459560394
export_45kw_0.15,validation,1,10,pv_only,15.84078598022461,96.53172302246094,-0.16409926116466522
export_45kw_0.15,validation,1,11,pv_battery,56.08555221557617,86.29106140136719,-0.6499575972557068
export_45kw_0.15,validation,1,12,large_flex,-20.66553497314453,209.00732421875,0.09887470304965973
export_45kw_0.15,validation,1,13,large_flex,31.76241683959961,215.46754455566406,-0.1474115252494812
export_45kw_0.15,validation,1,14,large_flex,50.04183578491211,205.94480895996094,-0.24298657476902008
export_45kw_0.15,validation,1,15,pv_battery,39.02566909790039,79.95679473876953,-0.4880846440792084
export_45kw_0.15,validation,1,16,pv_battery,-0.6841853260993958,84.4518051147461,0.00810148473829031
export_45kw_0.15,validation,1,17,large_flex,52.96778106689453,215.06895446777344,-0.246282696723938
export_45kw_0.15,validation,2,0,tenant,-10.02692985534668,59.15785217285156,0.16949450969696045
export_45kw_0.15,validation,2,1,tenant,-11.21658706665039,65.2469482421875,0.17190971970558167
export_45kw_0.15,validation,2,2,tenant,-11.16999626159668,64.70036315917969,0.17264194786548615
export_45kw_0.15,validation,2,3,tenant,-11.904815673828125,67.90006256103516,0.17532850801944733
export_45kw_0.15,validation,2,4,tenant,-10.421756744384766,61.69146728515625,0.16893352568149567
export_45kw_0.15,validation,2,5,tenant,-11.263969421386719,65.1369857788086,0.1729273647069931
export_45kw_0.15,validation,2,6,pv_only,11.313445091247559,79.59252166748047,-0.14214204251766205
export_45kw_0.15,validation,2,7,pv_battery,34.66810607910156,82.44232940673828,-0.42051348090171814
export_45kw_0.15,validation,2,8,pv_battery,38.43455505371094,88.63338470458984,-0.4336349666118622
export_45kw_0.15,validation,2,9,pv_battery,46.38433837890625,83.41477966308594,-0.5560687184333801
export_45kw_0.15,validation,2,10,pv_only,38.72234344482422,88.67477416992188,-0.43667834997177124
export_45kw_0.15,validation,2,11,pv_battery,4.397730827331543,81.03462219238281,-0.05426976457238197
export_45kw_0.15,validation,2,12,large_flex,42.25078201293945,239.3982696533203,-0.17648756504058838
export_45kw_0.15,validation,2,13,large_flex,43.39185333251953,214.72161865234375,-0.20208430290222168
export_45kw_0.15,validation,2,14,large_flex,31.080636978149414,230.87008666992188,-0.1346239447593689
export_45kw_0.15,validation,2,15,pv_battery,48.622947692871094,95.50543212890625,-0.5091120004653931
export_45kw_0.15,validation,2,16,pv_battery,22.720333099365234,87.44998931884766,-0.2598094642162323
export_45kw_0.15,validation,2,17,large_flex,18.04951286315918,195.54653930664062,-0.09230291098356247
export_45kw_0.15,validation,3,0,tenant,-9.506721496582031,58.59726333618164,0.16223829984664917
export_45kw_0.15,validation,3,1,tenant,-8.476790428161621,53.91218948364258,0.15723323822021484
export_45kw_0.15,validation,3,2,tenant,-11.514616012573242,67.8530502319336,0.1696992814540863
export_45kw_0.15,validation,3,3,tenant,-11.279553413391113,67.3963623046875,0.16736139357089996
export_45kw_0.15,validation,3,4,tenant,-11.232539176940918,66.50166320800781,0.16890615224838257
export_45kw_0.15,validation,3,5,tenant,-11.080025672912598,65.81591033935547,0.16834884881973267
export_45kw_0.15,validation,3,6,pv_only,10.419992446899414,76.09394073486328,-0.13693584501743317
export_45kw_0.15,validation,3,7,pv_battery,54.53040313720703,78.63816833496094,-0.6934344172477722
export_45kw_0.15,validation,3,8,pv_battery,47.38072967529297,79.33293914794922,-0.5972390174865723
export_45kw_0.15,validation,3,9,pv_battery,50.511077880859375,88.96942901611328,-0.5677351951599121
export_45kw_0.15,validation,3,10,pv_only,29.147125244140625,84.82926940917969,-0.34359773993492126
export_45kw_0.15,validation,3,11,pv_battery,32.60486602783203,75.205078125,-0.43354612588882446
export_45kw_0.15,validation,3,12,large_flex,34.5118408203125,215.21571350097656,-0.1603592038154602
export_45kw_0.15,validation,3,13,large_flex,48.95949935913086,211.53811645507812,-0.23144526779651642
export_45kw_0.15,validation,3,14,large_flex,7.062445640563965,209.2581024169922,-0.03374993056058884
export_45kw_0.15,validation,3,15,pv_battery,50.967716217041016,76.23827362060547,-0.6685318350791931
export_45kw_0.15,validation,3,16,pv_battery,9.496736526489258,80.1248550415039,-0.11852423846721649
export_45kw_0.15,validation,3,17,large_flex,2.1939923763275146,218.67652893066406,-0.010033057071268559
export_45kw_0.15,validation,4,0,tenant,-11.572254180908203,66.33662414550781,0.1744474172592163
export_45kw_0.15,validation,4,1,tenant,-10.213274955749512,60.2364501953125,0.16955317556858063
export_45kw_0.15,validation,4,2,tenant,-11.864151954650879,67.95689392089844,0.17458343505859375
export_45kw_0.15,validation,4,3,tenant,-10.683785438537598,62.11300277709961,0.17200566828250885
export_45kw_0.15,validation,4,4,tenant,-11.198330879211426,64.41056060791016,0.17385859787464142
export_45kw_0.15,validation,4,5,tenant,-10.593255043029785,62.05414581298828,0.1707097887992859
export_45kw_0.15,validation,4,6,pv_only,6.59730863571167,85.09870910644531,-0.07752539217472076
export_45kw_0.15,validation,4,7,pv_battery,27.69140625,72.64412689208984,-0.381192684173584
export_45kw_0.15,validation,4,8,pv_battery,42.64466094970703,87.39319610595703,-0.4879632890224457
export_45kw_0.15,validation,4,9,pv_battery,37.626346588134766,70.40589141845703,-0.5344204306602478
export_45kw_0.15,validation,4,10,pv_only,33.08909606933594,75.73416137695312,-0.43691134452819824
export_45kw_0.15,validation,4,11,pv_battery,11.360304832458496,78.40057373046875,-0.14490079879760742
export_45kw_0.15,validation,4,12,large_flex,53.4417610168457,216.10569763183594,-0.24729451537132263
export_45kw_0.15,validation,4,13,large_flex,10.141862869262695,195.37832641601562,-0.051908839493989944
export_45kw_0.15,validation,4,14,large_flex,25.721229553222656,225.06564331054688,-0.11428321152925491
export_45kw_0.15,validation,4,15,pv_battery,52.146949768066406,85.2679214477539,-0.611565887928009
export_45kw_0.15,validation,4,16,pv_battery,36.28167724609375,74.80137634277344,-0.48504018783569336
export_45kw_0.15,validation,4,17,large_flex,42.05073547363281,224.44488525390625,-0.1873544156551361
export_45kw_0.15,validation,5,0,tenant,-11.203516006469727,60.97385025024414,0.18374298512935638
export_45kw_0.15,validation,5,1,tenant,-11.803744316101074,64.33060455322266,0.1834857165813446
export_45kw_0.15,validation,5,2,tenant,-12.313602447509766,66.09261322021484,0.1863083392381668
export_45kw_0.15,validation,5,3,tenant,-9.282587051391602,53.613704681396484,0.1731383055448532
export_45kw_0.15,validation,5,4,tenant,-11.99912166595459,64.44416046142578,0.18619410693645477
export_45kw_0.15,validation,5,5,tenant,-11.933439254760742,64.99906921386719,0.1835940033197403
export_45kw_0.15,validation,5,6,pv_only,23.25775909423828,88.69921112060547,-0.2622092366218567
export_45kw_0.15,validation,5,7,pv_battery,53.25988006591797,89.49531555175781,-0.5951139330863953
export_45kw_0.15,validation,5,8,pv_battery,23.853960037231445,76.76554870605469,-0.3107377886772156
export_45kw_0.15,validation,5,9,pv_battery,13.070515632629395,75.94456481933594,-0.1721060574054718
export_45kw_0.15,validation,5,10,pv_only,36.60400390625,92.93466186523438,-0.3938681185245514
export_45kw_0.15,validation,5,11,pv_battery,14.463221549987793,83.95079040527344,-0.1722821146249771
export_45kw_0.15,validation,5,12,large_flex,34.193084716796875,202.6458282470703,-0.16873326897621155
export_45kw_0.15,validation,5,13,large_flex,37.977535247802734,210.4336700439453,-0.1804727017879486
export_45kw_0.15,validation,5,14,large_flex,10.081192016601562,209.6605987548828,-0.04808341711759567
export_45kw_0.15,validation,5,15,pv_battery,22.311704635620117,80.13607025146484,-0.2784227132797241
export_45kw_0.15,validation,5,16,pv_battery,56.61101150512695,87.22976684570312,-0.6489872336387634
export_45kw_0.15,validation,5,17,large_flex,48.616241455078125,192.84347534179688,-0.2521021068096161
export_45kw_0.15,validation,6,0,tenant,1.7482326030731201,64.91349792480469,-0.02693169377744198
export_45kw_0.15,validation,6,1,tenant,2.070065975189209,63.532413482666016,-0.03258287534117699
export_45kw_0.15,validation,6,2,tenant,2.975602388381958,59.08380889892578,-0.05036241561174393
export_45kw_0.15,validation,6,3,tenant,2.0731799602508545,63.11469650268555,-0.03284783288836479
export_45kw_0.15,validation,6,4,tenant,2.6362228393554688,60.66307830810547,-0.043456822633743286
export_45kw_0.15,validation,6,5,tenant,2.486579656600952,62.213218688964844,-0.03996865823864937
export_45kw_0.15,validation,6,6,pv_only,9.626498222351074,81.61064910888672,-0.1179564818739891
export_45kw_0.15,validation,6,7,pv_battery,35.241127014160156,86.4236831665039,-0.40777164697647095
export_45kw_0.15,validation,6,8,pv_battery,34.25795364379883,78.5420150756836,-0.4361734092235565
export_45kw_0.15,validation,6,9,pv_battery,40.84209060668945,87.92286682128906,-0.4645216166973114
export_45kw_0.15,validation,6,10,pv_only,21.76760482788086,79.1370849609375,-0.2750619649887085
export_45kw_0.15,validation,6,11,pv_battery,39.11909484863281,83.1150894165039,-0.47066164016723633
export_45kw_0.15,validation,6,12,large_flex,40.834022521972656,191.13111877441406,-0.21364395320415497
export_45kw_0.15,validation,6,13,large_flex,30.861360549926758,216.6252899169922,-0.14246419072151184
export_45kw_0.15,validation,6,14,large_flex,48.75581741333008,199.9887237548828,-0.24379277229309082
export_45kw_0.15,validation,6,15,pv_battery,41.71424102783203,80.76419067382812,-0.51649409532547
export_45kw_0.15,validation,6,16,pv_battery,46.70549774169922,81.23686981201172,-0.5749297738075256
export_45kw_0.15,validation,6,17,large_flex,37.29991149902344,229.7265167236328,-0.16236664354801178
export_45kw_0.15,validation,7,0,tenant,-11.177692413330078,59.53289031982422,0.18775662779808044
export_45kw_0.15,validation,7,1,tenant,-13.031475067138672,67.27177429199219,0.19371388852596283
export_45kw_0.15,validation,7,2,tenant,-10.641572952270508,55.9511604309082,0.1901940256357193
export_45kw_0.15,validation,7,3,tenant,-10.518502235412598,56.29400634765625,0.18684929609298706
export_45kw_0.15,validation,7,4,tenant,-13.432379722595215,69.76871490478516,0.19252720475196838
export_45kw_0.15,validation,7,5,tenant,-11.847692489624023,62.13036346435547,0.19069084525108337
export_45kw_0.15,validation,7,6,pv_only,-1.4661874771118164,78.40585327148438,0.018700003623962402
export_45kw_0.15,validation,7,7,pv_battery,-2.137881278991699,88.22730255126953,0.02423151396214962
export_45kw_0.15,validation,7,8,pv_battery,46.76722717285156,81.65179443359375,-0.5727641582489014
export_45kw_0.15,validation,7,9,pv_battery,64.01114654541016,80.4721450805664,-0.7954448461532593
export_45kw_0.15,validation,7,10,pv_only,8.027637481689453,72.28105163574219,-0.11106143891811371
export_45kw_0.15,validation,7,11,pv_battery,26.202625274658203,78.58164978027344,-0.333444744348526
export_45kw_0.15,validation,7,12,large_flex,24.752304077148438,227.33767700195312,-0.10887906700372696
export_45kw_0.15,validation,7,13,large_flex,0.4949820041656494,218.08721923828125,-0.0022696498781442642
export_45kw_0.15,validation,7,14,large_flex,59.99913787841797,224.78585815429688,-0.26691699028015137
export_45kw_0.15,validation,7,15,pv_battery,52.30951690673828,81.4078598022461,-0.6425610780715942
export_45kw_0.15,validation,7,16,pv_battery,49.864017486572266,77.24150848388672,-0.6455599665641785
export_45kw_0.15,validation,7,17,large_flex,1.5242376327514648,233.0989532470703,-0.00653902068734169
export_45kw_0.3,validation,0,0,tenant,-14.093234062194824,63.256629943847656,0.2227945774793625
export_45kw_0.3,validation,0,1,tenant,-14.448728561401367,65.01628112792969,0.22223243117332458
export_45kw_0.3,validation,0,2,tenant,-15.207612991333008,68.85164642333984,0.2208751142024994
export_45kw_0.3,validation,0,3,tenant,-11.83713150024414,53.06748580932617,0.2230580747127533
export_45kw_0.3,validation,0,4,tenant,-14.03053092956543,62.4814567565918,0.22455519437789917
export_45kw_0.3,validation,0,5,tenant,-14.329923629760742,63.9527702331543,0.22407026588916779
export_45kw_0.3,validation,0,6,pv_only,-0.4083136320114136,82.06903839111328,0.0049752481281757355
export_45kw_0.3,validation,0,7,pv_battery,26.958778381347656,86.5527114868164,-0.3114722967147827
export_45kw_0.3,validation,0,8,pv_battery,40.162086486816406,80.56747436523438,-0.4984898269176483
export_45kw_0.3,validation,0,9,pv_battery,48.22881317138672,84.03340148925781,-0.5739243626594543
export_45kw_0.3,validation,0,10,pv_only,-7.603937149047852,84.14382934570312,0.0903683602809906
export_45kw_0.3,validation,0,11,pv_battery,43.858482360839844,92.43013763427734,-0.47450387477874756
export_45kw_0.3,validation,0,12,large_flex,-18.817176818847656,230.11929321289062,0.0817713811993599
export_45kw_0.3,validation,0,13,large_flex,37.40001678466797,208.2650146484375,-0.17957884073257446
export_45kw_0.3,validation,0,14,large_flex,39.843379974365234,207.89930725097656,-0.1916474848985672
export_45kw_0.3,validation,0,15,pv_battery,33.268028259277344,72.11612701416016,-0.4613119065761566
export_45kw_0.3,validation,0,16,pv_battery,46.189430236816406,82.88166809082031,-0.5572938323020935
export_45kw_0.3,validation,0,17,large_flex,9.549153327941895,199.26376342773438,-0.04792219027876854
export_45kw_0.3,validation,1,0,tenant,-13.7412109375,62.609100341796875,0.21947620809078217
export_45kw_0.3,validation,1,1,tenant,-15.387627601623535,70.07598114013672,0.21958501636981964
export_45kw_0.3,validation,1,2,tenant,-13.557205200195312,62.185245513916016,0.21801309287548065
export_45kw_0.3,validation,1,3,tenant,-14.66880989074707,66.8858413696289,0.21931126713752747
export_45kw_0.3,validation,1,4,tenant,-14.221077919006348,63.95261001586914,0.222368985414505
export_45kw_0.3,validation,1,5,tenant,-12.45387077331543,56.10432815551758,0.22197701036930084
export_45kw_0.3,validation,1,6,pv_only,36.119075775146484,80.04058837890625,-0.4512593150138855
export_45kw_0.3,validation,1,7,pv_battery,6.859577178955078,87.52914428710938,-0.07836908847093582
export_45kw_0.3,validation,1,8,pv_battery,7.505532264709473,82.78816223144531,-0.0906594768166542
export_45kw_0.3,validation,1,9,pv_battery,16.500934600830078,87.03486633300781,-0.1895899623632431
export_45kw_0.3,validation,1,10,pv_only,15.87359619140625,96.53172302246094,-0.1644391566514969
export_45kw_0.3,validation,1,11,pv_battery,54.741085052490234,86.29106140136719,-0.634377121925354
export_45kw_0.3,validation,1,12,large_flex,-20.823974609375,209.00732421875,0.09963274002075195
export_45kw_0.3,validation,1,13,large_flex,30.487876892089844,215.46754455566406,-0.14149640500545502
export_45kw_0.3,validation,1,14,large_flex,47.68556594848633,205.94480895996094,-0.23154528439044952
export_45kw_0.3,validation,1,15,pv_battery,38.7580451965332,79.95680236816406,-0.4847373962402344
export_45kw_0.3,validation,1,16,pv_battery,-0.5448952913284302,84.4518051147461,0.006452135741710663
export_45kw_0.3,validation,1,17,large_flex,50.79158401489258,215.06895446777344,-0.23616406321525574
export_45kw_0.3,validation,2,0,tenant,-8.07160758972168,59.15785217285156,0.1364418864250183
export_45kw_0.3,validation,2,1,tenant,-9.26103401184082,65.2469482421875,0.1419382244348526
export_45kw_0.3,validation,2,2,tenant,-9.214426040649414,64.70036315917969,0.14241689443588257
export_45kw_0.3,validation,2,3,tenant,-9.94916820526123,67.90006256103516,0.14652661979198456
export_45kw_0.3,validation,2,4,tenant,-8.466691970825195,61.69146728515625,0.13724255561828613
export_45kw_0.3,validation,2,5,tenant,-9.308685302734375,65.1369857788086,0.14290942251682281
export_45kw_0.3,validation,2,6,pv_only,11.174920082092285,79.59252166748047,-0.14040160179138184
export_45kw_0.3,validation,2,7,pv_battery,33.72329330444336,82.44232940673828,-0.40905317664146423
export_45kw_0.3,validation,2,8,pv_battery,36.390098571777344,88.63338470458984,-0.410568505525589
export_45kw_0.3,validation,2,9,pv_battery,44.34579086303711,83.41477966308594,-0.5316298007965088
export_45kw_0.3,validation,2,10,pv_only,37.09727478027344,88.67477416992188,-0.41835224628448486
export_45kw_0.3,validation,2,11,pv_battery,5.652282238006592,81.03462219238281,-0.06975144147872925
export_45kw_0.3,validation,2,12,large_flex,39.24385070800781,239.3982696533203,-0.16392700374126434
export_45kw_0.3,validation,2,13,large_flex,40.83009338378906,214.72161865234375,-0.19015367329120636
export_45kw_0.3,validation,2,14,large_flex,27.82693099975586,230.87008666992188,-0.12053068727254868
export_45kw_0.3,validation,2,15,pv_battery,46.46589660644531,95.50543212890625,-0.48652634024620056
export_45kw_0.3,validation,2,16,pv_battery,21.822647094726562,87.44998931884766,-0.24954430758953094
export_45kw_0.3,validation,2,17,large_flex,18.02423095703125,195.5465545654297,-0.09217359870672226
export_45kw_0.3,validation,3,0,tenant,-7.176949977874756,58.59726333618164,0.12247928231954575
export_45kw_0.3,validation,3,1,tenant,-6.146980285644531,53.91218948364258,0.11401835083961487
export_45kw_0.3,validation,3,2,tenant,-9.185434341430664,67.8530502319336,0.1353723704814911
export_45kw_0.3,validation,3,3,tenant,-8.950376510620117,67.3963623046875,0.1328020840883255
export_45kw_0.3,validation,3,4,tenant,-8.903264045715332,66.50166320800781,0.13388028740882874
export_45kw_0.3,validation,3,5,tenant,-8.750622749328613,65.81591033935547,0.1329561173915863
export_45kw_0.3,validation,3,6,pv_only,10.923879623413086,76.09394073486328,-0.14355771243572235
export_45kw_0.3,validation,3,7,pv_battery,50.819026947021484,78.63816833496094,-0.6462386250495911
export_45kw_0.3,validation,3,8,pv_battery,44.79463195800781,79.33293914794922,-0.564640998840332
export_45kw_0.3,validation,3,9,pv_battery,46.8489875793457,88.96942901611328,-0.5265741348266602
export_45kw_0.3,validation,3,10,pv_only,28.17931365966797,84.82926940917969,-0.33218875527381897
export_45kw_0.3,validation,3,11,pv_battery,31.288593292236328,75.205078125,-0.4160434603691101
export_45kw_0.3,validation,3,12,large_flex,32.422019958496094,215.21572875976562,-0.15064898133277893
export_45kw_0.3,validation,3,13,large_flex,44.03423309326172,211.53811645507812,-0.20816220343112946
export_45kw_0.3,validation,3,14,large_flex,7.886951923370361,209.2581024169922,-0.03769006207585335
export_45kw_0.3,validation,3,15,pv_battery,47.369041442871094,76.23827362060547,-0.6213290095329285
export_45kw_0.3,validation,3,16,pv_battery,10.153531074523926,80.1248550415039,-0.1267213374376297
export_45kw_0.3,validation,3,17,large_flex,1.983109712600708,218.67652893066406,-0.009068689309060574
export_45kw_0.3,validation,4,0,tenant,-10.211540222167969,66.33662414550781,0.15393517911434174
export_45kw_0.3,validation,4,1,tenant,-8.852521896362305,60.2364501953125,0.14696292579174042
export_45kw_0.3,validation,4,2,tenant,-10.503531455993652,67.95689392089844,0.1545616239309311
export_45kw_0.3,validation,4,3,tenant,-9.323119163513184,62.11300277709961,0.15009935200214386
export_45kw_0.3,validation,4,4,tenant,-9.837624549865723,64.41056060791016,0.15273307263851166
export_45kw_0.3,validation,4,5,tenant,-9.232501029968262,62.05414581298828,0.14878128468990326
export_45kw_0.3,validation,4,6,pv_only,6.922096252441406,85.09870910644531,-0.08134199678897858
export_45kw_0.3,validation,4,7,pv_battery,26.84415626525879,72.64412689208984,-0.36952948570251465
export_45kw_0.3,validation,4,8,pv_battery,40.815818786621094,87.39320373535156,-0.46703630685806274
export_45kw_0.3,validation,4,9,pv_battery,35.88174057006836,70.40589141845703,-0.5096412897109985
export_45kw_0.3,validation,4,10,pv_only,32.29841613769531,75.73416137695312,-0.4264708459377289
export_45kw_0.3,validation,4,11,pv_battery,11.572437286376953,78.40057373046875,-0.14760661125183105
export_45kw_0.3,validation,4,12,large_flex,48.52900695800781,216.10569763183594,-0.22456158697605133
export_45kw_0.3,validation,4,13,large_flex,9.45624828338623,195.37832641601562,-0.04839969798922539
export_45kw_0.3,validation,4,14,large_flex,25.005279541015625,225.06564331054688,-0.11110223829746246
export_45kw_0.3,validation,4,15,pv_battery,48.9188232421875,85.2679214477539,-0.5737074017524719
export_45kw_0.3,validation,4,16,pv_battery,35.13044738769531,74.80137634277344,-0.46964964270591736
export_45kw_0.3,validation,4,17,large_flex,39.24542236328125,224.44488525390625,-0.17485542595386505
export_45kw_0.3,validation,5,0,tenant,-9.85670280456543,60.97385025024414,0.16165462136268616
export_45kw_0.3,validation,5,1,tenant,-10.456646919250488,64.33060455322266,0.16254538297653198
export_45kw_0.3,validation,5,2,tenant,-10.966619491577148,66.09261322021484,0.1659281849861145
export_45kw_0.3,validation,5,3,tenant,-7.935549736022949,53.613704681396484,0.14801336824893951
export_45kw_0.3,validation,5,4,tenant,-10.652042388916016,64.44416046142578,0.16529107093811035
export_45kw_0.3,validation,5,5,tenant,-10.586454391479492,64.99906921386719,0.16287091374397278
export_45kw_0.3,validation,5,6,pv_only,22.561382293701172,88.69921112060547,-0.2543582618236542
export_45kw_0.3,validation,5,7,pv_battery,50.419960021972656,89.49531555175781,-0.5633811950683594
export_45kw_0.3,validation,5,8,pv_battery,24.001968383789062,76.76554870605469,-0.3126658797264099
export_45kw_0.3,validation,5,9,pv_battery,14.148309707641602,75.94456481933594,-0.1862979233264923
export_45kw_0.3,validation,5,10,pv_only,35.5319938659668,92.93466186523438,-0.3823328912258148
export_45kw_0.3,validation,5,11,pv_battery,14.464210510253906,83.95079040527344,-0.17229394614696503
export_45kw_0.3,validation,5,12,large_flex,31.305402755737305,202.6458282470703,-0.15448328852653503
export_45kw_0.3,validation,5,13,large_flex,35.99225616455078,210.4336700439453,-0.17103847861289978
export_45kw_0.3,validation,5,14,large_flex,10.601579666137695,209.6605987548828,-0.050565455108881
export_45kw_0.3,validation,5,15,pv_battery,20.867021560668945,80.13607025146484,-0.2603949010372162
export_45kw_0.3,validation,5,16,pv_battery,53.63652801513672,87.22976684570312,-0.6148878335952759
export_45kw_0.3,validation,5,17,large_flex,45.18210983276367,192.84347534179688,-0.23429429531097412
export_45kw_0.3,validation,6,0,tenant,9.904272079467773,64.91349792480469,-0.15257635712623596
export_45kw_0.3,validation,6,1,tenant,10.225984573364258,63.532413482666016,-0.16095702350139618
export_45kw_0.3,validation,6,2,tenant,11.131478309631348,59.08380889892578,-0.1884016990661621
export_45kw_0.3,validation,6,3,tenant,10.228983879089355,63.11469650268555,-0.16206955909729004
export_45kw_0.3,validation,6,4,tenant,10.792186737060547,60.66307830810547,-0.1779036968946457
export_45kw_0.3,validation,6,5,tenant,10.642369270324707,62.213218688964844,-0.17106300592422485
export_45kw_0.3,validation,6,6,pv_only,15.602457046508789,81.61064910888672,-0.19118157029151917
export_45kw_0.3,validation,6,7,pv_battery,28.919727325439453,86.4236831665039,-0.3346274197101593
export_45kw_0.3,validation,6,8,pv_battery,31.07383918762207,78.5420150756836,-0.39563339948654175
export_45kw_0.3,validation,6,9,pv_battery,33.21117401123047,87.92286682128906,-0.3777307868003845
export_45kw_0.3,validation,6,10,pv_only,22.717605590820312,79.1370849609375,-0.28706640005111694
export_45kw_0.3,validation,6,11,pv_battery,34.081966400146484,83.1150894165039,-0.4100576341152191
export_45kw_0.3,validation,6,12,large_flex,32.71388244628906,191.13111877441406,-0.17115937173366547
export_45kw_0.3,validation,6,13,large_flex,25.332313537597656,216.6252899169922,-0.11694063991308212
export_45kw_0.3,validation,6,14,large_flex,37.19166564941406,199.9887237548828,-0.18596875667572021
export_45kw_0.3,validation,6,15,pv_battery,33.348731994628906,80.76419067382812,-0.4129146337509155
export_45kw_0.3,validation,6,16,pv_battery,37.0888557434082,81.23686218261719,-0.45655199885368347
export_45kw_0.3,validation,6,17,large_flex,28.663747787475586,229.7265167236328,-0.1247733011841774
export_45kw_0.3,validation,7,0,tenant,-10.72251033782959,59.53289031982422,0.18011076748371124
export_45kw_0.3,validation,7,1,tenant,-12.576284408569336,67.27177429199219,0.18694745004177094
export_45kw_0.3,validation,7,2,tenant,-10.186412811279297,55.9511604309082,0.18205907940864563
export_45kw_0.3,validation,7,3,tenant,-10.063291549682617,56.29400634765625,0.17876297235488892
export_45kw_0.3,validation,7,4,tenant,-12.977134704589844,69.76871490478516,0.1860022097826004
export_45kw_0.3,validation,7,5,tenant,-11.392457008361816,62.13036346435547,0.18336373567581177
export_45kw_0.3,validation,7,6,pv_only,-1.3188579082489014,78.40585327148438,0.016820907592773438
export_45kw_0.3,validation,7,7,pv_battery,-2.179259777069092,88.22730255126953,0.024700503796339035
export_45kw_0.3,validation,7,8,pv_battery,45.87824249267578,81.65179443359375,-0.561876654624939
export_45kw_0.3,validation,7,9,pv_battery,60.99191665649414,80.47216033935547,-0.7579257488250732
export_45kw_0.3,validation,7,10,pv_only,8.009686470031738,72.28105163574219,-0.11081307381391525
export_45kw_0.3,validation,7,11,pv_battery,25.434803009033203,78.58164978027344,-0.3236736059188843
export_45kw_0.3,validation,7,12,large_flex,23.52215003967285,227.33767700195312,-0.10346785187721252
export_45kw_0.3,validation,7,13,large_flex,0.3182563781738281,218.08721923828125,-0.0014593014493584633
export_45kw_0.3,validation,7,14,large_flex,55.62681579589844,224.78585815429688,-0.2474658340215683
export_45kw_0.3,validation,7,15,pv_battery,50.633419036865234,81.4078598022461,-0.6219719052314758
export_45kw_0.3,validation,7,16,pv_battery,48.513938903808594,77.24150848388672,-0.6280813217163086
export_45kw_0.3,validation,7,17,large_flex,1.6056485176086426,233.0989532470703,-0.006888259667903185
fair_leg/default_base,test,0,0,tenant,-16.28519058227539,72.69613647460938,0.2240172177553177
fair_leg/default_base,test,0,1,tenant,-15.448548316955566,69.583251953125,0.22201527655124664
fair_leg/default_base,test,0,2,tenant,-14.035711288452148,62.99239730834961,0.22281593084335327
fair_leg/default_base,test,0,3,tenant,-13.054411888122559,58.74997329711914,0.2222028225660324
fair_leg/default_base,test,0,4,tenant,-15.843764305114746,71.63943481445312,0.22115986049175262
fair_leg/default_base,test,0,5,tenant,-14.166385650634766,64.07042694091797,0.2211064100265503
fair_leg/default_base,test,0,6,pv_only,34.81307601928711,81.1683578491211,-0.42889973521232605
fair_leg/default_base,test,0,7,pv_battery,19.99848175048828,84.80936431884766,-0.2358051836490631
fair_leg/default_base,test,0,8,pv_battery,4.644675254821777,87.64793395996094,-0.05299242585897446
fair_leg/default_base,test,0,9,pv_battery,-3.6956706047058105,78.14643096923828,0.04729163274168968
fair_leg/default_base,test,0,10,pv_only,31.53424835205078,82.98085021972656,-0.38001835346221924
fair_leg/default_base,test,0,11,pv_battery,20.036754608154297,87.82832336425781,-0.22813545167446136
fair_leg/default_base,test,0,12,large_flex,42.47785568237305,163.15771484375,-0.26034867763519287
fair_leg/default_base,test,0,13,large_flex,-2.028536796569824,212.2732391357422,0.009556232951581478
fair_leg/default_base,test,0,14,large_flex,22.574487686157227,196.8924102783203,-0.11465395241975784
fair_leg/default_base,test,0,15,pv_battery,55.450889587402344,83.90279388427734,-0.6608943939208984
fair_leg/default_base,test,0,16,pv_battery,11.331195831298828,81.3831787109375,-0.13923263549804688
fair_leg/default_base,test,0,17,large_flex,35.13421630859375,200.39971923828125,-0.17532077431678772
fair_leg/default_base,test,1,0,tenant,-12.096043586730957,54.457115173339844,0.2221204936504364
fair_leg/default_base,test,1,1,tenant,-15.21877670288086,68.22596740722656,0.22306424379348755
fair_leg/default_base,test,1,2,tenant,-12.275796890258789,55.17155075073242,0.22250232100486755
fair_leg/default_base,test,1,3,tenant,-13.770963668823242,61.46684646606445,0.22403886914253235
fair_leg/default_base,test,1,4,tenant,-12.313817977905273,55.16480255126953,0.22321879863739014
fair_leg/default_base,test,1,5,tenant,-13.871686935424805,62.23639678955078,0.22288717329502106
fair_leg/default_base,test,1,6,pv_only,30.742937088012695,74.15965270996094,-0.4145508110523224
fair_leg/default_base,test,1,7,pv_battery,58.6688117980957,72.0064468383789,-0.814771294593811
fair_leg/default_base,test,1,8,pv_battery,55.488014221191406,92.32186889648438,-0.6010274887084961
fair_leg/default_base,test,1,9,pv_battery,43.13513946533203,78.94182586669922,-0.5464173555374146
fair_leg/default_base,test,1,10,pv_only,35.008087158203125,82.67589569091797,-0.42343756556510925
fair_leg/default_base,test,1,11,pv_battery,38.95808029174805,92.00402069091797,-0.4234389662742615
fair_leg/default_base,test,1,12,large_flex,42.796142578125,178.49832153320312,-0.2397567480802536
fair_leg/default_base,test,1,13,large_flex,-23.24608612060547,245.25674438476562,0.09478259086608887
fair_leg/default_base,test,1,14,large_flex,46.72173309326172,217.50503540039062,-0.21480746567249298
fair_leg/default_base,test,1,15,pv_battery,57.36128234863281,86.00672912597656,-0.6669393181800842
fair_leg/default_base,test,1,16,pv_battery,43.54082107543945,79.69620513916016,-0.5463353991508484
fair_leg/default_base,test,1,17,large_flex,31.69515037536621,225.34510803222656,-0.1406516134738922
fair_leg/default_base,test,2,0,tenant,-13.676209449768066,61.47628402709961,0.2224632203578949
fair_leg/default_base,test,2,1,tenant,-12.987995147705078,58.042232513427734,0.22376808524131775
fair_leg/default_base,test,2,2,tenant,-14.522026062011719,64.21237182617188,0.22615613043308258
fair_leg/default_base,test,2,3,tenant,-15.182524681091309,68.21656799316406,0.22256362438201904
fair_leg/default_base,test,2,4,tenant,-13.056355476379395,58.41762161254883,0.22350025177001953
fair_leg/default_base,test,2,5,tenant,-16.970172882080078,75.52835083007812,0.22468605637550354
fair_leg/default_base,test,2,6,pv_only,11.74610710144043,80.94506072998047,-0.14511215686798096
fair_leg/default_base,test,2,7,pv_battery,8.927000045776367,84.7945785522461,-0.10527786612510681
fair_leg/default_base,test,2,8,pv_battery,8.968361854553223,88.06771087646484,-0.10183477401733398
fair_leg/default_base,test,2,9,pv_battery,50.825931549072266,91.76109313964844,-0.5538939833641052
fair_leg/default_base,test,2,10,pv_only,42.2396354675293,91.85672760009766,-0.4598428010940552
fair_leg/default_base,test,2,11,pv_battery,56.76648712158203,77.25574493408203,-0.7347867488861084
fair_leg/default_base,test,2,12,large_flex,-17.244348526000977,204.84323120117188,0.08418314903974533
fair_leg/default_base,test,2,13,large_flex,24.88957405090332,181.23695373535156,-0.13733167946338654
fair_leg/default_base,test,2,14,large_flex,-20.567506790161133,205.46482849121094,0.10010234266519547
fair_leg/default_base,test,2,15,pv_battery,59.58556365966797,90.3670425415039,-0.6593726277351379
fair_leg/default_base,test,2,16,pv_battery,60.249393463134766,82.03416442871094,-0.7344421744346619
fair_leg/default_base,test,2,17,large_flex,46.09696960449219,219.12710571289062,-0.21036629378795624
fair_leg/default_base,test,3,0,tenant,-14.004310607910156,62.633827209472656,0.2235902100801468
fair_leg/default_base,test,3,1,tenant,-13.129216194152832,59.18191146850586,0.2218451052904129
fair_leg/default_base,test,3,2,tenant,-15.718523025512695,70.26583862304688,0.22370073199272156
fair_leg/default_base,test,3,3,tenant,-13.89517593383789,61.681739807128906,0.2252720296382904
fair_leg/default_base,test,3,4,tenant,-13.866264343261719,61.75115966796875,0.22455066442489624
fair_leg/default_base,test,3,5,tenant,-13.950020790100098,62.27299880981445,0.2240140438079834
fair_leg/default_base,test,3,6,pv_only,17.233375549316406,85.24974822998047,-0.20215167105197906
fair_leg/default_base,test,3,7,pv_battery,19.59673309326172,81.70304107666016,-0.23985305428504944
fair_leg/default_base,test,3,8,pv_battery,19.892871856689453,72.66333770751953,-0.2737676203250885
fair_leg/default_base,test,3,9,pv_battery,26.946760177612305,93.52278137207031,-0.28813043236732483
fair_leg/default_base,test,3,10,pv_only,8.925947189331055,77.6488037109375,-0.11495286226272583
fair_leg/default_base,test,3,11,pv_battery,14.71353816986084,79.91842651367188,-0.18410703539848328
fair_leg/default_base,test,3,12,large_flex,11.687511444091797,216.7044219970703,-0.053932975977659225
fair_leg/default_base,test,3,13,large_flex,53.90320587158203,213.9955596923828,-0.25188928842544556
fair_leg/default_base,test,3,14,large_flex,49.557212829589844,223.9399871826172,-0.22129686176776886
fair_leg/default_base,test,3,15,pv_battery,47.60795593261719,80.59619903564453,-0.5906969904899597
fair_leg/default_base,test,3,16,pv_battery,47.930538177490234,81.26229095458984,-0.5898256897926331
fair_leg/default_base,test,3,17,large_flex,41.88097381591797,207.4656524658203,-0.20186954736709595
fair_leg/default_base,test,4,0,tenant,-13.768072128295898,62.15242385864258,0.2215210646390915
fair_leg/default_base,test,4,1,tenant,-13.59528636932373,61.42643737792969,0.2213263362646103
fair_leg/default_base,test,4,2,tenant,-16.194978713989258,72.35894012451172,0.22381456196308136
fair_leg/default_base,test,4,3,tenant,-14.800073623657227,65.97551727294922,0.22432675957679749
fair_leg/default_base,test,4,4,tenant,-14.685338973999023,66.20619201660156,0.2218121737241745
fair_leg/default_base,test,4,5,tenant,-13.479825973510742,60.11405563354492,0.22423750162124634
fair_leg/default_base,test,4,6,pv_only,26.374731063842773,89.06841278076172,-0.2961176633834839
fair_leg/default_base,test,4,7,pv_battery,44.953853607177734,82.7998275756836,-0.5429220199584961
fair_leg/default_base,test,4,8,pv_battery,10.478991508483887,72.0082778930664,-0.14552472531795502
fair_leg/default_base,test,4,9,pv_battery,55.99628448486328,86.46599578857422,-0.6476105451583862
fair_leg/default_base,test,4,10,pv_only,24.827404022216797,76.42791748046875,-0.3248472809791565
fair_leg/default_base,test,4,11,pv_battery,57.48125457763672,76.65846252441406,-0.7498354911804199
fair_leg/default_base,test,4,12,large_flex,60.221405029296875,205.79310607910156,-0.29263076186180115
fair_leg/default_base,test,4,13,large_flex,36.54943084716797,190.24539184570312,-0.19211730360984802
fair_leg/default_base,test,4,14,large_flex,60.429443359375,204.85440063476562,-0.29498711228370667
fair_leg/default_base,test,4,15,pv_battery,47.66999816894531,89.1939697265625,-0.5344529747962952
fair_leg/default_base,test,4,16,pv_battery,30.40874481201172,86.89279174804688,-0.34995707869529724
fair_leg/default_base,test,4,17,large_flex,29.879600524902344,197.13223266601562,-0.1515713930130005
fair_leg/default_base,test,5,0,tenant,-14.456554412841797,65.47962951660156,0.22077929973602295
fair_leg/default_base,test,5,1,tenant,-16.251258850097656,72.49996948242188,0.22415544092655182
fair_leg/default_base,test,5,2,tenant,-12.570091247558594,56.48336410522461,0.2225450724363327
fair_leg/default_base,test,5,3,tenant,-15.450549125671387,69.02279663085938,0.22384707629680634
fair_leg/default_base,test,5,4,tenant,-12.584449768066406,56.17674255371094,0.22401537001132965
fair_leg/default_base,test,5,5,tenant,-14.821758270263672,66.93524169921875,0.22143425047397614
fair_leg/default_base,test,5,6,pv_only,31.706632614135742,81.12821960449219,-0.3908214569091797
fair_leg/default_base,test,5,7,pv_battery,45.633460998535156,95.53137969970703,-0.4776802957057953
fair_leg/default_base,test,5,8,pv_battery,39.6859245300293,90.40953063964844,-0.43895718455314636
fair_leg/default_base,test,5,9,pv_battery,52.389488220214844,77.04638671875,-0.6799734234809875
fair_leg/default_base,test,5,10,pv_only,11.26312255859375,95.9556884765625,-0.11737838387489319
fair_leg/default_base,test,5,11,pv_battery,6.075124740600586,91.12498474121094,-0.0666680857539177
fair_leg/default_base,test,5,12,large_flex,64.7541732788086,209.5968475341797,-0.308946430683136
fair_leg/default_base,test,5,13,large_flex,0.5027713775634766,216.7526397705078,-0.0023195708636194468
fair_leg/default_base,test,5,14,large_flex,4.2726826667785645,197.72850036621094,-0.02160884253680706
fair_leg/default_base,test,5,15,pv_battery,35.53194808959961,79.16350555419922,-0.44884249567985535
fair_leg/default_base,test,5,16,pv_battery,57.99085998535156,88.03372955322266,-0.6587343811988831
fair_leg/default_base,test,5,17,large_flex,6.795706748962402,204.9633026123047,-0.03315572813153267
fair_leg/default_base,test,6,0,tenant,-14.194000244140625,63.66468048095703,0.22294944524765015
fair_leg/default_base,test,6,1,tenant,-14.376839637756348,64.55371856689453,0.22271114587783813
fair_leg/default_base,test,6,2,tenant,-15.531488418579102,69.72496032714844,0.22275373339653015
fair_leg/default_base,test,6,3,tenant,-14.151971817016602,64.16187286376953,0.22056667506694794
fair_leg/default_base,test,6,4,tenant,-12.079887390136719,54.091068267822266,0.22332502901554108
fair_leg/default_base,test,6,5,tenant,-16.167430877685547,72.30187225341797,0.22361017763614655
fair_leg/default_base,test,6,6,pv_only,4.973606109619141,88.91521453857422,-0.05593648552894592
fair_leg/default_base,test,6,7,pv_battery,61.39447021484375,68.42283630371094,-0.8972806334495544
fair_leg/default_base,test,6,8,pv_battery,47.55049133300781,79.10440826416016,-0.6011102795600891
fair_leg/default_base,test,6,9,pv_battery,42.500125885009766,82.94664764404297,-0.512378990650177
fair_leg/default_base,test,6,10,pv_only,14.319788932800293,83.30595397949219,-0.17189395427703857
fair_leg/default_base,test,6,11,pv_battery,0.7820074558258057,77.62564086914062,-0.010074096731841564
fair_leg/default_base,test,6,12,large_flex,59.26494216918945,193.56597900390625,-0.30617430806159973
fair_leg/default_base,test,6,13,large_flex,8.968716621398926,186.5530548095703,-0.048075977712869644
fair_leg/default_base,test,6,14,large_flex,31.823604583740234,198.32691955566406,-0.16046030819416046
fair_leg/default_base,test,6,15,pv_battery,51.237918853759766,92.69847106933594,-0.5527370572090149
fair_leg/default_base,test,6,16,pv_battery,37.35723114013672,90.08251953125,-0.41469985246658325
fair_leg/default_base,test,6,17,large_flex,58.652305603027344,208.28182983398438,-0.2816006541252136
fair_leg/default_base,test,7,0,tenant,-12.658214569091797,56.37227249145508,0.22454684972763062
fair_leg/default_base,test,7,1,tenant,-14.288895606994629,64.04303741455078,0.22311389446258545
fair_leg/default_base,test,7,2,tenant,-14.001975059509277,62.43913650512695,0.22425003349781036
fair_leg/default_base,test,7,3,tenant,-12.974903106689453,57.86317443847656,0.2242341935634613
fair_leg/default_base,test,7,4,tenant,-14.492549896240234,64.57722473144531,0.22442194819450378
fair_leg/default_base,test,7,5,tenant,-14.187597274780273,63.76203536987305,0.22250843048095703
fair_leg/default_base,test,7,6,pv_only,36.39237976074219,89.17561340332031,-0.40809768438339233
fair_leg/default_base,test,7,7,pv_battery,26.189952850341797,93.81871032714844,-0.27915483713150024
fair_leg/default_base,test,7,8,pv_battery,28.927095413208008,79.26966094970703,-0.36492016911506653
fair_leg/default_base,test,7,9,pv_battery,43.31060028076172,83.69727325439453,-0.5174672603607178
fair_leg/default_base,test,7,10,pv_only,37.62202072143555,89.58158111572266,-0.41997483372688293
fair_leg/default_base,test,7,11,pv_battery,57.48408508300781,88.0494613647461,-0.652860701084137
fair_leg/default_base,test,7,12,large_flex,49.11128234863281,192.69558715820312,-0.2548644542694092
fair_leg/default_base,test,7,13,large_flex,28.42724609375,189.23648071289062,-0.15022069215774536
fair_leg/default_base,test,7,14,large_flex,12.835654258728027,205.96295166015625,-0.06232020631432533
fair_leg/default_base,test,7,15,pv_battery,35.93180847167969,87.1794204711914,-0.4121595621109009
fair_leg/default_base,test,7,16,pv_battery,42.92012023925781,85.78961181640625,-0.5002950429916382
fair_leg/default_base,test,7,17,large_flex,57.741111755371094,207.57110595703125,-0.2781749367713928
fair_leg/default_base,test,8,0,tenant,-13.96621322631836,62.965553283691406,0.22180721163749695
fair_leg/default_base,test,8,1,tenant,-14.30985164642334,64.07431030273438,0.22333216667175293
fair_leg/default_base,test,8,2,tenant,-14.798858642578125,66.06665802001953,0.22399884462356567
fair_leg/default_base,test,8,3,tenant,-15.819573402404785,70.55229187011719,0.22422483563423157
fair_leg/default_base,test,8,4,tenant,-13.400920867919922,59.791648864746094,0.2241269201040268
fair_leg/default_base,test,8,5,tenant,-15.104283332824707,67.35026550292969,0.22426460683345795
fair_leg/default_base,test,8,6,pv_only,-6.044475078582764,89.90369415283203,0.06723276525735855
fair_leg/default_base,test,8,7,pv_battery,39.147727966308594,80.24171447753906,-0.48787248134613037
fair_leg/default_base,test,8,8,pv_battery,12.920411109924316,86.0987319946289,-0.15006501972675323
fair_leg/default_base,test,8,9,pv_battery,28.782550811767578,90.46062469482422,-0.31817787885665894
fair_leg/default_base,test,8,10,pv_only,27.80865478515625,76.1808853149414,-0.3650345504283905
fair_leg/default_base,test,8,11,pv_battery,9.45617389678955,89.7593002319336,-0.10535035282373428
fair_leg/default_base,test,8,12,large_flex,39.561073303222656,182.61277770996094,-0.21663907170295715
fair_leg/default_base,test,8,13,large_flex,55.894134521484375,183.36631774902344,-0.3048223853111267
fair_leg/default_base,test,8,14,large_flex,26.86293601989746,183.66424560546875,-0.1462610512971878
fair_leg/default_base,test,8,15,pv_battery,14.734771728515625,82.60540771484375,-0.17837534844875336
fair_leg/default_base,test,8,16,pv_battery,19.457275390625,94.55230712890625,-0.20578308403491974
fair_leg/default_base,test,8,17,large_flex,36.86988067626953,202.8647918701172,-0.18174602091312408
fair_leg/default_base,test,9,0,tenant,-15.673818588256836,70.0582046508789,0.22372585535049438
fair_leg/default_base,test,9,1,tenant,-12.422911643981934,55.69179153442383,0.22306548058986664
fair_leg/default_base,test,9,2,tenant,-15.550638198852539,68.88367462158203,0.22575215995311737
fair_leg/default_base,test,9,3,tenant,-14.006158828735352,62.655616760253906,0.22354191541671753
fair_leg/default_base,test,9,4,tenant,-13.606691360473633,61.0221061706543,0.22297978401184082
fair_leg/default_base,test,9,5,tenant,-13.96590805053711,62.020748138427734,0.22518128156661987
fair_leg/default_base,test,9,6,pv_only,25.944690704345703,86.77166748046875,-0.29899951815605164
fair_leg/default_base,test,9,7,pv_battery,31.360416412353516,71.95958709716797,-0.43580588698387146
fair_leg/default_base,test,9,8,pv_battery,11.581475257873535,75.52348327636719,-0.15334929525852203
fair_leg/default_base,test,9,9,pv_battery,50.83475875854492,80.29789733886719,-0.6330768465995789
fair_leg/default_base,test,9,10,pv_only,35.67986297607422,91.98482513427734,-0.3878885507583618
fair_leg/default_base,test,9,11,pv_battery,2.66900634765625,93.70648956298828,-0.028482625260949135
fair_leg/default_base,test,9,12,large_flex,-11.919791221618652,238.96209716796875,0.04988151788711548
fair_leg/default_base,test,9,13,large_flex,-17.16574478149414,194.73968505859375,0.0881471261382103
fair_leg/default_base,test,9,14,large_flex,18.1013126373291,201.51390075683594,-0.08982661366462708
fair_leg/default_base,test,9,15,pv_battery,63.415916442871094,95.91413879394531,-0.6611735224723816
fair_leg/default_base,test,9,16,pv_battery,28.991695404052734,87.90290069580078,-0.32981500029563904
fair_leg/default_base,test,9,17,large_flex,13.86422348022461,177.35377502441406,-0.07817265391349792
fair_leg/default_base,test,10,0,tenant,-14.961150169372559,67.41810607910156,0.2219158411026001
fair_leg/default_base,test,10,1,tenant,-12.747299194335938,57.790008544921875,0.22057974338531494
fair_leg/default_base,test,10,2,tenant,-13.449151992797852,60.276390075683594,0.22312460839748383
fair_leg/default_base,test,10,3,tenant,-14.698440551757812,65.67347717285156,0.22381094098091125
fair_leg/default_base,test,10,4,tenant,-15.102086067199707,67.2275619506836,0.2246410995721817
fair_leg/default_base,test,10,5,tenant,-13.436126708984375,60.786712646484375,0.2210371196269989
fair_leg/default_base,test,10,6,pv_only,34.903533935546875,88.04647827148438,-0.3964219093322754
fair_leg/default_base,test,10,7,pv_battery,29.04096221923828,91.16907501220703,-0.3185396194458008
fair_leg/default_base,test,10,8,pv_battery,34.19028854370117,90.3240966796875,-0.3785288631916046
fair_leg/default_base,test,10,9,pv_battery,-2.7785816192626953,86.59068298339844,0.03208873048424721
fair_leg/default_base,test,10,10,pv_only,3.5152814388275146,82.48348236083984,-0.0426180399954319
fair_leg/default_base,test,10,11,pv_battery,29.588878631591797,92.20865631103516,-0.3208903670310974
fair_leg/default_base,test,10,12,large_flex,56.41090774536133,228.5016326904297,-0.2468731850385666
fair_leg/default_base,test,10,13,large_flex,31.988666534423828,190.19651794433594,-0.16818751394748688
fair_leg/default_base,test,10,14,large_flex,13.946151733398438,177.0040283203125,-0.07879006862640381
fair_leg/default_base,test,10,15,pv_battery,59.90190124511719,83.85359191894531,-0.7143625617027283
fair_leg/default_base,test,10,16,pv_battery,10.692541122436523,84.9761962890625,-0.12582984566688538
fair_leg/default_base,test,10,17,large_flex,32.122161865234375,209.84616088867188,-0.15307481586933136
fair_leg/default_base,test,11,0,tenant,-16.163034439086914,72.15080261230469,0.22401747107505798
fair_leg/default_base,test,11,1,tenant,-13.847044944763184,62.132808685302734,0.22286202013492584
fair_leg/default_base,test,11,2,tenant,-15.504138946533203,69.55110168457031,0.222917377948761
fair_leg/default_base,test,11,3,tenant,-14.519521713256836,64.90348815917969,0.22370941936969757
fair_leg/default_base,test,11,4,tenant,-14.941076278686523,66.502685546875,0.2246687263250351
fair_leg/default_base,test,11,5,tenant,-14.036911010742188,62.70114517211914,0.22387006878852844
fair_leg/default_base,test,11,6,pv_only,29.647262573242188,85.8766860961914,-0.3452306389808655
fair_leg/default_base,test,11,7,pv_battery,43.06085968017578,84.4786148071289,-0.5097248554229736
fair_leg/default_base,test,11,8,pv_battery,23.162960052490234,94.71376037597656,-0.24455766379833221
fair_leg/default_base,test,11,9,pv_battery,52.55316162109375,86.70022583007812,-0.606148362159729
fair_leg/default_base,test,11,10,pv_only,8.88533878326416,90.72291564941406,-0.09793924540281296
fair_leg/default_base,test,11,11,pv_battery,53.37200164794922,75.66815185546875,-0.7053433060646057
fair_leg/default_base,test,11,12,large_flex,-12.603796005249023,215.45156860351562,0.05849943682551384
fair_leg/default_base,test,11,13,large_flex,46.66752243041992,230.04476928710938,-0.20286281406879425
fair_leg/default_base,test,11,14,large_flex,57.90211868286133,221.48182678222656,-0.26143062114715576
fair_leg/default_base,test,11,15,pv_battery,49.13057327270508,79.61206817626953,-0.617124617099762
fair_leg/default_base,test,11,16,pv_battery,31.75734519958496,91.61184692382812,-0.3466510474681854
fair_leg/default_base,test,11,17,large_flex,55.90898895263672,184.9727020263672,-0.3022555112838745
fair_leg/default_base,test,12,0,tenant,-13.8014497756958,61.44271469116211,0.22462308406829834
fair_leg/default_base,test,12,1,tenant,-13.364188194274902,59.79969787597656,0.22348254919052124
fair_leg/default_base,test,12,2,tenant,-14.704877853393555,65.94331359863281,0.2229926437139511
fair_leg/default_base,test,12,3,tenant,-15.600034713745117,69.69342803955078,0.22383800148963928
fair_leg/default_base,test,12,4,tenant,-13.880847930908203,61.78516387939453,0.22466319799423218
fair_leg/default_base,test,12,5,tenant,-14.95097541809082,67.02764892578125,0.2230568677186966
fair_leg/default_base,test,12,6,pv_only,13.68120288848877,82.48181915283203,-0.16586938500404358
fair_leg/default_base,test,12,7,pv_battery,49.20287322998047,86.35420989990234,-0.5697795748710632
fair_leg/default_base,test,12,8,pv_battery,41.65068054199219,73.18670654296875,-0.5691016316413879
fair_leg/default_base,test,12,9,pv_battery,6.347152233123779,83.92576599121094,-0.07562821358442307
fair_leg/default_base,test,12,10,pv_only,40.7172737121582,93.49021911621094,-0.4355243742465973
fair_leg/default_base,test,12,11,pv_battery,59.843021392822266,92.68009948730469,-0.645694375038147
fair_leg/default_base,test,12,12,large_flex,34.06525421142578,198.4273223876953,-0.17167626321315765
fair_leg/default_base,test,12,13,large_flex,21.036577224731445,195.70989990234375,-0.10748860239982605
fair_leg/default_base,test,12,14,large_flex,-9.4496488571167,230.02713012695312,0.04108061268925667
fair_leg/default_base,test,12,15,pv_battery,2.7879087924957275,83.97183227539062,-0.033200524747371674
fair_leg/default_base,test,12,16,pv_battery,3.935971260070801,93.6460952758789,-0.04203024134039879
fair_leg/default_base,test,12,17,large_flex,43.681922912597656,205.8638153076172,-0.2121884524822235
fair_leg/default_base,test,13,0,tenant,-14.472601890563965,65.24479675292969,0.22182008624076843
fair_leg/default_base,test,13,1,tenant,-15.592020034790039,69.55045318603516,0.22418290376663208
fair_leg/default_base,test,13,2,tenant,-12.675924301147461,56.62065124511719,0.22387464344501495
fair_leg/default_base,test,13,3,tenant,-15.077978134155273,68.10638427734375,0.22138862311840057
fair_leg/default_base,test,13,4,tenant,-14.017698287963867,62.777862548828125,0.223290354013443
fair_leg/default_base,test,13,5,tenant,-14.923078536987305,67.26835632324219,0.22184400260448456
fair_leg/default_base,test,13,6,pv_only,-9.382486343383789,94.4789810180664,0.09930765628814697
fair_leg/default_base,test,13,7,pv_battery,37.10305404663086,77.69390106201172,-0.47755447030067444
fair_leg/default_base,test,13,8,pv_battery,46.44612121582031,75.55756378173828,-0.6147120594978333
fair_leg/default_base,test,13,9,pv_battery,0.20864993333816528,85.7825927734375,-0.002432310488075018
fair_leg/default_base,test,13,10,pv_only,30.28826904296875,79.85309600830078,-0.3792997896671295
fair_leg/default_base,test,13,11,pv_battery,44.962554931640625,81.53446960449219,-0.5514543056488037
fair_leg/default_base,test,13,12,large_flex,30.800203323364258,209.47874450683594,-0.14703258872032166
fair_leg/default_base,test,13,13,large_flex,59.40928649902344,191.4552459716797,-0.31030401587486267
fair_leg/default_base,test,13,14,large_flex,42.54304504394531,195.6560821533203,-0.21743780374526978
fair_leg/default_base,test,13,15,pv_battery,5.640110492706299,81.54383850097656,-0.0691666379570961
fair_leg/default_base,test,13,16,pv_battery,36.73309326171875,75.5238037109375,-0.4863772988319397
fair_leg/default_base,test,13,17,large_flex,54.898582458496094,235.9943084716797,-0.23262690007686615
fair_leg/default_base,test,14,0,tenant,-14.4609375,64.54833984375,0.22403265535831451
fair_leg/default_base,test,14,1,tenant,-12.0828275680542,54.62171173095703,0.22120927274227142
fair_leg/default_base,test,14,2,tenant,-15.910853385925293,71.51648712158203,0.22247807681560516
fair_leg/default_base,test,14,3,tenant,-13.87594985961914,63.19842529296875,0.21956174075603485
fair_leg/default_base,test,14,4,tenant,-15.200407981872559,67.76394653320312,0.2243141531944275
fair_leg/default_base,test,14,5,tenant,-14.691743850708008,65.76097106933594,0.2234112173318863
fair_leg/default_base,test,14,6,pv_only,-0.9721965789794922,81.26487731933594,0.011963274329900742
fair_leg/default_base,test,14,7,pv_battery,59.714698791503906,89.22527313232422,-0.6692574620246887
fair_leg/default_base,test,14,8,pv_battery,57.64637756347656,70.50829315185547,-0.8175830245018005
fair_leg/default_base,test,14,9,pv_battery,45.319908142089844,76.63369750976562,-0.5913839340209961
fair_leg/default_base,test,14,10,pv_only,36.02730178833008,84.27347564697266,-0.4275045394897461
fair_leg/default_base,test,14,11,pv_battery,52.4826545715332,94.81993103027344,-0.5534980297088623
fair_leg/default_base,test,14,12,large_flex,17.014362335205078,196.6439208984375,-0.08652374893426895
fair_leg/default_base,test,14,13,large_flex,54.54851531982422,204.53672790527344,-0.26669299602508545
fair_leg/default_base,test,14,14,large_flex,12.017461776733398,219.083740234375,-0.054853275418281555
fair_leg/default_base,test,14,15,pv_battery,55.691436767578125,77.27157592773438,-0.720723569393158
fair_leg/default_base,test,14,16,pv_battery,23.036884307861328,78.55946350097656,-0.29324132204055786
fair_leg/default_base,test,14,17,large_flex,7.311070919036865,223.69619750976562,-0.03268303722143173
fair_leg/default_base,test,15,0,tenant,-16.623401641845703,74.6938247680664,0.22255384922027588
fair_leg/default_base,test,15,1,tenant,-14.554571151733398,65.07762908935547,0.22364936769008636
fair_leg/default_base,test,15,2,tenant,-13.964282989501953,62.6085205078125,0.22304119169712067
fair_leg/default_base,test,15,3,tenant,-13.981241226196289,62.717777252197266,0.22292323410511017
fair_leg/default_base,test,15,4,tenant,-12.973122596740723,58.54052734375,0.22160926461219788
fair_leg/default_base,test,15,5,tenant,-13.951135635375977,62.90364074707031,0.22178567945957184
fair_leg/default_base,test,15,6,pv_only,12.401165008544922,89.89776611328125,-0.13794741034507751
fair_leg/default_base,test,15,7,pv_battery,11.20074462890625,97.54315948486328,-0.1148286834359169
fair_leg/default_base,test,15,8,pv_battery,51.5869140625,72.86759948730469,-0.7079541087150574
fair_leg/default_base,test,15,9,pv_battery,-0.7018488645553589,86.77117156982422,0.008088499307632446
fair_leg/default_base,test,15,10,pv_only,18.644752502441406,75.73419952392578,-0.24618670344352722
fair_leg/default_base,test,15,11,pv_battery,61.28934860229492,92.31656646728516,-0.663904070854187
fair_leg/default_base,test,15,12,large_flex,7.445313453674316,210.69766235351562,-0.03533647954463959
fair_leg/default_base,test,15,13,large_flex,31.403188705444336,199.19363403320312,-0.15765149891376495
fair_leg/default_base,test,15,14,large_flex,48.132530212402344,219.95989990234375,-0.21882422268390656
fair_leg/default_base,test,15,15,pv_battery,40.75177764892578,102.40504455566406,-0.3979467451572418
fair_leg/default_base,test,15,16,pv_battery,37.11501693725586,84.61502075195312,-0.4386340081691742
fair_leg/default_base,test,15,17,large_flex,41.24486541748047,209.6678466796875,-0.19671531021595
fair_leg/default_base,test,16,0,tenant,-14.97431755065918,67.2093505859375,0.2228011041879654
fair_leg/default_base,test,16,1,tenant,-12.237300872802734,54.931549072265625,0.22277355194091797
fair_leg/default_base,test,16,2,tenant,-15.10706901550293,67.35568237304688,0.2242879420518875
fair_leg/default_base,test,16,3,tenant,-13.764979362487793,62.17927551269531,0.22137562930583954
fair_leg/default_base,test,16,4,tenant,-12.981344223022461,58.209693908691406,0.22301006317138672
fair_leg/default_base,test,16,5,tenant,-12.885662078857422,57.75937271118164,0.22309210896492004
fair_leg/default_base,test,16,6,pv_only,37.57354736328125,90.48619079589844,-0.41524097323417664
fair_leg/default_base,test,16,7,pv_battery,25.754947662353516,92.22779846191406,-0.2792537212371826
fair_leg/default_base,test,16,8,pv_battery,15.238028526306152,82.8550033569336,-0.18391190469264984
fair_leg/default_base,test,16,9,pv_battery,39.91864776611328,94.79684448242188,-0.4210970103740692
fair_leg/default_base,test,16,10,pv_only,23.377330780029297,98.70648193359375,-0.23683691024780273
fair_leg/default_base,test,16,11,pv_battery,55.43382263183594,91.78948211669922,-0.6039234399795532
fair_leg/default_base,test,16,12,large_flex,5.179792404174805,220.208740234375,-0.023522179573774338
fair_leg/default_base,test,16,13,large_flex,-7.069627285003662,186.87705993652344,0.03783034905791283
fair_leg/default_base,test,16,14,large_flex,53.18785095214844,204.80606079101562,-0.2596985697746277
fair_leg/default_base,test,16,15,pv_battery,50.24920654296875,85.46842956542969,-0.587926983833313
fair_leg/default_base,test,16,16,pv_battery,61.434791564941406,73.39588165283203,-0.8370331525802612
fair_leg/default_base,test,16,17,large_flex,37.069271087646484,205.97467041015625,-0.17997002601623535
fair_leg/default_base,test,17,0,tenant,-14.04487133026123,62.53596496582031,0.22458872199058533
fair_leg/default_base,test,17,1,tenant,-12.981062889099121,58.3036994934082,0.22264541685581207
fair_leg/default_base,test,17,2,tenant,-12.157176971435547,53.944068908691406,0.22536638379096985
fair_leg/default_base,test,17,3,tenant,-14.501096725463867,65.78950500488281,0.22041650116443634
fair_leg/default_base,test,17,4,tenant,-13.131635665893555,58.92573165893555,0.22285069525241852
fair_leg/default_base,test,17,5,tenant,-14.182909965515137,63.63812255859375,0.22286801040172577
fair_leg/default_base,test,17,6,pv_only,23.871257781982422,76.66487121582031,-0.3113715350627899
fair_leg/default_base,test,17,7,pv_battery,53.322265625,85.16590118408203,-0.6260985732078552
fair_leg/default_base,test,17,8,pv_battery,37.80060577392578,74.32852935791016,-0.5085615515708923
fair_leg/default_base,test,17,9,pv_battery,52.50432205200195,82.66796875,-0.6351227164268494
fair_leg/default_base,test,17,10,pv_only,20.698780059814453,80.77920532226562,-0.2562389075756073
fair_leg/default_base,test,17,11,pv_battery,35.0388069152832,89.17574310302734,-0.3929184675216675
fair_leg/default_base,test,17,12,large_flex,45.78684616088867,216.91053771972656,-0.21108627319335938
fair_leg/default_base,test,17,13,large_flex,14.942608833312988,195.1348419189453,-0.07657582312822342
fair_leg/default_base,test,17,14,large_flex,41.30419921875,230.5649871826172,-0.179143488407135
fair_leg/default_base,test,17,15,pv_battery,63.03303909301758,81.8302001953125,-0.770291268825531
fair_leg/default_base,test,17,16,pv_battery,25.05029296875,93.58142852783203,-0.2676844596862793
fair_leg/default_base,test,17,17,large_flex,36.81588363647461,221.88687133789062,-0.16592183709144592
fair_leg/default_base,test,18,0,tenant,-13.959207534790039,62.71976852416992,0.22256465256214142
fair_leg/default_base,test,18,1,tenant,-13.995662689208984,63.05696105957031,0.2219526171684265
fair_leg/default_base,test,18,2,tenant,-14.475866317749023,65.02294158935547,0.22262698411941528
fair_leg/default_base,test,18,3,tenant,-13.895095825195312,61.90911865234375,0.22444331645965576
fair_leg/default_base,test,18,4,tenant,-12.989038467407227,58.7082405090332,0.22124721109867096
fair_leg/default_base,test,18,5,tenant,-15.85465145111084,70.38614654541016,0.22525238990783691
fair_leg/default_base,test,18,6,pv_only,-12.626225471496582,88.58834075927734,0.14252696931362152
fair_leg/default_base,test,18,7,pv_battery,43.987972259521484,88.0772476196289,-0.49942436814308167
fair_leg/default_base,test,18,8,pv_battery,18.875818252563477,79.63179016113281,-0.23703870177268982
fair_leg/default_base,test,18,9,pv_battery,50.995155334472656,78.36991119384766,-0.6506987810134888
fair_leg/default_base,test,18,10,pv_only,35.99921417236328,73.76455688476562,-0.4880284070968628
fair_leg/default_base,test,18,11,pv_battery,38.42681121826172,81.8764419555664,-0.46932703256607056
fair_leg/default_base,test,18,12,large_flex,53.32585144042969,193.24049377441406,-0.2759557366371155
fair_leg/default_base,test,18,13,large_flex,57.75768280029297,201.227294921875,-0.2870270907878876
fair_leg/default_base,test,18,14,large_flex,56.55023956298828,223.53965759277344,-0.2529764473438263
fair_leg/default_base,test,18,15,pv_battery,58.94476318359375,85.72362518310547,-0.6876141428947449
fair_leg/default_base,test,18,16,pv_battery,51.133087158203125,85.09390258789062,-0.6009014844894409
fair_leg/default_base,test,18,17,large_flex,-5.907864093780518,197.70721435546875,0.02988187037408352
fair_leg/default_base,test,19,0,tenant,-15.425457000732422,68.8856201171875,0.22392837703227997
fair_leg/default_base,test,19,1,tenant,-13.310744285583496,59.58950424194336,0.22337381541728973
fair_leg/default_base,test,19,2,tenant,-13.280084609985352,59.54359436035156,0.22303135693073273
fair_leg/default_base,test,19,3,tenant,-13.128776550292969,59.20698928833008,0.22174352407455444
fair_leg/default_base,test,19,4,tenant,-13.567522048950195,60.636199951171875,0.22375285625457764
fair_leg/default_base,test,19,5,tenant,-11.85257339477539,53.75758361816406,0.2204820215702057
fair_leg/default_base,test,19,6,pv_only,25.91107940673828,87.54927062988281,-0.29596003890037537
fair_leg/default_base,test,19,7,pv_battery,60.70052719116211,80.59639739990234,-0.7531419992446899
fair_leg/default_base,test,19,8,pv_battery,11.224384307861328,78.52198028564453,-0.1429457813501358
fair_leg/default_base,test,19,9,pv_battery,13.690773963928223,99.76522827148438,-0.13722991943359375
fair_leg/default_base,test,19,10,pv_only,40.45911407470703,84.8145980834961,-0.47703006863594055
fair_leg/default_base,test,19,11,pv_battery,26.486967086791992,88.55309295654297,-0.2991085946559906
fair_leg/default_base,test,19,12,large_flex,21.14931297302246,218.55615234375,-0.09676828980445862
fair_leg/default_base,test,19,13,large_flex,33.11079025268555,223.74447631835938,-0.14798490703105927
fair_leg/default_base,test,19,14,large_flex,27.213993072509766,204.47276306152344,-0.1330934762954712
fair_leg/default_base,test,19,15,pv_battery,8.307690620422363,73.83027648925781,-0.11252421885728836
fair_leg/default_base,test,19,16,pv_battery,19.404293060302734,86.82530975341797,-0.22348652780056
fair_leg/default_base,test,19,17,large_flex,61.73321533203125,187.8963623046875,-0.3285493850708008
tariff/fixed_base,test,0,0,tenant,1.9198427200317383,72.69613647460938,-0.026409121230244637
tariff/fixed_base,test,0,1,tenant,2.7564849853515625,69.583251953125,-0.03961421549320221
tariff/fixed_base,test,0,2,tenant,4.1693220138549805,62.99239730834961,-0.06618768721818924
tariff/fixed_base,test,0,3,tenant,5.1506218910217285,58.74997329711914,-0.08767018467187881
tariff/fixed_base,test,0,4,tenant,2.361268997192383,71.63943481445312,-0.032960474491119385
tariff/fixed_base,test,0,5,tenant,4.0386481285095215,64.07042694091797,-0.06303449720144272
tariff/fixed_base,test,0,6,pv_only,15.321355819702148,81.1683578491211,-0.1887602061033249
tariff/fixed_base,test,0,7,pv_battery,6.2026448249816895,84.80936431884766,-0.07313631474971771
tariff/fixed_base,test,0,8,pv_battery,18.007831573486328,87.64793395996094,-0.20545630156993866
tariff/fixed_base,test,0,9,pv_battery,13.881843566894531,78.14643096923828,-0.17763888835906982
tariff/fixed_base,test,0,10,pv_only,18.462278366088867,82.98085021972656,-0.22248858213424683
tariff/fixed_base,test,0,11,pv_battery,7.155133247375488,87.82832336425781,-0.08146727830171585
tariff/fixed_base,test,0,12,large_flex,16.553274154663086,163.15771484375,-0.10145561397075653
tariff/fixed_base,test,0,13,large_flex,-0.7274160385131836,212.2732391357422,0.0034268207382410765
tariff/fixed_base,test,0,14,large_flex,14.430681228637695,196.8924102783203,-0.07329219579696655
tariff/fixed_base,test,0,15,pv_battery,21.312908172607422,83.90279388427734,-0.25401920080184937
tariff/fixed_base,test,0,16,pv_battery,16.734365463256836,81.3831787109375,-0.20562432706356049
tariff/fixed_base,test,0,17,large_flex,15.706568717956543,200.39971923828125,-0.07837622612714767
tariff/fixed_base,test,1,0,tenant,39.223968505859375,54.457115173339844,-0.7202728986740112
tariff/fixed_base,test,1,1,tenant,36.10123825073242,68.22596740722656,-0.5291421413421631
tariff/fixed_base,test,1,2,tenant,39.044219970703125,55.17155075073242,-0.707687497138977
tariff/fixed_base,test,1,3,tenant,37.549049377441406,61.46684646606445,-0.6108826994895935
tariff/fixed_base,test,1,4,tenant,39.006195068359375,55.16480255126953,-0.7070848345756531
tariff/fixed_base,test,1,5,tenant,37.448326110839844,62.23639678955078,-0.601711094379425
tariff/fixed_base,test,1,6,pv_only,17.933801651000977,74.15965270996094,-0.2418268322944641
tariff/fixed_base,test,1,7,pv_battery,6.507241249084473,72.0064468383789,-0.09037025272846222
tariff/fixed_base,test,1,8,pv_battery,5.885967254638672,92.32186889648438,-0.06375489383935928
tariff/fixed_base,test,1,9,pv_battery,13.585002899169922,78.94182586669922,-0.17208880186080933
tariff/fixed_base,test,1,10,pv_only,15.459095001220703,82.67589569091797,-0.1869843751192093
tariff/fixed_base,test,1,11,pv_battery,17.48082733154297,92.00402069091797,-0.19000068306922913
tariff/fixed_base,test,1,12,large_flex,10.946771621704102,178.49832153320312,-0.06132698431611061
tariff/fixed_base,test,1,13,large_flex,26.87415313720703,245.25674438476562,-0.10957567393779755
tariff/fixed_base,test,1,14,large_flex,4.008658409118652,217.50503540039062,-0.018430182710289955
tariff/fixed_base,test,1,15,pv_battery,4.701203346252441,86.00672912597656,-0.054660867899656296
tariff/fixed_base,test,1,16,pv_battery,11.457412719726562,79.69620513916016,-0.14376358687877655
tariff/fixed_base,test,1,17,large_flex,18.109895706176758,225.34510803222656,-0.08036507666110992
tariff/fixed_base,test,2,0,tenant,19.86097526550293,61.47628402709961,-0.3230675458908081
tariff/fixed_base,test,2,1,tenant,20.5491886138916,58.042232513427734,-0.3540385365486145
tariff/fixed_base,test,2,2,tenant,19.015159606933594,64.21237182617188,-0.29612892866134644
tariff/fixed_base,test,2,3,tenant,18.354660034179688,68.21656799316406,-0.26906439661979675
tariff/fixed_base,test,2,4,tenant,20.480831146240234,58.41762161254883,-0.35059332847595215
tariff/fixed_base,test,2,5,tenant,16.567012786865234,75.52835083007812,-0.21934831142425537
tariff/fixed_base,test,2,6,pv_only,17.41647720336914,80.94506072998047,-0.21516411006450653
tariff/fixed_base,test,2,7,pv_battery,22.759376525878906,84.7945785522461,-0.26840612292289734
tariff/fixed_base,test,2,8,pv_battery,20.492610931396484,88.06771087646484,-0.232691690325737
tariff/fixed_base,test,2,9,pv_battery,11.411874771118164,91.76109313964844,-0.12436506897211075
tariff/fixed_base,test,2,10,pv_only,10.553712844848633,91.85672760009766,-0.11489322781562805
tariff/fixed_base,test,2,11,pv_battery,7.074522018432617,77.25574493408203,-0.09157276898622513
tariff/fixed_base,test,2,12,large_flex,12.123865127563477,204.84323120117188,-0.05918608605861664
tariff/fixed_base,test,2,13,large_flex,5.390550136566162,181.23695373535156,-0.029743101447820663
tariff/fixed_base,test,2,14,large_flex,12.505120277404785,205.46482849121094,-0.06086258217692375
tariff/fixed_base,test,2,15,pv_battery,5.339415073394775,90.3670425415039,-0.05908588320016861
tariff/fixed_base,test,2,16,pv_battery,8.98952579498291,82.03416442871094,-0.10958267003297806
tariff/fixed_base,test,2,17,large_flex,-2.796992301940918,219.12710571289062,0.012764260172843933
tariff/fixed_base,test,3,0,tenant,19.829505920410156,62.633827209472656,-0.31659409403800964
tariff/fixed_base,test,3,1,tenant,20.704599380493164,59.18191146850586,-0.34984683990478516
tariff/fixed_base,test,3,2,tenant,18.115291595458984,70.26583862304688,-0.2578105628490448
tariff/fixed_base,test,3,3,tenant,19.938640594482422,61.681739807128906,-0.3232501447200775
tariff/fixed_base,test,3,4,tenant,19.967552185058594,61.75115966796875,-0.3233549892902374
tariff/fixed_base,test,3,5,tenant,19.8837947845459,62.27299880981445,-0.3193002939224243
tariff/fixed_base,test,3,6,pv_only,15.299619674682617,85.24974822998047,-0.17946819961071014
tariff/fixed_base,test,3,7,pv_battery,19.747779846191406,81.70304107666016,-0.2417018711566925
tariff/fixed_base,test,3,8,pv_battery,22.28473663330078,72.66333770751953,-0.3066846430301666
tariff/fixed_base,test,3,9,pv_battery,16.140426635742188,93.52278137207031,-0.17258290946483612
tariff/fixed_base,test,3,10,pv_only,19.51223373413086,77.6488037109375,-0.2512882947921753
tariff/fixed_base,test,3,11,pv_battery,23.97032928466797,79.91842651367188,-0.2999350130558014
tariff/fixed_base,test,3,12,large_flex,22.729835510253906,216.7044219970703,-0.10488859564065933
tariff/fixed_base,test,3,13,large_flex,-3.2823679447174072,213.9955596923828,0.015338481403887272
tariff/fixed_base,test,3,14,large_flex,-4.462173938751221,223.9399871826172,0.019925741478800774
tariff/fixed_base,test,3,15,pv_battery,13.20169448852539,80.59619903564453,-0.163800448179245
tariff/fixed_base,test,3,16,pv_battery,10.238362312316895,81.26229095458984,-0.1259915828704834
tariff/fixed_base,test,3,17,large_flex,1.493253231048584,207.4656524658203,-0.007197587750852108
tariff/fixed_base,test,4,0,tenant,38.07833480834961,62.15242385864258,-0.6126604676246643
tariff/fixed_base,test,4,1,tenant,38.251121520996094,61.42643737792969,-0.6227142214775085
tariff/fixed_base,test,4,2,tenant,35.65142822265625,72.35894012451172,-0.492702454328537
tariff/fixed_base,test,4,3,tenant,37.04633331298828,65.97551727294922,-0.5615164637565613
tariff/fixed_base,test,4,4,tenant,37.16107177734375,66.20619201660156,-0.5612928867340088
tariff/fixed_base,test,4,5,tenant,38.366580963134766,60.11405563354492,-0.6382296681404114
tariff/fixed_base,test,4,6,pv_only,17.795124053955078,89.06841278076172,-0.1997915804386139
tariff/fixed_base,test,4,7,pv_battery,17.927494049072266,82.7998275756836,-0.2165161520242691
tariff/fixed_base,test,4,8,pv_battery,40.86003112792969,72.0082778930664,-0.5674353837966919
tariff/fixed_base,test,4,9,pv_battery,10.700655937194824,86.46599578857422,-0.12375565618276596
tariff/fixed_base,test,4,10,pv_only,24.705238342285156,76.42791748046875,-0.32324883341789246
tariff/fixed_base,test,4,11,pv_battery,11.375144958496094,76.65846252441406,-0.1483873426914215
tariff/fixed_base,test,4,12,large_flex,-7.028743743896484,205.79310607910156,0.034154415130615234
tariff/fixed_base,test,4,13,large_flex,12.02049446105957,190.24539184570312,-0.06318414211273193
tariff/fixed_base,test,4,14,large_flex,-7.622333526611328,204.85440063476562,0.03720853850245476
tariff/fixed_base,test,4,15,pv_battery,9.860763549804688,89.1939697265625,-0.11055407673120499
tariff/fixed_base,test,4,16,pv_battery,24.158849716186523,86.89279174804688,-0.2780305743217468
tariff/fixed_base,test,4,17,large_flex,19.439977645874023,197.13223266601562,-0.09861394762992859
tariff/fixed_base,test,5,0,tenant,19.300168991088867,65.47962951660156,-0.2947508990764618
tariff/fixed_base,test,5,1,tenant,17.50546646118164,72.49996948242188,-0.24145470559597015
tariff/fixed_base,test,5,2,tenant,21.186630249023438,56.48336410522461,-0.3750951290130615
tariff/fixed_base,test,5,3,tenant,18.30617332458496,69.02279663085938,-0.26521918177604675
tariff/fixed_base,test,5,4,tenant,21.172271728515625,56.17674255371094,-0.37688684463500977
tariff/fixed_base,test,5,5,tenant,18.93496322631836,66.93524169921875,-0.2828848361968994
tariff/fixed_base,test,5,6,pv_only,9.491004943847656,81.12821960449219,-0.11698774993419647
tariff/fixed_base,test,5,7,pv_battery,6.920436859130859,95.53137969970703,-0.07244151085615158
tariff/fixed_base,test,5,8,pv_battery,9.811738967895508,90.40953063964844,-0.10852543264627457
tariff/fixed_base,test,5,9,pv_battery,8.596357345581055,77.04638671875,-0.11157381534576416
tariff/fixed_base,test,5,10,pv_only,15.604679107666016,95.9556884765625,-0.162623792886734
tariff/fixed_base,test,5,11,pv_battery,26.14394187927246,91.12498474121094,-0.2869020104408264
tariff/fixed_base,test,5,12,large_flex,-9.057987213134766,209.5968475341797,0.04321625456213951
tariff/fixed_base,test,5,13,large_flex,16.728395462036133,216.7526397705078,-0.07717735320329666
tariff/fixed_base,test,5,14,large_flex,25.78757095336914,197.72850036621094,-0.13041909039020538
tariff/fixed_base,test,5,15,pv_battery,12.231230735778809,79.16350555419922,-0.15450595319271088
tariff/fixed_base,test,5,16,pv_battery,5.496150970458984,88.03372955322266,-0.06243231147527695
tariff/fixed_base,test,5,17,large_flex,26.30804443359375,204.9633026123047,-0.12835490703582764
tariff/fixed_base,test,6,0,tenant,30.142906188964844,63.66468048095703,-0.47346335649490356
tariff/fixed_base,test,6,1,tenant,29.960065841674805,64.55371856689453,-0.4641106128692627
tariff/fixed_base,test,6,2,tenant,28.805416107177734,69.72496032714844,-0.41312918066978455
tariff/fixed_base,test,6,3,tenant,30.184932708740234,64.16187286376953,-0.47044968605041504
tariff/fixed_base,test,6,4,tenant,32.25701904296875,54.091068267822266,-0.5963464379310608
tariff/fixed_base,test,6,5,tenant,28.16947364807129,72.30187225341797,-0.38960906863212585
tariff/fixed_base,test,6,6,pv_only,22.281478881835938,88.91521453857422,-0.25059229135513306
tariff/fixed_base,test,6,7,pv_battery,6.743165969848633,68.42283630371094,-0.09855137020349503
tariff/fixed_base,test,6,8,pv_battery,9.740208625793457,79.10440826416016,-0.12313105911016464
tariff/fixed_base,test,6,9,pv_battery,10.796242713928223,82.94664764404297,-0.130158931016922
tariff/fixed_base,test,6,10,pv_only,24.93536376953125,83.30595397949219,-0.29932263493537903
tariff/fixed_base,test,6,11,pv_battery,40.988067626953125,77.62564086914062,-0.5280224084854126
tariff/fixed_base,test,6,12,large_flex,-6.460937976837158,193.56597900390625,0.033378493040800095
tariff/fixed_base,test,6,13,large_flex,23.321205139160156,186.5530548095703,-0.1250111609697342
tariff/fixed_base,test,6,14,large_flex,9.761301040649414,198.32691955566406,-0.049218207597732544
tariff/fixed_base,test,6,15,pv_battery,6.663719177246094,92.69847106933594,-0.07188598811626434
tariff/fixed_base,test,6,16,pv_battery,11.072547912597656,90.08251953125,-0.12291558086872101
tariff/fixed_base,test,6,17,large_flex,-7.038586616516113,208.28182983398438,0.03379356861114502
tariff/fixed_base,test,7,0,tenant,35.224082946777344,56.37227249145508,-0.6248477101325989
tariff/fixed_base,test,7,1,tenant,33.59340286254883,64.04303741455078,-0.5245441198348999
tariff/fixed_base,test,7,2,tenant,33.88032531738281,62.43913650512695,-0.5426137447357178
tariff/fixed_base,test,7,3,tenant,34.90739440917969,57.86317443847656,-0.6032746434211731
tariff/fixed_base,test,7,4,tenant,33.389747619628906,64.57722473144531,-0.5170513987541199
tariff/fixed_base,test,7,5,tenant,33.6947021484375,63.76203536987305,-0.5284448862075806
tariff/fixed_base,test,7,6,pv_only,12.552350997924805,89.17561340332031,-0.14075994491577148
tariff/fixed_base,test,7,7,pv_battery,23.024333953857422,93.81871032714844,-0.24541305005550385
tariff/fixed_base,test,7,8,pv_battery,21.552288055419922,79.26966094970703,-0.2718856632709503
tariff/fixed_base,test,7,9,pv_battery,15.366283416748047,83.69727325439453,-0.18359355628490448
tariff/fixed_base,test,7,10,pv_only,13.006117820739746,89.58158111572266,-0.1451874077320099
tariff/fixed_base,test,7,11,pv_battery,8.738383293151855,88.0494613647461,-0.09924400597810745
tariff/fixed_base,test,7,12,large_flex,-0.049274444580078125,192.69558715820312,0.0002557097759563476
tariff/fixed_base,test,7,13,large_flex,20.007036209106445,189.23648071289062,-0.10572508722543716
tariff/fixed_base,test,7,14,large_flex,31.7324161529541,205.96295166015625,-0.15406858921051025
tariff/fixed_base,test,7,15,pv_battery,16.73101043701172,87.1794204711914,-0.19191467761993408
tariff/fixed_base,test,7,16,pv_battery,13.680649757385254,85.78961181640625,-0.159467414021492
tariff/fixed_base,test,7,17,large_flex,-6.742027282714844,207.57110595703125,0.032480545341968536
tariff/fixed_base,test,8,0,tenant,9.507824897766113,62.965553283691406,-0.15100041031837463
tariff/fixed_base,test,8,1,tenant,9.164186477661133,64.07431030273438,-0.14302434027194977
tariff/fixed_base,test,8,2,tenant,8.675178527832031,66.06665802001953,-0.1313095986843109
tariff/fixed_base,test,8,3,tenant,7.654466152191162,70.55229187011719,-0.10849355906248093
tariff/fixed_base,test,8,4,tenant,10.073116302490234,59.791648864746094,-0.16847041249275208
tariff/fixed_base,test,8,5,tenant,8.369754791259766,67.35026550292969,-0.12427196651697159
tariff/fixed_base,test,8,6,pv_only,11.278749465942383,89.90369415283203,-0.12545372545719147
tariff/fixed_base,test,8,7,pv_battery,19.101842880249023,80.24171447753906,-0.23805372416973114
tariff/fixed_base,test,8,8,pv_battery,16.496883392333984,86.0987319946289,-0.19160430133342743
tariff/fixed_base,test,8,9,pv_battery,11.343628883361816,90.46062469482422,-0.12539853155612946
tariff/fixed_base,test,8,10,pv_only,13.801924705505371,76.1808853149414,-0.18117298185825348
tariff/fixed_base,test,8,11,pv_battery,24.155651092529297,89.7593002319336,-0.2691158652305603
tariff/fixed_base,test,8,12,large_flex,6.748723030090332,182.61277770996094,-0.03695646673440933
tariff/fixed_base,test,8,13,large_flex,11.504575729370117,183.36631774902344,-0.06274092942476273
tariff/fixed_base,test,8,14,large_flex,5.076699733734131,183.66424560546875,-0.02764119952917099
tariff/fixed_base,test,8,15,pv_battery,18.217653274536133,82.60540771484375,-0.22053825855255127
tariff/fixed_base,test,8,16,pv_battery,12.153206825256348,94.55230712890625,-0.1285342276096344
tariff/fixed_base,test,8,17,large_flex,14.72734260559082,202.8647918701172,-0.07259683310985565
tariff/fixed_base,test,9,0,tenant,-1.8520724773406982,70.0582046508789,0.026436181738972664
tariff/fixed_base,test,9,1,tenant,1.3988358974456787,55.69179153442383,-0.025117427110671997
tariff/fixed_base,test,9,2,tenant,-1.7288906574249268,68.88367462158203,0.025098711252212524
tariff/fixed_base,test,9,3,tenant,-0.184411883354187,62.655616760253906,0.002943261293694377
tariff/fixed_base,test,9,4,tenant,0.21505558490753174,61.0221061706543,-0.003524244762957096
tariff/fixed_base,test,9,5,tenant,-0.14416050910949707,62.020748138427734,0.002324380213394761
tariff/fixed_base,test,9,6,pv_only,13.855899810791016,86.77166748046875,-0.15968221426010132
tariff/fixed_base,test,9,7,pv_battery,18.610708236694336,71.95958709716797,-0.2586270570755005
tariff/fixed_base,test,9,8,pv_battery,12.997559547424316,75.52348327636719,-0.1720995306968689
tariff/fixed_base,test,9,9,pv_battery,28.6301326751709,80.29789733886719,-0.3565490245819092
tariff/fixed_base,test,9,10,pv_only,18.74264144897461,91.98482513427734,-0.20375798642635345
tariff/fixed_base,test,9,11,pv_battery,9.57080364227295,93.70648956298828,-0.10213596373796463
tariff/fixed_base,test,9,12,large_flex,-4.548941135406494,238.96209716796875,0.01903623342514038
tariff/fixed_base,test,9,13,large_flex,-3.5580780506134033,194.73968505859375,0.018270935863256454
tariff/fixed_base,test,9,14,large_flex,12.61434555053711,201.51390075683594,-0.06259790062904358
tariff/fixed_base,test,9,15,pv_battery,30.538389205932617,95.91413879394531,-0.31839290261268616
tariff/fixed_base,test,9,16,pv_battery,18.848825454711914,87.90290069580078,-0.21442769467830658
tariff/fixed_base,test,9,17,large_flex,14.125056266784668,177.35377502441406,-0.07964339852333069
tariff/fixed_base,test,10,0,tenant,14.98310661315918,67.41810607910156,-0.2222415953874588
tariff/fixed_base,test,10,1,tenant,17.196958541870117,57.790008544921875,-0.2975766360759735
tariff/fixed_base,test,10,2,tenant,16.495105743408203,60.276390075683594,-0.2736579179763794
tariff/fixed_base,test,10,3,tenant,15.245816230773926,65.67347717285156,-0.23214581608772278
tariff/fixed_base,test,10,4,tenant,14.842170715332031,67.2275619506836,-0.22077521681785583
tariff/fixed_base,test,10,5,tenant,16.508132934570312,60.786712646484375,-0.27157464623451233
tariff/fixed_base,test,10,6,pv_only,13.934182167053223,88.04647827148438,-0.15825939178466797
tariff/fixed_base,test,10,7,pv_battery,10.851865768432617,91.16907501220703,-0.1190301701426506
tariff/fixed_base,test,10,8,pv_battery,18.609418869018555,90.3240966796875,-0.20602935552597046
tariff/fixed_base,test,10,9,pv_battery,19.806751251220703,86.59068298339844,-0.2287398725748062
tariff/fixed_base,test,10,10,pv_only,17.084659576416016,82.48348236083984,-0.20712804794311523
tariff/fixed_base,test,10,11,pv_battery,12.33884048461914,92.20865631103516,-0.1338144689798355
tariff/fixed_base,test,10,12,large_flex,-0.6629846096038818,228.5016326904297,0.0029014518950134516
tariff/fixed_base,test,10,13,large_flex,7.883885860443115,190.19651794433594,-0.04145124554634094
tariff/fixed_base,test,10,14,large_flex,8.25926399230957,177.0040283203125,-0.04666147381067276
tariff/fixed_base,test,10,15,pv_battery,12.247124671936035,83.85359191894531,-0.14605358242988586
tariff/fixed_base,test,10,16,pv_battery,20.11735725402832,84.9761962890625,-0.23674122989177704
tariff/fixed_base,test,10,17,large_flex,13.386789321899414,209.84616088867188,-0.06379332393407822
tariff/fixed_base,test,11,0,tenant,31.58544921875,72.15080261230469,-0.4377698004245758
tariff/fixed_base,test,11,1,tenant,33.90143585205078,62.132808685302734,-0.5456287860870361
tariff/fixed_base,test,11,2,tenant,32.244346618652344,69.55110168457031,-0.463606595993042
tariff/fixed_base,test,11,3,tenant,33.22896194458008,64.90348815917969,-0.5119748115539551
tariff/fixed_base,test,11,4,tenant,32.807403564453125,66.502685546875,-0.4933246076107025
tariff/fixed_base,test,11,5,tenant,33.711570739746094,62.70114517211914,-0.5376545786857605
tariff/fixed_base,test,11,6,pv_only,16.572851181030273,85.8766860961914,-0.1929842233657837
tariff/fixed_base,test,11,7,pv_battery,13.381068229675293,84.4786148071289,-0.1583959311246872
tariff/fixed_base,test,11,8,pv_battery,24.44725227355957,94.71376037597656,-0.2581171989440918
tariff/fixed_base,test,11,9,pv_battery,9.796548843383789,86.70022583007812,-0.11299329251050949
tariff/fixed_base,test,11,10,pv_only,25.63935089111328,90.72291564941406,-0.28261175751686096
tariff/fixed_base,test,11,11,pv_battery,10.597240447998047,75.66815185546875,-0.14004890620708466
tariff/fixed_base,test,11,12,large_flex,22.373743057250977,215.45156860351562,-0.10384579747915268
tariff/fixed_base,test,11,13,large_flex,0.5694620609283447,230.04476928710938,-0.002475437941029668
tariff/fixed_base,test,11,14,large_flex,-6.738332748413086,221.48182678222656,0.030423874035477638
tariff/fixed_base,test,11,15,pv_battery,14.539158821105957,79.61206817626953,-0.1826249659061432
tariff/fixed_base,test,11,16,pv_battery,24.083784103393555,91.61184692382812,-0.2628892660140991
tariff/fixed_base,test,11,17,large_flex,-2.3086769580841064,184.9727020263672,0.012481185607612133
tariff/fixed_base,test,12,0,tenant,14.454004287719727,61.44271469116211,-0.2352435141801834
tariff/fixed_base,test,12,1,tenant,14.891265869140625,59.79969787597656,-0.2490190714597702
tariff/fixed_base,test,12,2,tenant,13.550576210021973,65.94331359863281,-0.20548826456069946
tariff/fixed_base,test,12,3,tenant,12.655420303344727,69.69342803955078,-0.18158693611621857
tariff/fixed_base,test,12,4,tenant,14.37460708618164,61.78516387939453,-0.23265457153320312
tariff/fixed_base,test,12,5,tenant,13.30447769165039,67.02764892578125,-0.1984923928976059
tariff/fixed_base,test,12,6,pv_only,12.46671199798584,82.48181915283203,-0.15114501118659973
tariff/fixed_base,test,12,7,pv_battery,10.529552459716797,86.35420989990234,-0.12193448841571808
tariff/fixed_base,test,12,8,pv_battery,15.032405853271484,73.18670654296875,-0.20539803802967072
tariff/fixed_base,test,12,9,pv_battery,15.776575088500977,83.92576599121094,-0.18798239529132843
tariff/fixed_base,test,12,10,pv_only,11.158032417297363,93.49021911621094,-0.11934977769851685
tariff/fixed_base,test,12,11,pv_battery,9.916038513183594,92.68009948730469,-0.10699216276407242
tariff/fixed_base,test,12,12,large_flex,1.594029188156128,198.4273223876953,-0.008033313788473606
tariff/fixed_base,test,12,13,large_flex,5.474761486053467,195.70989990234375,-0.02797386609017849
tariff/fixed_base,test,12,14,large_flex,12.040441513061523,230.02713012695312,-0.05234356224536896
tariff/fixed_base,test,12,15,pv_battery,18.78816032409668,83.97183227539062,-0.22374358773231506
tariff/fixed_base,test,12,16,pv_battery,21.522342681884766,93.6460952758789,-0.2298264503479004
tariff/fixed_base,test,12,17,large_flex,3.6684179306030273,205.8638153076172,-0.017819637432694435
tariff/fixed_base,test,13,0,tenant,22.705707550048828,65.24479675292969,-0.34800824522972107
tariff/fixed_base,test,13,1,tenant,21.586288452148438,69.55045318603516,-0.31036895513534546
tariff/fixed_base,test,13,2,tenant,24.502382278442383,56.62065124511719,-0.4327462315559387
tariff/fixed_base,test,13,3,tenant,22.100330352783203,68.10638427734375,-0.3244974613189697
tariff/fixed_base,test,13,4,tenant,23.160608291625977,62.777862548828125,-0.36892932653427124
tariff/fixed_base,test,13,5,tenant,22.25522804260254,67.26835632324219,-0.3308427929878235
tariff/fixed_base,test,13,6,pv_only,21.839130401611328,94.4789810180664,-0.23115314543247223
tariff/fixed_base,test,13,7,pv_battery,15.956194877624512,77.69390106201172,-0.20537248253822327
tariff/fixed_base,test,13,8,pv_battery,11.585164070129395,75.55756378173828,-0.15332889556884766
tariff/fixed_base,test,13,9,pv_battery,30.558326721191406,85.7825927734375,-0.3562298119068146
tariff/fixed_base,test,13,10,pv_only,13.87448501586914,79.85309600830078,-0.173750102519989
tariff/fixed_base,test,13,11,pv_battery,10.588143348693848,81.53446960449219,-0.1298609972000122
tariff/fixed_base,test,13,12,large_flex,10.408349990844727,209.47874450683594,-0.049686890095472336
tariff/fixed_base,test,13,13,large_flex,-3.121483325958252,191.4552459716797,0.016303997486829758
tariff/fixed_base,test,13,14,large_flex,1.6107501983642578,195.6560821533203,-0.00823256466537714
tariff/fixed_base,test,13,15,pv_battery,31.798912048339844,81.54383850097656,-0.3899608850479126
tariff/fixed_base,test,13,16,pv_battery,18.93212127685547,75.5238037109375,-0.25067755579948425
tariff/fixed_base,test,13,17,large_flex,-7.449456691741943,235.9943084716797,0.03156626224517822
tariff/fixed_base,test,14,0,tenant,29.96228790283203,64.54833984375,-0.4641839265823364
tariff/fixed_base,test,14,1,tenant,32.340396881103516,54.62171173095703,-0.5920798182487488
tariff/fixed_base,test,14,2,tenant,28.512371063232422,71.51648712158203,-0.39868277311325073
tariff/fixed_base,test,14,3,tenant,30.547273635864258,63.19842529296875,-0.4833548367023468
tariff/fixed_base,test,14,4,tenant,29.222816467285156,67.76394653320312,-0.43124425411224365
tariff/fixed_base,test,14,5,tenant,29.73147964477539,65.76097106933594,-0.4521142542362213
tariff/fixed_base,test,14,6,pv_only,28.119213104248047,81.26487731933594,-0.34601908922195435
tariff/fixed_base,test,14,7,pv_battery,-0.4015076458454132,89.22527313232422,0.004499936476349831
tariff/fixed_base,test,14,8,pv_battery,5.281032562255859,70.50829315185547,-0.07489947229623795
tariff/fixed_base,test,14,9,pv_battery,11.357280731201172,76.63369750976562,-0.14820218086242676
tariff/fixed_base,test,14,10,pv_only,12.3296480178833,84.27347564697266,-0.1463051438331604
tariff/fixed_base,test,14,11,pv_battery,5.550917625427246,94.81993103027344,-0.058541689068078995
tariff/fixed_base,test,14,12,large_flex,15.395709991455078,196.6439208984375,-0.0782923623919487
tariff/fixed_base,test,14,13,large_flex,-8.345579147338867,204.53672790527344,0.04080233722925186
tariff/fixed_base,test,14,14,large_flex,29.059776306152344,219.083740234375,-0.13264235854148865
tariff/fixed_base,test,14,15,pv_battery,3.929612874984741,77.27157592773438,-0.05085454136133194
tariff/fixed_base,test,14,16,pv_battery,23.345993041992188,78.55946350097656,-0.2971758246421814
tariff/fixed_base,test,14,17,large_flex,27.677032470703125,223.69619750976562,-0.1237259954214096
tariff/fixed_base,test,15,0,tenant,16.223352432250977,74.6938247680664,-0.2171979695558548
tariff/fixed_base,test,15,1,tenant,18.292184829711914,65.07762908935547,-0.2810823917388916
tariff/fixed_base,test,15,2,tenant,18.882469177246094,62.6085205078125,-0.30159586668014526
tariff/fixed_base,test,15,3,tenant,18.865514755249023,62.717777252197266,-0.30080026388168335
tariff/fixed_base,test,15,4,tenant,19.873632431030273,58.54052734375,-0.33948537707328796
tariff/fixed_base,test,15,5,tenant,18.895618438720703,62.90364074707031,-0.3003900647163391
tariff/fixed_base,test,15,6,pv_only,15.637005805969238,89.89776611328125,-0.17394208908081055
tariff/fixed_base,test,15,7,pv_battery,23.149696350097656,97.54315948486328,-0.2373276948928833
tariff/fixed_base,test,15,8,pv_battery,12.743557929992676,72.86759948730469,-0.17488646507263184
tariff/fixed_base,test,15,9,pv_battery,28.754512786865234,86.77117156982422,-0.3313831090927124
tariff/fixed_base,test,15,10,pv_only,14.568731307983398,75.73419952392578,-0.19236671924591064
tariff/fixed_base,test,15,11,pv_battery,11.578933715820312,92.31656646728516,-0.12542641162872314
tariff/fixed_base,test,15,12,large_flex,23.889835357666016,210.69766235351562,-0.11338447034358978
tariff/fixed_base,test,15,13,large_flex,9.811813354492188,199.19363403320312,-0.04925765469670296
tariff/fixed_base,test,15,14,large_flex,0.5745658874511719,219.95989990234375,-0.002612140029668808
tariff/fixed_base,test,15,15,pv_battery,9.583185195922852,102.40504455566406,-0.0935811921954155
tariff/fixed_base,test,15,16,pv_battery,13.892287254333496,84.61502075195312,-0.16418209671974182
tariff/fixed_base,test,15,17,large_flex,-0.7508976459503174,209.6678466796875,0.003581366501748562
tariff/fixed_base,test,16,0,tenant,27.007295608520508,67.2093505859375,-0.4018383026123047
tariff/fixed_base,test,16,1,tenant,29.744312286376953,54.931549072265625,-0.5414795875549316
tariff/fixed_base,test,16,2,tenant,26.87454605102539,67.35568237304688,-0.39899423718452454
tariff/fixed_base,test,16,3,tenant,28.216632843017578,62.17927551269531,-0.4537948668003082
tariff/fixed_base,test,16,4,tenant,29.00027084350586,58.209693908691406,-0.4982033967971802
tariff/fixed_base,test,16,5,tenant,29.095951080322266,57.75937271118164,-0.5037444829940796
tariff/fixed_base,test,16,6,pv_only,10.47941780090332,90.48619079589844,-0.11581230163574219
tariff/fixed_base,test,16,7,pv_battery,22.025680541992188,92.22779846191406,-0.2388182133436203
tariff/fixed_base,test,16,8,pv_battery,27.984107971191406,82.8550033569336,-0.337747722864151
tariff/fixed_base,test,16,9,pv_battery,9.07227897644043,94.79684448242188,-0.09570232033729553
tariff/fixed_base,test,16,10,pv_only,13.291874885559082,98.70648193359375,-0.13466063141822815
tariff/fixed_base,test,16,11,pv_battery,0.021463513374328613,91.78948211669922,-0.00023382730432786047
tariff/fixed_base,test,16,12,large_flex,31.010557174682617,220.208740234375,-0.14082348346710205
tariff/fixed_base,test,16,13,large_flex,27.886734008789062,186.87705993652344,-0.14922505617141724
tariff/fixed_base,test,16,14,large_flex,-7.86446475982666,204.80606079101562,0.038399588316679
tariff/fixed_base,test,16,15,pv_battery,6.670504570007324,85.46842956542969,-0.07804643362760544
tariff/fixed_base,test,16,16,pv_battery,5.447309494018555,73.39588165283203,-0.07421815395355225
tariff/fixed_base,test,16,17,large_flex,-0.567533016204834,205.97467041015625,0.0027553525287657976
tariff/fixed_base,test,17,0,tenant,32.30220031738281,62.53596496582031,-0.5165378451347351
tariff/fixed_base,test,17,1,tenant,33.36601257324219,58.3036994934082,-0.5722790956497192
tariff/fixed_base,test,17,2,tenant,34.18989944458008,53.944068908691406,-0.633802592754364
tariff/fixed_base,test,17,3,tenant,31.845977783203125,65.78950500488281,-0.4840584695339203
tariff/fixed_base,test,17,4,tenant,33.21543884277344,58.92573165893555,-0.5636831521987915
tariff/fixed_base,test,17,5,tenant,32.164161682128906,63.63812255859375,-0.5054227709770203
tariff/fixed_base,test,17,6,pv_only,21.26260757446289,76.66487121582031,-0.27734503149986267
tariff/fixed_base,test,17,7,pv_battery,9.718618392944336,85.16590118408203,-0.11411392688751221
tariff/fixed_base,test,17,8,pv_battery,19.52359962463379,74.32852935791016,-0.262666255235672
tariff/fixed_base,test,17,9,pv_battery,11.003877639770508,82.66796875,-0.13310925662517548
tariff/fixed_base,test,17,10,pv_only,22.84920883178711,80.77920532226562,-0.28286001086235046
tariff/fixed_base,test,17,11,pv_battery,16.969970703125,89.17574310302734,-0.19029805064201355
tariff/fixed_base,test,17,12,large_flex,1.1633801460266113,216.91053771972656,-0.005363408010452986
tariff/fixed_base,test,17,13,large_flex,30.350072860717773,195.1348419189453,-0.15553376078605652
tariff/fixed_base,test,17,14,large_flex,4.425414085388184,230.5649871826172,-0.019193777814507484
tariff/fixed_base,test,17,15,pv_battery,4.604467391967773,81.8302001953125,-0.056268565356731415
tariff/fixed_base,test,17,16,pv_battery,24.063690185546875,93.58142852783203,-0.2571415305137634
tariff/fixed_base,test,17,17,large_flex,6.151549339294434,221.88687133789062,-0.02772381715476513
tariff/fixed_base,test,18,0,tenant,35.178627014160156,62.71976852416992,-0.5608859062194824
tariff/fixed_base,test,18,1,tenant,35.14216995239258,63.05696105957031,-0.5573082566261292
tariff/fixed_base,test,18,2,tenant,34.66196823120117,65.02294158935547,-0.5330731272697449
tariff/fixed_base,test,18,3,tenant,35.24273681640625,61.90911865234375,-0.5692655444145203
tariff/fixed_base,test,18,4,tenant,36.14879608154297,58.7082405090332,-0.6157360076904297
tariff/fixed_base,test,18,5,tenant,33.283180236816406,70.38614654541016,-0.47286516427993774
tariff/fixed_base,test,18,6,pv_only,33.29263687133789,88.58834075927734,-0.3758127689361572
tariff/fixed_base,test,18,7,pv_battery,13.782318115234375,88.0772476196289,-0.15647993981838226
tariff/fixed_base,test,18,8,pv_battery,33.71315002441406,79.63179016113281,-0.4233630895614624
tariff/fixed_base,test,18,9,pv_battery,8.052536010742188,78.36991119384766,-0.10275036841630936
tariff/fixed_base,test,18,10,pv_only,15.179130554199219,73.76455688476562,-0.20577815175056458
tariff/fixed_base,test,18,11,pv_battery,16.10472869873047,81.8764419555664,-0.1966954916715622
tariff/fixed_base,test,18,12,large_flex,0.3317906856536865,193.24049377441406,-0.0017169653438031673
tariff/fixed_base,test,18,13,large_flex,-9.423761367797852,201.227294921875,0.04683145508170128
tariff/fixed_base,test,18,14,large_flex,-5.68714714050293,223.53965759277344,0.025441331788897514
tariff/fixed_base,test,18,15,pv_battery,6.017892360687256,85.72362518310547,-0.07020111382007599
tariff/fixed_base,test,18,16,pv_battery,8.526914596557617,85.09390258789062,-0.10020594298839569
tariff/fixed_base,test,18,17,large_flex,32.745330810546875,197.70721435546875,-0.16562527418136597
tariff/fixed_base,test,19,0,tenant,14.78426742553711,68.8856201171875,-0.2146206647157669
tariff/fixed_base,test,19,1,tenant,16.89897918701172,59.58950424194336,-0.2835899591445923
tariff/fixed_base,test,19,2,tenant,16.929641723632812,59.54359436035156,-0.28432342410087585
tariff/fixed_base,test,19,3,tenant,17.080947875976562,59.20698928833008,-0.2884955406188965
tariff/fixed_base,test,19,4,tenant,16.642200469970703,60.636199951171875,-0.27445998787879944
tariff/fixed_base,test,19,5,tenant,18.35715103149414,53.75758361816406,-0.34148016571998596
tariff/fixed_base,test,19,6,pv_only,13.595272064208984,87.54927062988281,-0.15528705716133118
tariff/fixed_base,test,19,7,pv_battery,12.035016059875488,80.59639739990234,-0.14932456612586975
tariff/fixed_base,test,19,8,pv_battery,23.187055587768555,78.52198028564453,-0.29529380798339844
tariff/fixed_base,test,19,9,pv_battery,20.559207916259766,99.76522827148438,-0.20607583224773407
tariff/fixed_base,test,19,10,pv_only,12.905745506286621,84.8145980834961,-0.1521642953157425
tariff/fixed_base,test,19,11,pv_battery,18.60123062133789,88.55309295654297,-0.21005761623382568
tariff/fixed_base,test,19,12,large_flex,15.305868148803711,218.55615234375,-0.07003171741962433
tariff/fixed_base,test,19,13,large_flex,9.394384384155273,223.74447631835938,-0.0419871024787426
tariff/fixed_base,test,19,14,large_flex,2.026890754699707,204.47276306152344,-0.009912767447531223
tariff/fixed_base,test,19,15,pv_battery,23.658119201660156,73.83027648925781,-0.3204394578933716
tariff/fixed_base,test,19,16,pv_battery,17.901443481445312,86.82530975341797,-0.20617786049842834
tariff/fixed_base,test,19,17,large_flex,-1.0364285707473755,187.8963623046875,0.005515960045158863
tariff/tuned_base,test,0,0,tenant,-15.042911529541016,72.69613647460938,0.20692861080169678
tariff/tuned_base,test,0,1,tenant,-14.211027145385742,69.583251953125,0.20423051714897156
tariff/tuned_base,test,0,2,tenant,-12.793377876281738,62.99239730834961,0.2030940055847168
tariff/tuned_base,test,0,3,tenant,-11.81855583190918,58.74997329711914,0.20116698741912842
tariff/tuned_base,test,0,4,tenant,-14.60392951965332,71.63943481445312,0.20385314524173737
tariff/tuned_base,test,0,5,tenant,-12.927925109863281,64.07042694091797,0.20177669823169708
tariff/tuned_base,test,0,6,pv_only,23.85010528564453,81.1683578491211,-0.2938350737094879
tariff/tuned_base,test,0,7,pv_battery,13.086919784545898,84.80935668945312,-0.15430979430675507
tariff/tuned_base,test,0,8,pv_battery,5.673110485076904,87.64793395996094,-0.06472615897655487
tariff/tuned_base,test,0,9,pv_battery,-3.3299403190612793,78.14643096923828,0.042611584067344666
tariff/tuned_base,test,0,10,pv_only,24.015239715576172,82.98086547851562,-0.28940701484680176
tariff/tuned_base,test,0,11,pv_battery,15.113435745239258,87.82832336425781,-0.17207928001880646
tariff/tuned_base,test,0,12,large_flex,31.13714599609375,163.15771484375,-0.1908409148454666
tariff/tuned_base,test,0,13,large_flex,-5.79645299911499,212.27325439453125,0.027306579053401947
tariff/tuned_base,test,0,14,large_flex,19.94884490966797,196.89239501953125,-0.10131850093603134
tariff/tuned_base,test,0,15,pv_battery,36.60102844238281,83.90278625488281,-0.4362313747406006
tariff/tuned_base,test,0,16,pv_battery,11.113908767700195,81.3831787109375,-0.1365627497434616
tariff/tuned_base,test,0,17,large_flex,25.64986801147461,200.39971923828125,-0.12799350917339325
tariff/tuned_base,test,1,0,tenant,-0.9905312657356262,54.457115173339844,0.018189210444688797
tariff/tuned_base,test,1,1,tenant,-4.109808444976807,68.22596740722656,0.060238197445869446
tariff/tuned_base,test,1,2,tenant,-1.1686304807662964,55.17155075073242,0.021181754767894745
tariff/tuned_base,test,1,3,tenant,-2.664954423904419,61.46684646606445,0.043355975300073624
tariff/tuned_base,test,1,4,tenant,-1.2057936191558838,55.16480255126953,0.021858040243387222
tariff/tuned_base,test,1,5,tenant,-2.7621188163757324,62.23639678955078,0.04438108950853348
tariff/tuned_base,test,1,6,pv_only,18.38006019592285,74.15965270996094,-0.24784453213214874
tariff/tuned_base,test,1,7,pv_battery,29.95223617553711,72.0064468383789,-0.41596609354019165
tariff/tuned_base,test,1,8,pv_battery,29.67902374267578,92.32186889648438,-0.32147327065467834
tariff/tuned_base,test,1,9,pv_battery,24.958965301513672,78.94181823730469,-0.3161690831184387
tariff/tuned_base,test,1,10,pv_only,17.894718170166016,82.67589569091797,-0.21644435822963715
tariff/tuned_base,test,1,11,pv_battery,24.807340621948242,92.00402069091797,-0.26963329315185547
tariff/tuned_base,test,1,12,large_flex,23.656335830688477,178.49832153320312,-0.13252972066402435
tariff/tuned_base,test,1,13,large_flex,-15.920147895812988,245.25674438476562,0.06491218507289886
tariff/tuned_base,test,1,14,large_flex,24.748271942138672,217.50503540039062,-0.11378258466720581
tariff/tuned_base,test,1,15,pv_battery,30.129718780517578,86.00672912597656,-0.35031816363334656
tariff/tuned_base,test,1,16,pv_battery,26.065608978271484,79.69620513916016,-0.3270622789859772
tariff/tuned_base,test,1,17,large_flex,18.77802276611328,225.34510803222656,-0.08333005011081696
tariff/tuned_base,test,2,0,tenant,-12.35213851928711,61.47628402709961,0.20092524588108063
tariff/tuned_base,test,2,1,tenant,-11.660292625427246,58.042232513427734,0.20089316368103027
tariff/tuned_base,test,2,2,tenant,-13.200620651245117,64.21237182617188,0.20557746291160583
tariff/tuned_base,test,2,3,tenant,-13.851409912109375,68.21656799316406,0.20305052399635315
tariff/tuned_base,test,2,4,tenant,-11.729869842529297,58.41762161254883,0.2007933109998703
tariff/tuned_base,test,2,5,tenant,-15.639118194580078,75.52835083007812,0.20706282556056976
tariff/tuned_base,test,2,6,pv_only,11.062503814697266,80.94506072998047,-0.13666683435440063
tariff/tuned_base,test,2,7,pv_battery,8.438549041748047,84.7945785522461,-0.09951744973659515
tariff/tuned_base,test,2,8,pv_battery,7.390718460083008,88.06771087646484,-0.08392094075679779
tariff/tuned_base,test,2,9,pv_battery,34.11730194091797,91.76107788085938,-0.37180575728416443
tariff/tuned_base,test,2,10,pv_only,26.549240112304688,91.85671997070312,-0.2890288829803467
tariff/tuned_base,test,2,11,pv_battery,36.19115447998047,77.25572967529297,-0.4684589207172394
tariff/tuned_base,test,2,12,large_flex,-16.635684967041016,204.84323120117188,0.08121176809072495
tariff/tuned_base,test,2,13,large_flex,15.150887489318848,181.23695373535156,-0.08359702676534653
tariff/tuned_base,test,2,14,large_flex,-19.33490753173828,205.46482849121094,0.09410326927900314
tariff/tuned_base,test,2,15,pv_battery,37.2694091796875,90.36705017089844,-0.4124225080013275
tariff/tuned_base,test,2,16,pv_battery,37.44706726074219,82.03416442871094,-0.45648130774497986
tariff/tuned_base,test,2,17,large_flex,30.665918350219727,219.12709045410156,-0.13994574546813965
tariff/tuned_base,test,3,0,tenant,-9.80224895477295,62.633827209472656,0.15650084614753723
tariff/tuned_base,test,3,1,tenant,-8.924235343933105,59.18191146850586,0.15079337358474731
tariff/tuned_base,test,3,2,tenant,-11.513116836547852,70.26583862304688,0.1638508141040802
tariff/tuned_base,test,3,3,tenant,-9.691059112548828,61.681739807128906,0.15711389482021332
tariff/tuned_base,test,3,4,tenant,-9.666406631469727,61.75115966796875,0.1565379649400711
tariff/tuned_base,test,3,5,tenant,-9.75633430480957,62.27299880981445,0.15667040646076202
tariff/tuned_base,test,3,6,pv_only,14.778715133666992,85.24974822998047,-0.17335790395736694
tariff/tuned_base,test,3,7,pv_battery,17.175430297851562,81.70303344726562,-0.21021784842014313
tariff/tuned_base,test,3,8,pv_battery,17.831329345703125,72.66333770751953,-0.24539637565612793
tariff/tuned_base,test,3,9,pv_battery,22.27912139892578,93.5228042602539,-0.23822128772735596
tariff/tuned_base,test,3,10,pv_only,8.683480262756348,77.6488037109375,-0.1118302121758461
tariff/tuned_base,test,3,11,pv_battery,12.349842071533203,79.91842651367188,-0.15453067421913147
tariff/tuned_base,test,3,12,large_flex,10.926843643188477,216.7044219970703,-0.05042282119393349
tariff/tuned_base,test,3,13,large_flex,31.70095443725586,213.99559020996094,-0.1481384038925171
tariff/tuned_base,test,3,14,large_flex,29.296009063720703,223.9399871826172,-0.13082081079483032
tariff/tuned_base,test,3,15,pv_battery,32.5941162109375,80.59619903564453,-0.4044126570224762
tariff/tuned_base,test,3,16,pv_battery,32.05994415283203,81.26229858398438,-0.39452430605888367
tariff/tuned_base,test,3,17,large_flex,25.83975601196289,207.4656524658203,-0.12454960495233536
tariff/tuned_base,test,4,0,tenant,-1.9364780187606812,62.15242385864258,0.03115691989660263
tariff/tuned_base,test,4,1,tenant,-1.7609667778015137,61.42643737792969,0.028667878359556198
tariff/tuned_base,test,4,2,tenant,-4.358300685882568,72.35894012451172,0.06023167446255684
tariff/tuned_base,test,4,3,tenant,-2.968024969100952,65.97551727294922,0.04498673602938652
tariff/tuned_base,test,4,4,tenant,-2.849393844604492,66.20619201660156,0.04303815960884094
tariff/tuned_base,test,4,5,tenant,-1.64692223072052,60.11405563354492,0.027396604418754578
tariff/tuned_base,test,4,6,pv_only,13.755301475524902,89.06841278076172,-0.15443524718284607
tariff/tuned_base,test,4,7,pv_battery,26.306598663330078,82.7998046875,-0.31771308183670044
tariff/tuned_base,test,4,8,pv_battery,12.876550674438477,72.00828552246094,-0.17882035672664642
tariff/tuned_base,test,4,9,pv_battery,29.915008544921875,86.46599578857422,-0.3459743559360504
tariff/tuned_base,test,4,10,pv_only,15.248374938964844,76.42791748046875,-0.19951294362545013
tariff/tuned_base,test,4,11,pv_battery,30.095252990722656,76.6584701538086,-0.39258873462677
tariff/tuned_base,test,4,12,large_flex,29.583160400390625,205.79310607910156,-0.14375191926956177
tariff/tuned_base,test,4,13,large_flex,21.322935104370117,190.24537658691406,-0.11208110302686691
tariff/tuned_base,test,4,14,large_flex,27.54183578491211,204.8544158935547,-0.1344458907842636
tariff/tuned_base,test,4,15,pv_battery,25.657611846923828,89.19397735595703,-0.2876608371734619
tariff/tuned_base,test,4,16,pv_battery,19.70716667175293,86.89279174804688,-0.22679860889911652
tariff/tuned_base,test,4,17,large_flex,18.658723831176758,197.13223266601562,-0.09465079009532928
tariff/tuned_base,test,5,0,tenant,-11.746439933776855,65.47962951660156,0.17939075827598572
tariff/tuned_base,test,5,1,tenant,-13.535016059875488,72.49996948242188,0.18668992817401886
tariff/tuned_base,test,5,2,tenant,-9.864995956420898,56.48336410522461,0.17465299367904663
tariff/tuned_base,test,5,3,tenant,-12.744930267333984,69.02279663085938,0.1846480816602707
tariff/tuned_base,test,5,4,tenant,-9.878049850463867,56.17674255371094,0.17583872377872467
tariff/tuned_base,test,5,5,tenant,-12.111166954040527,66.93524169921875,0.18093854188919067
tariff/tuned_base,test,5,6,pv_only,21.92275619506836,81.12821960449219,-0.27022361755371094
tariff/tuned_base,test,5,7,pv_battery,32.58023452758789,95.5313949584961,-0.3410423696041107
tariff/tuned_base,test,5,8,pv_battery,31.313568115234375,90.40953063964844,-0.3463524580001831
tariff/tuned_base,test,5,9,pv_battery,34.90242004394531,77.04638671875,-0.4530053436756134
tariff/tuned_base,test,5,10,pv_only,9.8372163772583,95.9556884765625,-0.10251834243535995
tariff/tuned_base,test,5,11,pv_battery,6.084262847900391,91.12498474121094,-0.0667683333158493
tariff/tuned_base,test,5,12,large_flex,35.477378845214844,209.59683227539062,-0.1692648082971573
tariff/tuned_base,test,5,13,large_flex,-0.3805370330810547,216.7526397705078,0.0017556485254317522
tariff/tuned_base,test,5,14,large_flex,3.5461606979370117,197.72850036621094,-0.017934497445821762
tariff/tuned_base,test,5,15,pv_battery,26.044902801513672,79.16350555419922,-0.3290012776851654
tariff/tuned_base,test,5,16,pv_battery,36.09901428222656,88.03372955322266,-0.410058856010437
tariff/tuned_base,test,5,17,large_flex,5.49172306060791,204.9633026123047,-0.02679367922246456
tariff/tuned_base,test,6,0,tenant,-9.125906944274902,63.66468048095703,0.14334340393543243
tariff/tuned_base,test,6,1,tenant,-9.307137489318848,64.55371856689453,0.1441766768693924
tariff/tuned_base,test,6,2,tenant,-10.459315299987793,69.72496032714844,0.15000823140144348
tariff/tuned_base,test,6,3,tenant,-9.072479248046875,64.16187286376953,0.14139987528324127
tariff/tuned_base,test,6,4,tenant,-7.017334938049316,54.091068267822266,0.1297319382429123
tariff/tuned_base,test,6,5,tenant,-11.086359024047852,72.30187225341797,0.15333440899848938
tariff/tuned_base,test,6,6,pv_only,4.181873321533203,88.91521453857422,-0.04703217372298241
tariff/tuned_base,test,6,7,pv_battery,34.4132080078125,68.42283630371094,-0.5029495358467102
tariff/tuned_base,test,6,8,pv_battery,30.32101058959961,79.10437774658203,-0.38330399990081787
tariff/tuned_base,test,6,9,pv_battery,27.88694953918457,82.94664764404297,-0.33620360493659973
tariff/tuned_base,test,6,10,pv_only,12.793033599853516,83.30595397949219,-0.15356691181659698
tariff/tuned_base,test,6,11,pv_battery,4.480456352233887,77.62564086914062,-0.05771872401237488
tariff/tuned_base,test,6,12,large_flex,33.356475830078125,193.5659637451172,-0.17232608795166016
tariff/tuned_base,test,6,13,large_flex,4.514402389526367,186.5530548095703,-0.02419903501868248
tariff/tuned_base,test,6,14,large_flex,20.253568649291992,198.326904296875,-0.10212216526269913
tariff/tuned_base,test,6,15,pv_battery,32.321983337402344,92.698486328125,-0.3486786484718323
tariff/tuned_base,test,6,16,pv_battery,26.169389724731445,90.08251953125,-0.29050472378730774
tariff/tuned_base,test,6,17,large_flex,32.376590728759766,208.28184509277344,-0.15544602274894714
tariff/tuned_base,test,7,0,tenant,0.24029970169067383,56.37227249145508,-0.004262719303369522
tariff/tuned_base,test,7,1,tenant,-1.390526533126831,64.04303741455078,0.021712379530072212
tariff/tuned_base,test,7,2,tenant,-1.1040363311767578,62.43913650512695,0.017681794241070747
tariff/tuned_base,test,7,3,tenant,-0.07727527618408203,57.86317443847656,0.0013354991097003222
tariff/tuned_base,test,7,4,tenant,-1.5937697887420654,64.57722473144531,0.02468007802963257
tariff/tuned_base,test,7,5,tenant,-1.288149118423462,63.76203536987305,0.020202450454235077
tariff/tuned_base,test,7,6,pv_only,17.544204711914062,89.17560577392578,-0.19673778116703033
tariff/tuned_base,test,7,7,pv_battery,19.196651458740234,93.81871032714844,-0.20461417734622955
tariff/tuned_base,test,7,8,pv_battery,19.510162353515625,79.26966094970703,-0.24612392485141754
tariff/tuned_base,test,7,9,pv_battery,26.687868118286133,83.69727325439453,-0.3188619613647461
tariff/tuned_base,test,7,10,pv_only,18.169363021850586,89.58158111572266,-0.20282484591007233
tariff/tuned_base,test,7,11,pv_battery,29.476961135864258,88.04947662353516,-0.33477747440338135
tariff/tuned_base,test,7,12,large_flex,25.821746826171875,192.69558715820312,-0.1340027153491974
tariff/tuned_base,test,7,13,large_flex,16.33761215209961,189.23646545410156,-0.08633439242839813
tariff/tuned_base,test,7,14,large_flex,10.539113998413086,205.96295166015625,-0.051169946789741516
tariff/tuned_base,test,7,15,pv_battery,22.588539123535156,87.1794204711914,-0.2591041028499603
tariff/tuned_base,test,7,16,pv_battery,25.540882110595703,85.78960418701172,-0.29771533608436584
tariff/tuned_base,test,7,17,large_flex,27.61899185180664,207.57110595703125,-0.13305805623531342
tariff/tuned_base,test,8,0,tenant,-12.021392822265625,62.965553283691406,0.1909201443195343
tariff/tuned_base,test,8,1,tenant,-12.368030548095703,64.07431030273438,0.19302646815776825
tariff/tuned_base,test,8,2,tenant,-12.853275299072266,66.06665802001953,0.19455000758171082
tariff/tuned_base,test,8,3,tenant,-13.872300148010254,70.55229187011719,0.19662445783615112
tariff/tuned_base,test,8,4,tenant,-11.459173202514648,59.791648864746094,0.1916518360376358
tariff/tuned_base,test,8,5,tenant,-13.162002563476562,67.35026550292969,0.1954261064529419
tariff/tuned_base,test,8,6,pv_only,-5.010290145874023,89.90369415283203,0.05572952330112457
tariff/tuned_base,test,8,7,pv_battery,31.043384552001953,80.24170684814453,-0.3868730664253235
tariff/tuned_base,test,8,8,pv_battery,12.0069580078125,86.0987319946289,-0.1394556164741516
tariff/tuned_base,test,8,9,pv_battery,23.368690490722656,90.46062469482422,-0.25833016633987427
tariff/tuned_base,test,8,10,pv_only,20.79991912841797,76.1808853149414,-0.2730332314968109
tariff/tuned_base,test,8,11,pv_battery,10.294806480407715,89.7593002319336,-0.11469349265098572
tariff/tuned_base,test,8,12,large_flex,28.06964874267578,182.61277770996094,-0.1537112593650818
tariff/tuned_base,test,8,13,large_flex,34.06475067138672,183.36631774902344,-0.1857743263244629
tariff/tuned_base,test,8,14,large_flex,17.47585678100586,183.66424560546875,-0.09515117108821869
tariff/tuned_base,test,8,15,pv_battery,13.96661376953125,82.60541534423828,-0.16907627880573273
tariff/tuned_base,test,8,16,pv_battery,14.729143142700195,94.55230712890625,-0.15577781200408936
tariff/tuned_base,test,8,17,large_flex,25.896066665649414,202.8647918701172,-0.12765191495418549
tariff/tuned_base,test,9,0,tenant,-14.852170944213867,70.0582046508789,0.21199771761894226
tariff/tuned_base,test,9,1,tenant,-11.603957176208496,55.69179153442383,0.20836034417152405
tariff/tuned_base,test,9,2,tenant,-14.722960472106934,68.88367462158203,0.21373659372329712
tariff/tuned_base,test,9,3,tenant,-13.18634033203125,62.655616760253906,0.2104574292898178
tariff/tuned_base,test,9,4,tenant,-12.785858154296875,61.0221061706543,0.20952828228473663
tariff/tuned_base,test,9,5,tenant,-13.14537239074707,62.020748138427734,0.211951345205307
tariff/tuned_base,test,9,6,pv_only,18.26436424255371,86.77166748046875,-0.21048769354820251
tariff/tuned_base,test,9,7,pv_battery,26.041946411132812,71.95958709716797,-0.36189672350883484
tariff/tuned_base,test,9,8,pv_battery,11.645240783691406,75.52349090576172,-0.15419352054595947
tariff/tuned_base,test,9,9,pv_battery,34.128570556640625,80.29788970947266,-0.4250243008136749
tariff/tuned_base,test,9,10,pv_only,24.915273666381836,91.98482513427734,-0.27086299657821655
tariff/tuned_base,test,9,11,pv_battery,1.7935450077056885,93.70648956298828,-0.019140036776661873
tariff/tuned_base,test,9,12,large_flex,-13.412928581237793,238.96209716796875,0.05612996593117714
tariff/tuned_base,test,9,13,large_flex,-17.05535888671875,194.73968505859375,0.08758031576871872
tariff/tuned_base,test,9,14,large_flex,16.107402801513672,201.513916015625,-0.07993194460868835
tariff/tuned_base,test,9,15,pv_battery,38.48047637939453,95.91412353515625,-0.40119725465774536
tariff/tuned_base,test,9,16,pv_battery,24.584665298461914,87.90290069580078,-0.27967971563339233
tariff/tuned_base,test,9,17,large_flex,12.917162895202637,177.35379028320312,-0.07283271849155426
tariff/tuned_base,test,10,0,tenant,-13.572214126586914,67.41810607910156,0.20131394267082214
tariff/tuned_base,test,10,1,tenant,-11.362363815307617,57.790008544921875,0.19661475718021393
tariff/tuned_base,test,10,2,tenant,-12.067763328552246,60.276390075683594,0.20020703971385956
tariff/tuned_base,test,10,3,tenant,-13.310293197631836,65.67347717285156,0.20267388224601746
tariff/tuned_base,test,10,4,tenant,-13.709321022033691,67.2275619506836,0.2039240300655365
tariff/tuned_base,test,10,5,tenant,-12.047353744506836,60.786712646484375,0.1981905698776245
tariff/tuned_base,test,10,6,pv_only,23.96112060546875,88.04647827148438,-0.27214160561561584
tariff/tuned_base,test,10,7,pv_battery,20.489376068115234,91.16907501220703,-0.22474046051502228
tariff/tuned_base,test,10,8,pv_battery,23.43488121032715,90.3240966796875,-0.2594531178474426
tariff/tuned_base,test,10,9,pv_battery,-1.7297406196594238,86.59068298339844,0.019976075738668442
tariff/tuned_base,test,10,10,pv_only,3.0990731716156006,82.48348236083984,-0.037572067230939865
tariff/tuned_base,test,10,11,pv_battery,24.12542724609375,92.20865631103516,-0.2616395056247711
tariff/tuned_base,test,10,12,large_flex,35.43004608154297,228.5016632080078,-0.15505364537239075
tariff/tuned_base,test,10,13,large_flex,24.776912689208984,190.19651794433594,-0.1302701085805893
tariff/tuned_base,test,10,14,large_flex,6.0297040939331055,177.0040283203125,-0.0340653657913208
tariff/tuned_base,test,10,15,pv_battery,36.84154510498047,83.85359954833984,-0.43935561180114746
tariff/tuned_base,test,10,16,pv_battery,9.62793254852295,84.97620391845703,-0.11330154538154602
tariff/tuned_base,test,10,17,large_flex,22.75677490234375,209.84616088867188,-0.10844501852989197
tariff/tuned_base,test,11,0,tenant,-8.832845687866211,72.15080261230469,0.12242203950881958
tariff/tuned_base,test,11,1,tenant,-6.523567199707031,62.132808685302734,0.10499395430088043
tariff/tuned_base,test,11,2,tenant,-8.173336029052734,69.55110168457031,0.11751554906368256
tariff/tuned_base,test,11,3,tenant,-7.185046672821045,64.90348815917969,0.1107034906744957
tariff/tuned_base,test,11,4,tenant,-7.608547687530518,66.502685546875,0.11440955847501755
tariff/tuned_base,test,11,5,tenant,-6.7086405754089355,62.70114517211914,0.10699395835399628
tariff/tuned_base,test,11,6,pv_only,18.674999237060547,85.8766860961914,-0.21746301651000977
tariff/tuned_base,test,11,7,pv_battery,27.789451599121094,84.4786148071289,-0.3289525806903839
tariff/tuned_base,test,11,8,pv_battery,15.448274612426758,94.7137451171875,-0.16310492157936096
tariff/tuned_base,test,11,9,pv_battery,31.754812240600586,86.70022583007812,-0.3662601113319397
tariff/tuned_base,test,11,10,pv_only,8.815006256103516,90.72291564941406,-0.09716399759054184
tariff/tuned_base,test,11,11,pv_battery,31.195514678955078,75.66814422607422,-0.41226768493652344
tariff/tuned_base,test,11,12,large_flex,-10.8641357421875,215.45156860351562,0.05042495205998421
tariff/tuned_base,test,11,13,large_flex,24.293285369873047,230.04476928710938,-0.10560246556997299
tariff/tuned_base,test,11,14,large_flex,31.385623931884766,221.4818115234375,-0.1417074203491211
tariff/tuned_base,test,11,15,pv_battery,30.017017364501953,79.61206817626953,-0.3770412802696228
tariff/tuned_base,test,11,16,pv_battery,23.622230529785156,91.61184692382812,-0.25785142183303833
tariff/tuned_base,test,11,17,large_flex,30.126781463623047,184.9727020263672,-0.1628713458776474
tariff/tuned_base,test,12,0,tenant,-12.743573188781738,61.44271469116211,0.20740588009357452
tariff/tuned_base,test,12,1,tenant,-12.304299354553223,59.79969787597656,0.2057584971189499
tariff/tuned_base,test,12,2,tenant,-13.647895812988281,65.94331359863281,0.20696397125720978
tariff/tuned_base,test,12,3,tenant,-14.536285400390625,69.69342803955078,0.20857474207878113
tariff/tuned_base,test,12,4,tenant,-12.821691513061523,61.78516387939453,0.20752067863941193
tariff/tuned_base,test,12,5,tenant,-13.886871337890625,67.02764892578125,0.20718128979206085
tariff/tuned_base,test,12,6,pv_only,12.039654731750488,82.48181915283203,-0.14596745371818542
tariff/tuned_base,test,12,7,pv_battery,31.748592376708984,86.35420989990234,-0.3676553964614868
tariff/tuned_base,test,12,8,pv_battery,32.75282287597656,73.18671417236328,-0.4475240707397461
tariff/tuned_base,test,12,9,pv_battery,2.0684256553649902,83.92576599121094,-0.024645918980240822
tariff/tuned_base,test,12,10,pv_only,25.958866119384766,93.49021911621094,-0.27766382694244385
tariff/tuned_base,test,12,11,pv_battery,36.9151725769043,92.68009948730469,-0.39830726385116577
tariff/tuned_base,test,12,12,large_flex,26.41437530517578,198.4272918701172,-0.1331186443567276
tariff/tuned_base,test,12,13,large_flex,14.577157974243164,195.7098846435547,-0.07448353618383408
tariff/tuned_base,test,12,14,large_flex,-9.718672752380371,230.02713012695312,0.04225011542439461
tariff/tuned_base,test,12,15,pv_battery,3.366650104522705,83.97183227539062,-0.04009260982275009
tariff/tuned_base,test,12,16,pv_battery,2.9410998821258545,93.6460952758789,-0.03140651434659958
tariff/tuned_base,test,12,17,large_flex,28.16438865661621,205.8638153076172,-0.1368108093738556
tariff/tuned_base,test,13,0,tenant,-12.355886459350586,65.24479675292969,0.18937747180461884
tariff/tuned_base,test,13,1,tenant,-13.472088813781738,69.55045318603516,0.19370236992835999
tariff/tuned_base,test,13,2,tenant,-10.562280654907227,56.62065124511719,0.186544731259346
tariff/tuned_base,test,13,3,tenant,-12.970657348632812,68.10638427734375,0.19044703245162964
tariff/tuned_base,test,13,4,tenant,-11.914674758911133,62.777862548828125,0.18979096412658691
tariff/tuned_base,test,13,5,tenant,-12.804780960083008,67.26835632324219,0.19035376608371735
tariff/tuned_base,test,13,6,pv_only,-7.74908447265625,94.4789810180664,0.0820191502571106
tariff/tuned_base,test,13,7,pv_battery,30.385942459106445,77.69390106201172,-0.3910983204841614
tariff/tuned_base,test,13,8,pv_battery,33.706085205078125,75.55757141113281,-0.44609808921813965
tariff/tuned_base,test,13,9,pv_battery,0.7729237079620361,85.78258514404297,-0.009010267443954945
tariff/tuned_base,test,13,10,pv_only,22.29558753967285,79.85309600830078,-0.2792077362537384
tariff/tuned_base,test,13,11,pv_battery,31.933788299560547,81.53446197509766,-0.39166000485420227
tariff/tuned_base,test,13,12,large_flex,20.391284942626953,209.47874450683594,-0.09734297543764114
tariff/tuned_base,test,13,13,large_flex,35.144344329833984,191.4552459716797,-0.18356430530548096
tariff/tuned_base,test,13,14,large_flex,27.41078758239746,195.6560821533203,-0.14009679853916168
tariff/tuned_base,test,13,15,pv_battery,5.155689716339111,81.54383850097656,-0.06322600692510605
tariff/tuned_base,test,13,16,pv_battery,28.492639541625977,75.5238037109375,-0.3772667646408081
tariff/tuned_base,test,13,17,large_flex,33.1909294128418,235.99429321289062,-0.1406429558992386
tariff/tuned_base,test,14,0,tenant,-8.9219388961792,64.54833984375,0.13822105526924133
tariff/tuned_base,test,14,1,tenant,-6.54509162902832,54.62171173095703,0.11982578039169312
tariff/tuned_base,test,14,2,tenant,-10.368430137634277,71.51648712158203,0.14497965574264526
tariff/tuned_base,test,14,3,tenant,-8.341456413269043,63.19842529296875,0.13198843598365784
tariff/tuned_base,test,14,4,tenant,-9.66218376159668,67.76394653320312,0.1425859034061432
tariff/tuned_base,test,14,5,tenant,-9.148126602172852,65.76097106933594,0.13911177217960358
tariff/tuned_base,test,14,6,pv_only,0.7807474136352539,81.26487731933594,-0.009607444517314434
tariff/tuned_base,test,14,7,pv_battery,33.33084487915039,89.22525787353516,-0.3735581338405609
tariff/tuned_base,test,14,8,pv_battery,34.01959991455078,70.50829315185547,-0.48249080777168274
tariff/tuned_base,test,14,9,pv_battery,30.774024963378906,76.63369750976562,-0.40157291293144226
tariff/tuned_base,test,14,10,pv_only,22.164146423339844,84.27347564697266,-0.26300284266471863
tariff/tuned_base,test,14,11,pv_battery,32.16645812988281,94.81993103027344,-0.33923736214637756
tariff/tuned_base,test,14,12,large_flex,6.495159149169922,196.64389038085938,-0.03303007408976555
tariff/tuned_base,test,14,13,large_flex,30.480138778686523,204.53672790527344,-0.149020254611969
tariff/tuned_base,test,14,14,large_flex,7.39247465133667,219.083740234375,-0.033742696046829224
tariff/tuned_base,test,14,15,pv_battery,32.95770263671875,77.27156829833984,-0.4265178442001343
tariff/tuned_base,test,14,16,pv_battery,19.97946548461914,78.55946350097656,-0.2543225586414337
tariff/tuned_base,test,14,17,large_flex,7.8620710372924805,223.69619750976562,-0.035146210342645645
tariff/tuned_base,test,15,0,tenant,-13.484781265258789,74.6938247680664,0.18053418397903442
tariff/tuned_base,test,15,1,tenant,-11.426063537597656,65.07762908935547,0.17557594180107117
tariff/tuned_base,test,15,2,tenant,-10.837152481079102,62.6085205078125,0.17309381067752838
tariff/tuned_base,test,15,3,tenant,-10.848331451416016,62.717777252197266,0.17297056317329407
tariff/tuned_base,test,15,4,tenant,-9.844335556030273,58.54052734375,0.16816283762454987
tariff/tuned_base,test,15,5,tenant,-10.818345069885254,62.90364074707031,0.1719827502965927
tariff/tuned_base,test,15,6,pv_only,10.847334861755371,89.89776611328125,-0.12066300958395004
tariff/tuned_base,test,15,7,pv_battery,10.804128646850586,97.54315948486328,-0.1107625812292099
tariff/tuned_base,test,15,8,pv_battery,34.30805587768555,72.86759948730469,-0.4708271920681
tariff/tuned_base,test,15,9,pv_battery,1.3844382762908936,86.77117156982422,-0.015955064445734024
tariff/tuned_base,test,15,10,pv_only,13.451909065246582,75.73419952392578,-0.17762014269828796
tariff/tuned_base,test,15,11,pv_battery,35.762569427490234,92.3165512084961,-0.3873906433582306
tariff/tuned_base,test,15,12,large_flex,6.580501556396484,210.69766235351562,-0.031231960281729698
tariff/tuned_base,test,15,13,large_flex,23.985260009765625,199.19363403320312,-0.12041176110506058
tariff/tuned_base,test,15,14,large_flex,29.42303466796875,219.95993041992188,-0.13376541435718536
tariff/tuned_base,test,15,15,pv_battery,29.892181396484375,102.40503692626953,-0.29190143942832947
tariff/tuned_base,test,15,16,pv_battery,28.38117790222168,84.61502075195312,-0.33541521430015564
tariff/tuned_base,test,15,17,large_flex,27.121883392333984,209.6678466796875,-0.12935645878314972
tariff/tuned_base,test,16,0,tenant,-8.949508666992188,67.2093505859375,0.13315866887569427
tariff/tuned_base,test,16,1,tenant,-6.212263107299805,54.931549072265625,0.11309096962213516
tariff/tuned_base,test,16,2,tenant,-9.081878662109375,67.35568237304688,0.1348346620798111
tariff/tuned_base,test,16,3,tenant,-7.7397589683532715,62.17927551269531,0.12447486072778702
tariff/tuned_base,test,16,4,tenant,-6.955375671386719,58.209693908691406,0.11948831379413605
tariff/tuned_base,test,16,5,tenant,-6.860109806060791,57.75937271118164,0.118770532310009
tariff/tuned_base,test,16,6,pv_only,22.060033798217773,90.48619079589844,-0.24379464983940125
tariff/tuned_base,test,16,7,pv_battery,20.640003204345703,92.22779846191406,-0.22379377484321594
tariff/tuned_base,test,16,8,pv_battery,14.073972702026367,82.8550033569336,-0.16986259818077087
tariff/tuned_base,test,16,9,pv_battery,26.662050247192383,94.79683685302734,-0.2812544107437134
tariff/tuned_base,test,16,10,pv_only,16.18852996826172,98.70648193359375,-0.16400675475597382
tariff/tuned_base,test,16,11,pv_battery,31.609691619873047,91.78949737548828,-0.3443716764450073
tariff/tuned_base,test,16,12,large_flex,3.0391221046447754,220.208740234375,-0.013801099732518196
tariff/tuned_base,test,16,13,large_flex,-4.5852861404418945,186.87705993652344,0.02453634887933731
tariff/tuned_base,test,16,14,large_flex,29.775598526000977,204.80604553222656,-0.1453843116760254
tariff/tuned_base,test,16,15,pv_battery,31.393657684326172,85.46842956542969,-0.3673129975795746
tariff/tuned_base,test,16,16,pv_battery,33.54379653930664,73.39586639404297,-0.4570258557796478
tariff/tuned_base,test,16,17,large_flex,18.918813705444336,205.97467041015625,-0.09185019880533218
tariff/tuned_base,test,17,0,tenant,-3.0698399543762207,62.53596496582031,0.049089182168245316
tariff/tuned_base,test,17,1,tenant,-2.007838249206543,58.3036994934082,0.03443758189678192
tariff/tuned_base,test,17,2,tenant,-1.1898754835128784,53.944068908691406,0.022057589143514633
tariff/tuned_base,test,17,3,tenant,-3.5207982063293457,65.78950500488281,0.05351611599326134
tariff/tuned_base,test,17,4,tenant,-2.15677547454834,58.92573165893555,0.03660159185528755
tariff/tuned_base,test,17,5,tenant,-3.2049267292022705,63.63812255859375,0.05036173388361931
tariff/tuned_base,test,17,6,pv_only,15.750509262084961,76.66487121582031,-0.20544631779193878
tariff/tuned_base,test,17,7,pv_battery,29.160715103149414,85.16590118408203,-0.342399001121521
tariff/tuned_base,test,17,8,pv_battery,23.258251190185547,74.32854461669922,-0.31291159987449646
tariff/tuned_base,test,17,9,pv_battery,28.971778869628906,82.66796875,-0.35045942664146423
tariff/tuned_base,test,17,10,pv_only,15.187394142150879,80.77920532226562,-0.18801109492778778
tariff/tuned_base,test,17,11,pv_battery,23.69635772705078,89.17574310302734,-0.2657262682914734
tariff/tuned_base,test,17,12,large_flex,25.025375366210938,216.91053771972656,-0.11537181586027145
tariff/tuned_base,test,17,13,large_flex,13.14573860168457,195.1348419189453,-0.06736744195222855
tariff/tuned_base,test,17,14,large_flex,22.759584426879883,230.56500244140625,-0.09871216863393784
tariff/tuned_base,test,17,15,pv_battery,30.504459381103516,81.8302001953125,-0.3727774918079376
tariff/tuned_base,test,17,16,pv_battery,19.23295783996582,93.58141326904297,-0.20552104711532593
tariff/tuned_base,test,17,17,large_flex,20.717090606689453,221.88687133789062,-0.09336784482002258
tariff/tuned_base,test,18,0,tenant,-9.068502426147461,62.71976852416992,0.14458774030208588
tariff/tuned_base,test,18,1,tenant,-9.115044593811035,63.05696105957031,0.14455266296863556
tariff/tuned_base,test,18,2,tenant,-9.582262992858887,65.02294158935547,0.14736738801002502
tariff/tuned_base,test,18,3,tenant,-9.00298023223877,61.90911865234375,0.14542262256145477
tariff/tuned_base,test,18,4,tenant,-8.108241081237793,58.7082405090332,0.13811063766479492
tariff/tuned_base,test,18,5,tenant,-10.962312698364258,70.38614654541016,0.15574528276920319
tariff/tuned_base,test,18,6,pv_only,-8.261300086975098,88.58834075927734,0.09325499832630157
tariff/tuned_base,test,18,7,pv_battery,26.436992645263672,88.07726287841797,-0.30015698075294495
tariff/tuned_base,test,18,8,pv_battery,16.74645233154297,79.63179016113281,-0.21029865741729736
tariff/tuned_base,test,18,9,pv_battery,31.903789520263672,78.36991119384766,-0.40709224343299866
tariff/tuned_base,test,18,10,pv_only,22.642099380493164,73.76455688476562,-0.3069509267807007
tariff/tuned_base,test,18,11,pv_battery,28.00533676147461,81.8764419555664,-0.34204399585723877
tariff/tuned_base,test,18,12,large_flex,30.159543991088867,193.240478515625,-0.15607251226902008
tariff/tuned_base,test,18,13,large_flex,30.947837829589844,201.227294921875,-0.15379537642002106
tariff/tuned_base,test,18,14,large_flex,30.974571228027344,223.53965759277344,-0.1385641098022461
tariff/tuned_base,test,18,15,pv_battery,33.91179275512695,85.72362518310547,-0.39559435844421387
tariff/tuned_base,test,18,16,pv_battery,32.68410873413086,85.09390258789062,-0.38409438729286194
tariff/tuned_base,test,18,17,large_flex,-4.310343265533447,197.70721435546875,0.021801631897687912
tariff/tuned_base,test,19,0,tenant,-12.069210052490234,68.8856201171875,0.1752065271139145
tariff/tuned_base,test,19,1,tenant,-9.956790924072266,59.58950424194336,0.1670895367860794
tariff/tuned_base,test,19,2,tenant,-9.925259590148926,59.54359436035156,0.16668890416622162
tariff/tuned_base,test,19,3,tenant,-9.772584915161133,59.20698928833008,0.16505789756774902
tariff/tuned_base,test,19,4,tenant,-10.21078872680664,60.636199951171875,0.16839419305324554
tariff/tuned_base,test,19,5,tenant,-8.499774932861328,53.75758361816406,0.15811319649219513
tariff/tuned_base,test,19,6,pv_only,19.344987869262695,87.54927062988281,-0.22096125781536102
tariff/tuned_base,test,19,7,pv_battery,35.75994110107422,80.59639739990234,-0.44369155168533325
tariff/tuned_base,test,19,8,pv_battery,9.095840454101562,78.52198028564453,-0.11583811789751053
tariff/tuned_base,test,19,9,pv_battery,13.172304153442383,99.7652359008789,-0.13203303515911102
tariff/tuned_base,test,19,10,pv_only,24.836193084716797,84.8145980834961,-0.2928292155265808
tariff/tuned_base,test,19,11,pv_battery,20.682697296142578,88.55309295654297,-0.2335626780986786
tariff/tuned_base,test,19,12,large_flex,17.840410232543945,218.55616760253906,-0.0816284567117691
tariff/tuned_base,test,19,13,large_flex,23.997268676757812,223.74449157714844,-0.1072530597448349
tariff/tuned_base,test,19,14,large_flex,16.938331604003906,204.47276306152344,-0.0828390121459961
tariff/tuned_base,test,19,15,pv_battery,8.367815017700195,73.83027648925781,-0.11333855241537094
tariff/tuned_base,test,19,16,pv_battery,16.113235473632812,86.82530975341797,-0.1855822652578354
tariff/tuned_base,test,19,17,large_flex,34.808990478515625,187.89639282226562,-0.1852562576532364
fair_leg/tuned_family,test,0,0,tenant,-16.312986373901367,72.69613647460938,0.22439955174922943
fair_leg/tuned_family,test,0,1,tenant,-15.481637001037598,69.583251953125,0.22249089181423187
fair_leg/tuned_family,test,0,2,tenant,-14.057063102722168,62.99239730834961,0.22315485775470734
fair_leg/tuned_family,test,0,3,tenant,-13.084526062011719,58.74997329711914,0.22271554172039032
fair_leg/tuned_family,test,0,4,tenant,-15.873295783996582,71.63943481445312,0.22157210111618042
fair_leg/tuned_family,test,0,5,tenant,-14.195140838623047,64.07042694091797,0.22155530750751495
fair_leg/tuned_family,test,0,6,pv_only,34.51023864746094,81.1683578491211,-0.4251687526702881
fair_leg/tuned_family,test,0,7,pv_battery,20.150604248046875,84.80936431884766,-0.23759879171848297
fair_leg/tuned_family,test,0,8,pv_battery,4.64979362487793,87.64793395996094,-0.05305080860853195
fair_leg/tuned_family,test,0,9,pv_battery,-4.732737064361572,78.14643096923828,0.06056242063641548
fair_leg/tuned_family,test,0,10,pv_only,31.256561279296875,82.98085021972656,-0.3766719400882721
fair_leg/tuned_family,test,0,11,pv_battery,20.15411376953125,87.82832336425781,-0.2294716089963913
fair_leg/tuned_family,test,0,12,large_flex,43.379764556884766,163.15773010253906,-0.26587626338005066
fair_leg/tuned_family,test,0,13,large_flex,-3.439085006713867,212.27325439453125,0.016201253980398178
fair_leg/tuned_family,test,0,14,large_flex,24.849853515625,196.89239501953125,-0.1262103021144867
fair_leg/tuned_family,test,0,15,pv_battery,57.03467559814453,83.90280151367188,-0.6797708868980408
fair_leg/tuned_family,test,0,16,pv_battery,12.064013481140137,81.3831787109375,-0.1482371985912323
fair_leg/tuned_family,test,0,17,large_flex,36.91624450683594,200.39971923828125,-0.1842130571603775
fair_leg/tuned_family,test,1,0,tenant,-12.11600399017334,54.457115173339844,0.22248710691928864
fair_leg/tuned_family,test,1,1,tenant,-15.248808860778809,68.22596740722656,0.22350431978702545
fair_leg/tuned_family,test,1,2,tenant,-12.299052238464355,55.17155075073242,0.22292394936084747
fair_leg/tuned_family,test,1,3,tenant,-13.801122665405273,61.46684646606445,0.22452948987483978
fair_leg/tuned_family,test,1,4,tenant,-12.334867477416992,55.16480255126953,0.223600372672081
fair_leg/tuned_family,test,1,5,tenant,-13.900556564331055,62.23639678955078,0.2233508974313736
fair_leg/tuned_family,test,1,6,pv_only,30.483144760131836,74.15965270996094,-0.4110473394393921
fair_leg/tuned_family,test,1,7,pv_battery,60.691619873046875,72.00645446777344,-0.8428636789321899
fair_leg/tuned_family,test,1,8,pv_battery,57.5792236328125,92.32186889648438,-0.623678982257843
fair_leg/tuned_family,test,1,9,pv_battery,45.19048309326172,78.94183349609375,-0.57245272397995
fair_leg/tuned_family,test,1,10,pv_only,34.68516540527344,82.67589569091797,-0.4195318818092346
fair_leg/tuned_family,test,1,11,pv_battery,39.25389099121094,92.00402069091797,-0.42665404081344604
fair_leg/tuned_family,test,1,12,large_flex,43.720001220703125,178.49832153320312,-0.2449323832988739
fair_leg/tuned_family,test,1,13,large_flex,-25.457992553710938,245.25674438476562,0.10380138456821442
fair_leg/tuned_family,test,1,14,large_flex,50.50096130371094,217.50503540039062,-0.2321830540895462
fair_leg/tuned_family,test,1,15,pv_battery,60.282920837402344,86.00672912597656,-0.7009095549583435
fair_leg/tuned_family,test,1,16,pv_battery,44.47607421875,79.69620513916016,-0.5580700635910034
fair_leg/tuned_family,test,1,17,large_flex,32.79298400878906,225.34510803222656,-0.14552336931228638
fair_leg/tuned_family,test,2,0,tenant,-13.687959671020508,61.47628402709961,0.22265423834323883
fair_leg/tuned_family,test,2,1,tenant,-12.991257667541504,58.042232513427734,0.2238241732120514
fair_leg/tuned_family,test,2,2,tenant,-14.53475284576416,64.21237182617188,0.22635439038276672
fair_leg/tuned_family,test,2,3,tenant,-15.187509536743164,68.21656799316406,0.2226366251707077
fair_leg/tuned_family,test,2,4,tenant,-13.062580108642578,58.41762161254883,0.2236068993806839
fair_leg/tuned_family,test,2,5,tenant,-16.980051040649414,75.52835083007812,0.22481681406497955
fair_leg/tuned_family,test,2,6,pv_only,11.609439849853516,80.94506072998047,-0.14342369139194489
fair_leg/tuned_family,test,2,7,pv_battery,9.349857330322266,84.7945785522461,-0.1102648377418518
fair_leg/tuned_family,test,2,8,pv_battery,8.612354278564453,88.06771087646484,-0.09779246151447296
fair_leg/tuned_family,test,2,9,pv_battery,53.044525146484375,91.76107788085938,-0.5780723690986633
fair_leg/tuned_family,test,2,10,pv_only,41.82419204711914,91.85672760009766,-0.4553198218345642
fair_leg/tuned_family,test,2,11,pv_battery,58.098182678222656,77.25574493408203,-0.7520241141319275
fair_leg/tuned_family,test,2,12,large_flex,-17.681556701660156,204.84323120117188,0.08631747961044312
fair_leg/tuned_family,test,2,13,large_flex,27.689128875732422,181.23695373535156,-0.15277858078479767
fair_leg/tuned_family,test,2,14,large_flex,-20.940101623535156,205.46482849121094,0.10191580653190613
fair_leg/tuned_family,test,2,15,pv_battery,61.647064208984375,90.36703491210938,-0.6821852922439575
fair_leg/tuned_family,test,2,16,pv_battery,63.65863800048828,82.03416442871094,-0.776001513004303
fair_leg/tuned_family,test,2,17,large_flex,50.71052932739258,219.12710571289062,-0.23142054677009583
fair_leg/tuned_family,test,3,0,tenant,-14.026128768920898,62.633827209472656,0.22393852472305298
fair_leg/tuned_family,test,3,1,tenant,-13.146748542785645,59.18191146850586,0.22214139997959137
fair_leg/tuned_family,test,3,2,tenant,-15.748568534851074,70.26583862304688,0.2241283506155014
fair_leg/tuned_family,test,3,3,tenant,-13.911806106567383,61.681739807128906,0.22554172575473785
fair_leg/tuned_family,test,3,4,tenant,-13.890639305114746,61.75115966796875,0.22494544088840485
fair_leg/tuned_family,test,3,5,tenant,-13.983935356140137,62.27299880981445,0.22455865144729614
fair_leg/tuned_family,test,3,6,pv_only,16.923097610473633,85.24974822998047,-0.1985119879245758
fair_leg/tuned_family,test,3,7,pv_battery,20.570327758789062,81.70304107666016,-0.25176945328712463
fair_leg/tuned_family,test,3,8,pv_battery,20.11119270324707,72.66333770751953,-0.27677223086357117
fair_leg/tuned_family,test,3,9,pv_battery,27.22086524963379,93.52278900146484,-0.2910613417625427
fair_leg/tuned_family,test,3,10,pv_only,8.720547676086426,77.6488037109375,-0.11230756342411041
fair_leg/tuned_family,test,3,11,pv_battery,14.320558547973633,79.91842651367188,-0.1791897416114807
fair_leg/tuned_family,test,3,12,large_flex,12.18308162689209,216.7044219970703,-0.056219812482595444
fair_leg/tuned_family,test,3,13,large_flex,56.90911102294922,213.9955596923828,-0.26593586802482605
fair_leg/tuned_family,test,3,14,large_flex,51.48248291015625,223.9399871826172,-0.22989414632320404
fair_leg/tuned_family,test,3,15,pv_battery,47.8399658203125,80.5962142944336,-0.593575656414032
fair_leg/tuned_family,test,3,16,pv_battery,49.3077392578125,81.26229095458984,-0.606772780418396
fair_leg/tuned_family,test,3,17,large_flex,45.29872512817383,207.4656524658203,-0.2183433473110199
fair_leg/tuned_family,test,4,0,tenant,-13.797365188598633,62.15242385864258,0.22199229896068573
fair_leg/tuned_family,test,4,1,tenant,-13.617578506469727,61.42643737792969,0.2216891497373581
fair_leg/tuned_family,test,4,2,tenant,-16.225284576416016,72.35894012451172,0.2242332547903061
fair_leg/tuned_family,test,4,3,tenant,-14.830643653869629,65.97551727294922,0.22479012608528137
fair_leg/tuned_family,test,4,4,tenant,-14.712114334106445,66.20619201660156,0.22221657633781433
fair_leg/tuned_family,test,4,5,tenant,-13.50271224975586,60.11405563354492,0.22461828589439392
fair_leg/tuned_family,test,4,6,pv_only,26.100624084472656,89.06841278076172,-0.29304030537605286
fair_leg/tuned_family,test,4,7,pv_battery,46.17102813720703,82.79981231689453,-0.5576222538948059
fair_leg/tuned_family,test,4,8,pv_battery,11.600815773010254,72.00828552246094,-0.16110384464263916
fair_leg/tuned_family,test,4,9,pv_battery,57.55103302001953,86.46599578857422,-0.6655914187431335
fair_leg/tuned_family,test,4,10,pv_only,24.550376892089844,76.42791748046875,-0.3212226927280426
fair_leg/tuned_family,test,4,11,pv_battery,60.0587158203125,76.65846252441406,-0.7834580540657043
fair_leg/tuned_family,test,4,12,large_flex,64.94252014160156,205.79310607910156,-0.3155719041824341
fair_leg/tuned_family,test,4,13,large_flex,38.95448303222656,190.24539184570312,-0.20475918054580688
fair_leg/tuned_family,test,4,14,large_flex,64.56524658203125,204.85440063476562,-0.3151761293411255
fair_leg/tuned_family,test,4,15,pv_battery,48.48539733886719,89.19398498535156,-0.5435950756072998
fair_leg/tuned_family,test,4,16,pv_battery,30.618764877319336,86.89279174804688,-0.35237404704093933
fair_leg/tuned_family,test,4,17,large_flex,29.940061569213867,197.13223266601562,-0.15187813341617584
fair_leg/tuned_family,test,5,0,tenant,-14.48259162902832,65.47962951660156,0.22117702662944794
fair_leg/tuned_family,test,5,1,tenant,-16.273239135742188,72.49996948242188,0.22445844113826752
fair_leg/tuned_family,test,5,2,tenant,-12.592842102050781,56.48336410522461,0.22294773161411285
fair_leg/tuned_family,test,5,3,tenant,-15.483020782470703,69.02279663085938,0.2243175506591797
fair_leg/tuned_family,test,5,4,tenant,-12.604193687438965,56.17674255371094,0.22436672449111938
fair_leg/tuned_family,test,5,5,tenant,-14.849496841430664,66.93524169921875,0.221848726272583
fair_leg/tuned_family,test,5,6,pv_only,31.443876266479492,81.12820434570312,-0.38758254051208496
fair_leg/tuned_family,test,5,7,pv_battery,46.1861572265625,95.5313949584961,-0.4834658205509186
fair_leg/tuned_family,test,5,8,pv_battery,39.98114776611328,90.40953063964844,-0.4422227144241333
fair_leg/tuned_family,test,5,9,pv_battery,53.243186950683594,77.04638671875,-0.6910536289215088
fair_leg/tuned_family,test,5,10,pv_only,11.057432174682617,95.9556884765625,-0.11523482203483582
fair_leg/tuned_family,test,5,11,pv_battery,6.794775009155273,91.12498474121094,-0.07456546276807785
fair_leg/tuned_family,test,5,12,large_flex,68.00657653808594,209.5968475341797,-0.3244636356830597
fair_leg/tuned_family,test,5,13,large_flex,0.7227249145507812,216.7526397705078,-0.003334332024678588
fair_leg/tuned_family,test,5,14,large_flex,2.9710683822631836,197.72850036621094,-0.015025986358523369
fair_leg/tuned_family,test,5,15,pv_battery,36.321929931640625,79.16350555419922,-0.4588218033313751
fair_leg/tuned_family,test,5,16,pv_battery,60.872459411621094,88.03372955322266,-0.6914674639701843
fair_leg/tuned_family,test,5,17,large_flex,7.13590669631958,204.9633026123047,-0.03481553494930267
fair_leg/tuned_family,test,6,0,tenant,-14.208758354187012,63.66468048095703,0.22318120300769806
fair_leg/tuned_family,test,6,1,tenant,-14.390201568603516,64.55371856689453,0.22291821241378784
fair_leg/tuned_family,test,6,2,tenant,-15.545829772949219,69.72496032714844,0.22295935451984406
fair_leg/tuned_family,test,6,3,tenant,-14.150405883789062,64.16187286376953,0.22054217755794525
fair_leg/tuned_family,test,6,4,tenant,-12.09160327911377,54.091068267822266,0.22354157269001007
fair_leg/tuned_family,test,6,5,tenant,-16.17017364501953,72.30187225341797,0.22364811599254608
fair_leg/tuned_family,test,6,6,pv_only,4.806077480316162,88.91521453857422,-0.05405236408114433
fair_leg/tuned_family,test,6,7,pv_battery,63.87939453125,68.42283630371094,-0.9335975646972656
fair_leg/tuned_family,test,6,8,pv_battery,49.2945442199707,79.1043930053711,-0.6231581568717957
fair_leg/tuned_family,test,6,9,pv_battery,44.068275451660156,82.94664764404297,-0.5312843918800354
fair_leg/tuned_family,test,6,10,pv_only,14.01004409790039,83.30595397949219,-0.16817569732666016
fair_leg/tuned_family,test,6,11,pv_battery,1.2159563302993774,77.62564086914062,-0.0156643558293581
fair_leg/tuned_family,test,6,12,large_flex,61.48847961425781,193.56597900390625,-0.3176615834236145
fair_leg/tuned_family,test,6,13,large_flex,7.560054779052734,186.55303955078125,-0.040524955838918686
fair_leg/tuned_family,test,6,14,large_flex,32.26524353027344,198.326904296875,-0.16268719732761383
fair_leg/tuned_family,test,6,15,pv_battery,52.372642517089844,92.698486328125,-0.5649781823158264
fair_leg/tuned_family,test,6,16,pv_battery,38.18588638305664,90.08251953125,-0.4238990545272827
fair_leg/tuned_family,test,6,17,large_flex,60.79384231567383,208.28184509277344,-0.29188257455825806
fair_leg/tuned_family,test,7,0,tenant,-12.695351600646973,56.37227249145508,0.22520558536052704
fair_leg/tuned_family,test,7,1,tenant,-14.333640098571777,64.04303741455078,0.22381265461444855
fair_leg/tuned_family,test,7,2,tenant,-14.048745155334473,62.43913650512695,0.22499904036521912
fair_leg/tuned_family,test,7,3,tenant,-13.014864921569824,57.86317443847656,0.22492475807666779
fair_leg/tuned_family,test,7,4,tenant,-14.539201736450195,64.57722473144531,0.2251444160938263
fair_leg/tuned_family,test,7,5,tenant,-14.230827331542969,63.76203536987305,0.22318649291992188
fair_leg/tuned_family,test,7,6,pv_only,36.17426300048828,89.17561340332031,-0.405651718378067
fair_leg/tuned_family,test,7,7,pv_battery,26.426313400268555,93.81871032714844,-0.28167426586151123
fair_leg/tuned_family,test,7,8,pv_battery,29.126598358154297,79.26966094970703,-0.3674370050430298
fair_leg/tuned_family,test,7,9,pv_battery,43.52142333984375,83.69727325439453,-0.5199861526489258
fair_leg/tuned_family,test,7,10,pv_only,37.32166290283203,89.58158111572266,-0.4166218042373657
fair_leg/tuned_family,test,7,11,pv_battery,59.66017150878906,88.04947662353516,-0.6775758266448975
fair_leg/tuned_family,test,7,12,large_flex,49.98778533935547,192.69558715820312,-0.2594132125377655
fair_leg/tuned_family,test,7,13,large_flex,29.021514892578125,189.23646545410156,-0.15336109697818756
fair_leg/tuned_family,test,7,14,large_flex,11.169231414794922,205.96295166015625,-0.05422930046916008
fair_leg/tuned_family,test,7,15,pv_battery,36.856346130371094,87.1794204711914,-0.4227644205093384
fair_leg/tuned_family,test,7,16,pv_battery,44.351341247558594,85.78960418701172,-0.5169777274131775
fair_leg/tuned_family,test,7,17,large_flex,60.19646453857422,207.57110595703125,-0.29000407457351685
fair_leg/tuned_family,test,8,0,tenant,-13.97793960571289,62.965553283691406,0.2219935655593872
fair_leg/tuned_family,test,8,1,tenant,-14.3306884765625,64.07431030273438,0.22365735471248627
fair_leg/tuned_family,test,8,2,tenant,-14.81757926940918,66.06665802001953,0.22428220510482788
fair_leg/tuned_family,test,8,3,tenant,-15.837539672851562,70.55229187011719,0.22447945177555084
fair_leg/tuned_family,test,8,4,tenant,-13.414722442626953,59.791648864746094,0.2243576943874359
fair_leg/tuned_family,test,8,5,tenant,-15.130075454711914,67.35026550292969,0.22464749217033386
fair_leg/tuned_family,test,8,6,pv_only,-6.201070785522461,89.90369415283203,0.06897459924221039
fair_leg/tuned_family,test,8,7,pv_battery,39.403358459472656,80.24170684814453,-0.4910584092140198
fair_leg/tuned_family,test,8,8,pv_battery,13.372762680053711,86.0987319946289,-0.155318945646286
fair_leg/tuned_family,test,8,9,pv_battery,29.36313819885254,90.46062469482422,-0.32459568977355957
fair_leg/tuned_family,test,8,10,pv_only,27.350732803344727,76.1808853149414,-0.3590233325958252
fair_leg/tuned_family,test,8,11,pv_battery,9.221331596374512,89.7593002319336,-0.10273400694131851
fair_leg/tuned_family,test,8,12,large_flex,41.12472152709961,182.61277770996094,-0.22520187497138977
fair_leg/tuned_family,test,8,13,large_flex,58.96479797363281,183.36634826660156,-0.32156825065612793
fair_leg/tuned_family,test,8,14,large_flex,28.013702392578125,183.66424560546875,-0.15252673625946045
fair_leg/tuned_family,test,8,15,pv_battery,14.93852710723877,82.60540771484375,-0.1808418482542038
fair_leg/tuned_family,test,8,16,pv_battery,19.844520568847656,94.55230712890625,-0.20987869799137115
fair_leg/tuned_family,test,8,17,large_flex,37.63044738769531,202.8647918701172,-0.18549522757530212
fair_leg/tuned_family,test,9,0,tenant,-15.699732780456543,70.0582046508789,0.22409559786319733
fair_leg/tuned_family,test,9,1,tenant,-12.443563461303711,55.69179153442383,0.22343631088733673
fair_leg/tuned_family,test,9,2,tenant,-15.568434715270996,68.88367462158203,0.22601063549518585
fair_leg/tuned_family,test,9,3,tenant,-14.032472610473633,62.655616760253906,0.22396190464496613
fair_leg/tuned_family,test,9,4,tenant,-13.628387451171875,61.0221061706543,0.2233353555202484
fair_leg/tuned_family,test,9,5,tenant,-13.98611068725586,62.020748138427734,0.22550685703754425
fair_leg/tuned_family,test,9,6,pv_only,25.738304138183594,86.77166748046875,-0.29662129282951355
fair_leg/tuned_family,test,9,7,pv_battery,31.983261108398438,71.95957946777344,-0.4444614052772522
fair_leg/tuned_family,test,9,8,pv_battery,12.5095796585083,75.52349090576172,-0.16563820838928223
fair_leg/tuned_family,test,9,9,pv_battery,52.562034606933594,80.29789733886719,-0.6545878648757935
fair_leg/tuned_family,test,9,10,pv_only,35.377471923828125,91.98482513427734,-0.38460108637809753
fair_leg/tuned_family,test,9,11,pv_battery,2.853590965270996,93.70648956298828,-0.030452454462647438
fair_leg/tuned_family,test,9,12,large_flex,-13.907679557800293,238.96209716796875,0.058200329542160034
fair_leg/tuned_family,test,9,13,large_flex,-18.33892822265625,194.73968505859375,0.09417153894901276
fair_leg/tuned_family,test,9,14,large_flex,19.115680694580078,201.51390075683594,-0.09486033767461777
fair_leg/tuned_family,test,9,15,pv_battery,66.35134887695312,95.91413879394531,-0.6917785406112671
fair_leg/tuned_family,test,9,16,pv_battery,29.27454948425293,87.90290069580078,-0.3330327272415161
fair_leg/tuned_family,test,9,17,large_flex,13.552431106567383,177.35379028320312,-0.07641465961933136
fair_leg/tuned_family,test,10,0,tenant,-14.978169441223145,67.41810607910156,0.22216835618019104
fair_leg/tuned_family,test,10,1,tenant,-12.761463165283203,57.790008544921875,0.22082474827766418
fair_leg/tuned_family,test,10,2,tenant,-13.469524383544922,60.276390075683594,0.22346267104148865
fair_leg/tuned_family,test,10,3,tenant,-14.71159553527832,65.67347717285156,0.2240111529827118
fair_leg/tuned_family,test,10,4,tenant,-15.113632202148438,67.2275619506836,0.22481289505958557
fair_leg/tuned_family,test,10,5,tenant,-13.447998046875,60.786712646484375,0.22123244404792786
fair_leg/tuned_family,test,10,6,pv_only,34.474510192871094,88.04647827148438,-0.39154887199401855
fair_leg/tuned_family,test,10,7,pv_battery,30.37778091430664,91.16907501220703,-0.3332025706768036
fair_leg/tuned_family,test,10,8,pv_battery,34.58019256591797,90.3240966796875,-0.38284531235694885
fair_leg/tuned_family,test,10,9,pv_battery,-2.910106658935547,86.59068298339844,0.033607665449380875
fair_leg/tuned_family,test,10,10,pv_only,3.3899762630462646,82.48348236083984,-0.04109886288642883
fair_leg/tuned_family,test,10,11,pv_battery,30.326662063598633,92.20865631103516,-0.3288917541503906
fair_leg/tuned_family,test,10,12,large_flex,60.900718688964844,228.5016632080078,-0.26652202010154724
fair_leg/tuned_family,test,10,13,large_flex,33.3359375,190.196533203125,-0.1752709597349167
fair_leg/tuned_family,test,10,14,large_flex,14.673210144042969,177.0040283203125,-0.0828976184129715
fair_leg/tuned_family,test,10,15,pv_battery,62.845951080322266,83.85359191894531,-0.7494724988937378
fair_leg/tuned_family,test,10,16,pv_battery,10.665382385253906,84.9761962890625,-0.12551027536392212
fair_leg/tuned_family,test,10,17,large_flex,33.322120666503906,209.84616088867188,-0.1587931513786316
fair_leg/tuned_family,test,11,0,tenant,-16.182485580444336,72.15080261230469,0.22428692877292633
fair_leg/tuned_family,test,11,1,tenant,-13.867998123168945,62.132808685302734,0.22319938242435455
fair_leg/tuned_family,test,11,2,tenant,-15.5249662399292,69.55110168457031,0.22321674227714539
fair_leg/tuned_family,test,11,3,tenant,-14.527843475341797,64.90348815917969,0.2238377034664154
fair_leg/tuned_family,test,11,4,tenant,-14.952869415283203,66.502685546875,0.22484605014324188
fair_leg/tuned_family,test,11,5,tenant,-14.050785064697266,62.70114517211914,0.2240913361310959
fair_leg/tuned_family,test,11,6,pv_only,29.316455841064453,85.8766860961914,-0.34137865900993347
fair_leg/tuned_family,test,11,7,pv_battery,43.603553771972656,84.4786148071289,-0.5161490440368652
fair_leg/tuned_family,test,11,8,pv_battery,23.38028335571289,94.71376037597656,-0.2468520849943161
fair_leg/tuned_family,test,11,9,pv_battery,54.07345962524414,86.70022583007812,-0.6236827969551086
fair_leg/tuned_family,test,11,10,pv_only,8.70628547668457,90.72291564941406,-0.0959656685590744
fair_leg/tuned_family,test,11,11,pv_battery,55.90264892578125,75.66815185546875,-0.738787055015564
fair_leg/tuned_family,test,11,12,large_flex,-13.563404083251953,215.45156860351562,0.06295337527990341
fair_leg/tuned_family,test,11,13,large_flex,51.45892333984375,230.04476928710938,-0.22369083762168884
fair_leg/tuned_family,test,11,14,large_flex,62.348670959472656,221.48182678222656,-0.28150686621665955
fair_leg/tuned_family,test,11,15,pv_battery,50.88468933105469,79.61206817626953,-0.6391579508781433
fair_leg/tuned_family,test,11,16,pv_battery,32.01136016845703,91.61184692382812,-0.34942394495010376
fair_leg/tuned_family,test,11,17,large_flex,57.87238311767578,184.9727020263672,-0.3128698468208313
fair_leg/tuned_family,test,12,0,tenant,-13.819610595703125,61.44271469116211,0.22491854429244995
fair_leg/tuned_family,test,12,1,tenant,-13.378801345825195,59.79969787597656,0.22372689843177795
fair_leg/tuned_family,test,12,2,tenant,-14.729913711547852,65.94331359863281,0.22337237000465393
fair_leg/tuned_family,test,12,3,tenant,-15.620537757873535,69.69342803955078,0.22413219511508942
fair_leg/tuned_family,test,12,4,tenant,-13.896651268005371,61.78516387939453,0.22491896152496338
fair_leg/tuned_family,test,12,5,tenant,-14.966228485107422,67.02764892578125,0.22328439354896545
fair_leg/tuned_family,test,12,6,pv_only,13.508273124694824,82.48181915283203,-0.16377267241477966
fair_leg/tuned_family,test,12,7,pv_battery,50.186317443847656,86.3542251586914,-0.581167995929718
fair_leg/tuned_family,test,12,8,pv_battery,41.909217834472656,73.18670654296875,-0.5726343393325806
fair_leg/tuned_family,test,12,9,pv_battery,5.779143810272217,83.92576599121094,-0.06886017322540283
fair_leg/tuned_family,test,12,10,pv_only,40.357757568359375,93.49021911621094,-0.43167901039123535
fair_leg/tuned_family,test,12,11,pv_battery,61.751651763916016,92.68009948730469,-0.6662881374359131
fair_leg/tuned_family,test,12,12,large_flex,35.840721130371094,198.4272918701172,-0.1806238889694214
fair_leg/tuned_family,test,12,13,large_flex,21.563196182250977,195.7098846435547,-0.11017940938472748
fair_leg/tuned_family,test,12,14,large_flex,-11.014813423156738,230.02713012695312,0.04788484796881676
fair_leg/tuned_family,test,12,15,pv_battery,3.741102695465088,83.97183227539062,-0.044551871716976166
fair_leg/tuned_family,test,12,16,pv_battery,4.265625476837158,93.6460952758789,-0.04555048421025276
fair_leg/tuned_family,test,12,17,large_flex,46.908504486083984,205.8638153076172,-0.22786179184913635
fair_leg/tuned_family,test,13,0,tenant,-14.483848571777344,65.24479675292969,0.22199243307113647
fair_leg/tuned_family,test,13,1,tenant,-15.602615356445312,69.55045318603516,0.22433529794216156
fair_leg/tuned_family,test,13,2,tenant,-12.683060646057129,56.62065124511719,0.22400051355361938
fair_leg/tuned_family,test,13,3,tenant,-15.107760429382324,68.10638427734375,0.2218259572982788
fair_leg/tuned_family,test,13,4,tenant,-14.044292449951172,62.777862548828125,0.22371409833431244
fair_leg/tuned_family,test,13,5,tenant,-14.933013916015625,67.26835632324219,0.2219916433095932
fair_leg/tuned_family,test,13,6,pv_only,-9.423112869262695,94.4789810180664,0.09973767399787903
fair_leg/tuned_family,test,13,7,pv_battery,37.31842803955078,77.69390106201172,-0.48032626509666443
fair_leg/tuned_family,test,13,8,pv_battery,47.236534118652344,75.55756378173828,-0.6251726746559143
fair_leg/tuned_family,test,13,9,pv_battery,0.1340031623840332,85.78258514404297,-0.0015621199272572994
fair_leg/tuned_family,test,13,10,pv_only,29.84175682067871,79.85309600830078,-0.37370818853378296
fair_leg/tuned_family,test,13,11,pv_battery,45.7022590637207,81.53446960449219,-0.5605267286300659
fair_leg/tuned_family,test,13,12,large_flex,33.08027267456055,209.47874450683594,-0.1579170525074005
fair_leg/tuned_family,test,13,13,large_flex,62.18402099609375,191.45523071289062,-0.3247966170310974
fair_leg/tuned_family,test,13,14,large_flex,43.79795837402344,195.6560821533203,-0.22385179996490479
fair_leg/tuned_family,test,13,15,pv_battery,4.311141014099121,81.54383850097656,-0.052869003266096115
fair_leg/tuned_family,test,13,16,pv_battery,37.07173156738281,75.5238037109375,-0.4908617436885834
fair_leg/tuned_family,test,13,17,large_flex,56.807960510253906,235.99427795410156,-0.24071741104125977
fair_leg/tuned_family,test,14,0,tenant,-14.477177619934082,64.54833984375,0.2242843061685562
fair_leg/tuned_family,test,14,1,tenant,-12.094343185424805,54.62171173095703,0.22141997516155243
fair_leg/tuned_family,test,14,2,tenant,-15.930038452148438,71.51648712158203,0.22274646162986755
fair_leg/tuned_family,test,14,3,tenant,-13.902503967285156,63.19842529296875,0.21998187899589539
fair_leg/tuned_family,test,14,4,tenant,-15.219104766845703,67.76394653320312,0.22459006309509277
fair_leg/tuned_family,test,14,5,tenant,-14.703742027282715,65.76097106933594,0.22359372675418854
fair_leg/tuned_family,test,14,6,pv_only,-1.0639910697937012,81.26487731933594,0.013092892244458199
fair_leg/tuned_family,test,14,7,pv_battery,62.385353088378906,89.22527313232422,-0.6991892457008362
fair_leg/tuned_family,test,14,8,pv_battery,60.24079132080078,70.50829315185547,-0.854378879070282
fair_leg/tuned_family,test,14,9,pv_battery,46.10641860961914,76.63370513916016,-0.6016467213630676
fair_leg/tuned_family,test,14,10,pv_only,35.596248626708984,84.27347564697266,-0.4223899841308594
fair_leg/tuned_family,test,14,11,pv_battery,54.29271697998047,94.81993103027344,-0.5725875496864319
fair_leg/tuned_family,test,14,12,large_flex,16.462173461914062,196.6439208984375,-0.08371566236019135
fair_leg/tuned_family,test,14,13,large_flex,55.83900451660156,204.53672790527344,-0.2730023264884949
fair_leg/tuned_family,test,14,14,large_flex,10.485337257385254,219.08375549316406,-0.04785997048020363
fair_leg/tuned_family,test,14,15,pv_battery,57.057533264160156,77.27157592773438,-0.7384024262428284
fair_leg/tuned_family,test,14,16,pv_battery,23.349090576171875,78.55946350097656,-0.2972155511379242
fair_leg/tuned_family,test,14,17,large_flex,8.150108337402344,223.69619750976562,-0.03643382713198662
fair_leg/tuned_family,test,15,0,tenant,-16.639404296875,74.6938247680664,0.22276808321475983
fair_leg/tuned_family,test,15,1,tenant,-14.574995040893555,65.07762908935547,0.2239631712436676
fair_leg/tuned_family,test,15,2,tenant,-13.984453201293945,62.6085205078125,0.22336341440677643
fair_leg/tuned_family,test,15,3,tenant,-13.993265151977539,62.717777252197266,0.22311490774154663
fair_leg/tuned_family,test,15,4,tenant,-12.986291885375977,58.54052734375,0.22183415293693542
fair_leg/tuned_family,test,15,5,tenant,-13.960407257080078,62.90364074707031,0.22193311154842377
fair_leg/tuned_family,test,15,6,pv_only,12.178573608398438,89.89776611328125,-0.1354714035987854
fair_leg/tuned_family,test,15,7,pv_battery,11.033499717712402,97.54315948486328,-0.11311402171850204
fair_leg/tuned_family,test,15,8,pv_battery,53.03506088256836,72.86759948730469,-0.7278279066085815
fair_leg/tuned_family,test,15,9,pv_battery,-1.3009235858917236,86.77117919921875,0.014992580749094486
fair_leg/tuned_family,test,15,10,pv_only,18.38144302368164,75.73419952392578,-0.2427099645137787
fair_leg/tuned_family,test,15,11,pv_battery,63.335044860839844,92.3165512084961,-0.6860634088516235
fair_leg/tuned_family,test,15,12,large_flex,7.503237724304199,210.69766235351562,-0.035611383616924286
fair_leg/tuned_family,test,15,13,large_flex,31.9415340423584,199.19363403320312,-0.16035418212413788
fair_leg/tuned_family,test,15,14,large_flex,51.40731430053711,219.95989990234375,-0.23371222615242004
fair_leg/tuned_family,test,15,15,pv_battery,41.19549560546875,102.40504455566406,-0.4022800624370575
fair_leg/tuned_family,test,15,16,pv_battery,37.57219696044922,84.61502075195312,-0.44403693079948425
fair_leg/tuned_family,test,15,17,large_flex,41.944908142089844,209.66786193847656,-0.20005400478839874
fair_leg/tuned_family,test,16,0,tenant,-15.00816535949707,67.2093505859375,0.22330468893051147
fair_leg/tuned_family,test,16,1,tenant,-12.260797500610352,54.931549072265625,0.22320130467414856
fair_leg/tuned_family,test,16,2,tenant,-15.13786792755127,67.35568237304688,0.22474512457847595
fair_leg/tuned_family,test,16,3,tenant,-13.795195579528809,62.17927551269531,0.22186161577701569
fair_leg/tuned_family,test,16,4,tenant,-12.999574661254883,58.209693908691406,0.2233233004808426
fair_leg/tuned_family,test,16,5,tenant,-12.910257339477539,57.75937271118164,0.22351792454719543
fair_leg/tuned_family,test,16,6,pv_only,37.283382415771484,90.48619079589844,-0.41203397512435913
fair_leg/tuned_family,test,16,7,pv_battery,25.98317527770996,92.22779846191406,-0.2817283272743225
fair_leg/tuned_family,test,16,8,pv_battery,15.846497535705566,82.8550033569336,-0.19125568866729736
fair_leg/tuned_family,test,16,9,pv_battery,40.6656608581543,94.79684448242188,-0.4289771020412445
fair_leg/tuned_family,test,16,10,pv_only,23.114490509033203,98.70648193359375,-0.23417417705059052
fair_leg/tuned_family,test,16,11,pv_battery,57.07012939453125,91.78949737548828,-0.6217500567436218
fair_leg/tuned_family,test,16,12,large_flex,4.188957214355469,220.208740234375,-0.019022665917873383
fair_leg/tuned_family,test,16,13,large_flex,-8.170404434204102,186.87705993652344,0.04372073709964752
fair_leg/tuned_family,test,16,14,large_flex,55.686737060546875,204.80606079101562,-0.2718998193740845
fair_leg/tuned_family,test,16,15,pv_battery,50.77510070800781,85.46842956542969,-0.5940800309181213
fair_leg/tuned_family,test,16,16,pv_battery,64.02317810058594,73.39588165283203,-0.8722995519638062
fair_leg/tuned_family,test,16,17,large_flex,39.10942077636719,205.97467041015625,-0.18987488746643066
fair_leg/tuned_family,test,17,0,tenant,-14.078792572021484,62.53596496582031,0.22513121366500854
fair_leg/tuned_family,test,17,1,tenant,-13.012227058410645,58.3036994934082,0.22318010032176971
fair_leg/tuned_family,test,17,2,tenant,-12.190025329589844,53.944068908691406,0.22597524523735046
fair_leg/tuned_family,test,17,3,tenant,-14.536859512329102,65.78950500488281,0.22096006572246552
fair_leg/tuned_family,test,17,4,tenant,-13.162672996520996,58.92573165893555,0.22337740659713745
fair_leg/tuned_family,test,17,5,tenant,-14.212472915649414,63.63812255859375,0.22333261370658875
fair_leg/tuned_family,test,17,6,pv_only,23.58462905883789,76.66487121582031,-0.3076327443122864
fair_leg/tuned_family,test,17,7,pv_battery,55.31159591674805,85.16590118408203,-0.6494569182395935
fair_leg/tuned_family,test,17,8,pv_battery,39.96551513671875,74.32853698730469,-0.537687361240387
fair_leg/tuned_family,test,17,9,pv_battery,53.86265563964844,82.66796875,-0.65155428647995
fair_leg/tuned_family,test,17,10,pv_only,20.437389373779297,80.77920532226562,-0.2530030310153961
fair_leg/tuned_family,test,17,11,pv_battery,35.45276641845703,89.17574310302734,-0.3975606858730316
fair_leg/tuned_family,test,17,12,large_flex,47.35906982421875,216.91053771972656,-0.21833457052707672
fair_leg/tuned_family,test,17,13,large_flex,14.22957992553711,195.1348419189453,-0.07292178273200989
fair_leg/tuned_family,test,17,14,large_flex,45.48008728027344,230.5649871826172,-0.19725491106510162
fair_leg/tuned_family,test,17,15,pv_battery,66.2585220336914,81.8302001953125,-0.8097077012062073
fair_leg/tuned_family,test,17,16,pv_battery,25.417797088623047,93.58141326904297,-0.27161160111427307
fair_leg/tuned_family,test,17,17,large_flex,39.03715515136719,221.8868408203125,-0.17593266069889069
fair_leg/tuned_family,test,18,0,tenant,-13.966609954833984,62.71976852416992,0.2226826697587967
fair_leg/tuned_family,test,18,1,tenant,-14.020158767700195,63.05696105957031,0.22234107553958893
fair_leg/tuned_family,test,18,2,tenant,-14.48162841796875,65.02294158935547,0.22271572053432465
fair_leg/tuned_family,test,18,3,tenant,-13.892827033996582,61.90911865234375,0.22440674901008606
fair_leg/tuned_family,test,18,4,tenant,-13.006575584411621,58.7082405090332,0.2215460240840912
fair_leg/tuned_family,test,18,5,tenant,-15.860673904418945,70.38614654541016,0.22533802688121796
fair_leg/tuned_family,test,18,6,pv_only,-12.648710250854492,88.58834075927734,0.14278079569339752
fair_leg/tuned_family,test,18,7,pv_battery,46.42642593383789,88.07725524902344,-0.5271103978157043
fair_leg/tuned_family,test,18,8,pv_battery,19.124168395996094,79.63179016113281,-0.24015745520591736
fair_leg/tuned_family,test,18,9,pv_battery,51.86015319824219,78.36991119384766,-0.6617356538772583
fair_leg/tuned_family,test,18,10,pv_only,35.56345748901367,73.76455688476562,-0.4821213185787201
fair_leg/tuned_family,test,18,11,pv_battery,38.75376892089844,81.8764419555664,-0.4733201861381531
fair_leg/tuned_family,test,18,12,large_flex,54.795501708984375,193.24049377441406,-0.28356122970581055
fair_leg/tuned_family,test,18,13,large_flex,61.96623229980469,201.22731018066406,-0.30794134736061096
fair_leg/tuned_family,test,18,14,large_flex,59.96379470825195,223.53965759277344,-0.26824674010276794
fair_leg/tuned_family,test,18,15,pv_battery,61.037864685058594,85.72362518310547,-0.712030827999115
fair_leg/tuned_family,test,18,16,pv_battery,53.09614562988281,85.09390258789062,-0.6239713430404663
fair_leg/tuned_family,test,18,17,large_flex,-5.303408622741699,197.7072296142578,0.02682454325258732
fair_leg/tuned_family,test,19,0,tenant,-15.474371910095215,68.8856201171875,0.22463852167129517
fair_leg/tuned_family,test,19,1,tenant,-13.353988647460938,59.58950424194336,0.22409950196743011
fair_leg/tuned_family,test,19,2,tenant,-13.32313346862793,59.54359436035156,0.22375424206256866
fair_leg/tuned_family,test,19,3,tenant,-13.171083450317383,59.20698928833008,0.22245824337005615
fair_leg/tuned_family,test,19,4,tenant,-13.6055326461792,60.636199951171875,0.22437971830368042
fair_leg/tuned_family,test,19,5,tenant,-11.893948554992676,53.75758361816406,0.2212514579296112
fair_leg/tuned_family,test,19,6,pv_only,25.686800003051758,87.54927062988281,-0.2933981418609619
fair_leg/tuned_family,test,19,7,pv_battery,62.824058532714844,80.59639739990234,-0.7794895768165588
fair_leg/tuned_family,test,19,8,pv_battery,11.356098175048828,78.52198028564453,-0.14462320506572723
fair_leg/tuned_family,test,19,9,pv_battery,15.2681884765625,99.7652359008789,-0.15304113924503326
fair_leg/tuned_family,test,19,10,pv_only,40.08922576904297,84.81458282470703,-0.47266900539398193
fair_leg/tuned_family,test,19,11,pv_battery,26.888736724853516,88.55309295654297,-0.30364540219306946
fair_leg/tuned_family,test,19,12,large_flex,23.628877639770508,218.55616760253906,-0.10811349749565125
fair_leg/tuned_family,test,19,13,large_flex,37.59954833984375,223.7444610595703,-0.16804683208465576
fair_leg/tuned_family,test,19,14,large_flex,29.89813232421875,204.47279357910156,-0.1462205946445465
fair_leg/tuned_family,test,19,15,pv_battery,9.546631813049316,73.83027648925781,-0.12930509448051453
fair_leg/tuned_family,test,19,16,pv_battery,20.209030151367188,86.82530975341797,-0.23275503516197205
fair_leg/tuned_family,test,19,17,large_flex,64.48242950439453,187.8963623046875,-0.34318074584007263
tariff/tuned_family,test,0,0,tenant,-15.432257652282715,72.69613647460938,0.2122844010591507
tariff/tuned_family,test,0,1,tenant,-14.601061820983887,69.583251953125,0.20983590185642242
tariff/tuned_family,test,0,2,tenant,-13.176774978637695,62.99239730834961,0.2091803401708603
tariff/tuned_family,test,0,3,tenant,-12.204237937927246,58.74997329711914,0.20773185789585114
tariff/tuned_family,test,0,4,tenant,-14.99258041381836,71.63943481445312,0.20927831530570984
tariff/tuned_family,test,0,5,tenant,-13.314992904663086,64.07042694091797,0.2078181356191635
tariff/tuned_family,test,0,6,pv_only,24.01590919494629,81.16836547851562,-0.2958776652812958
tariff/tuned_family,test,0,7,pv_battery,13.452922821044922,84.80936431884766,-0.15862539410591125
tariff/tuned_family,test,0,8,pv_battery,5.574526786804199,87.64793395996094,-0.06360133737325668
tariff/tuned_family,test,0,9,pv_battery,-3.415874481201172,78.14643096923828,0.04371120035648346
tariff/tuned_family,test,0,10,pv_only,24.156410217285156,82.98086547851562,-0.2911081910133362
tariff/tuned_family,test,0,11,pv_battery,15.693296432495117,87.82832336425781,-0.17868146300315857
tariff/tuned_family,test,0,12,large_flex,32.637245178222656,163.15771484375,-0.2000349909067154
tariff/tuned_family,test,0,13,large_flex,-5.05886697769165,212.27325439453125,0.023831890895962715
tariff/tuned_family,test,0,14,large_flex,21.324783325195312,196.89239501953125,-0.10830681025981903
tariff/tuned_family,test,0,15,pv_battery,37.04204177856445,83.90280151367188,-0.4414876401424408
tariff/tuned_family,test,0,16,pv_battery,11.521400451660156,81.3831787109375,-0.1415698081254959
tariff/tuned_family,test,0,17,large_flex,27.066356658935547,200.39971923828125,-0.13506180047988892
tariff/tuned_family,test,1,0,tenant,-1.1108076572418213,54.457115173339844,0.020397840067744255
tariff/tuned_family,test,1,1,tenant,-4.243612289428711,68.22596740722656,0.06219940632581711
tariff/tuned_family,test,1,2,tenant,-1.2938556671142578,55.17155075073242,0.02345150336623192
tariff/tuned_family,test,1,3,tenant,-2.7959251403808594,61.46684646606445,0.04548671841621399
tariff/tuned_family,test,1,4,tenant,-1.3296705484390259,55.16480255126953,0.024103611707687378
tariff/tuned_family,test,1,5,tenant,-2.895359992980957,62.23639678955078,0.046521998941898346
tariff/tuned_family,test,1,6,pv_only,18.118227005004883,74.15965270996094,-0.2443138062953949
tariff/tuned_family,test,1,7,pv_battery,29.963191986083984,72.00646209716797,-0.4161180853843689
tariff/tuned_family,test,1,8,pv_battery,29.60573387145996,92.32186889648438,-0.32067960500717163
tariff/tuned_family,test,1,9,pv_battery,25.355112075805664,78.94182586669922,-0.321187287569046
tariff/tuned_family,test,1,10,pv_only,17.644454956054688,82.67589569091797,-0.21341711282730103
tariff/tuned_family,test,1,11,pv_battery,25.468284606933594,92.00402069091797,-0.2768171727657318
tariff/tuned_family,test,1,12,large_flex,24.868486404418945,178.49832153320312,-0.13932059705257416
tariff/tuned_family,test,1,13,large_flex,-15.419696807861328,245.25674438476562,0.06287173181772232
tariff/tuned_family,test,1,14,large_flex,25.416656494140625,217.50503540039062,-0.11685551702976227
tariff/tuned_family,test,1,15,pv_battery,30.077762603759766,86.00672912597656,-0.3497140407562256
tariff/tuned_family,test,1,16,pv_battery,26.586973190307617,79.69621276855469,-0.33360397815704346
tariff/tuned_family,test,1,17,large_flex,20.116775512695312,225.34510803222656,-0.08927099406719208
tariff/tuned_family,test,2,0,tenant,-12.605818748474121,61.47628402709961,0.20505169034004211
tariff/tuned_family,test,2,1,tenant,-11.90896224975586,58.042232513427734,0.205177441239357
tariff/tuned_family,test,2,2,tenant,-13.45248031616211,64.21237182617188,0.209499791264534
tariff/tuned_family,test,2,3,tenant,-14.105402946472168,68.21656799316406,0.20677383244037628
tariff/tuned_family,test,2,4,tenant,-11.980389595031738,58.41762161254883,0.2050817757844925
tariff/tuned_family,test,2,5,tenant,-15.897745132446289,75.52835083007812,0.21048705279827118
tariff/tuned_family,test,2,6,pv_only,11.087308883666992,80.94506072998047,-0.13697321712970734
tariff/tuned_family,test,2,7,pv_battery,8.829788208007812,84.7945785522461,-0.10413149744272232
tariff/tuned_family,test,2,8,pv_battery,7.785879135131836,88.06771087646484,-0.08840788155794144
tariff/tuned_family,test,2,9,pv_battery,34.62418746948242,91.76107788085938,-0.3773297667503357
tariff/tuned_family,test,2,10,pv_only,26.70362091064453,91.85672760009766,-0.29070937633514404
tariff/tuned_family,test,2,11,pv_battery,36.605743408203125,77.25572967529297,-0.4738256633281708
tariff/tuned_family,test,2,12,large_flex,-16.430980682373047,204.84323120117188,0.08021243661642075
tariff/tuned_family,test,2,13,large_flex,16.272411346435547,181.23695373535156,-0.08978533744812012
tariff/tuned_family,test,2,14,large_flex,-19.295230865478516,205.46482849121094,0.09391014277935028
tariff/tuned_family,test,2,15,pv_battery,37.536529541015625,90.36705017089844,-0.4153785705566406
tariff/tuned_family,test,2,16,pv_battery,37.788352966308594,82.0341796875,-0.46064165234565735
tariff/tuned_family,test,2,17,large_flex,32.574249267578125,219.12709045410156,-0.14865460991859436
tariff/tuned_family,test,3,0,tenant,-10.569950103759766,62.633827209472656,0.16875788569450378
tariff/tuned_family,test,3,1,tenant,-9.690679550170898,59.18191146850586,0.1637440174818039
tariff/tuned_family,test,3,2,tenant,-12.292398452758789,70.26583862304688,0.1749412715435028
tariff/tuned_family,test,3,3,tenant,-10.455774307250977,61.681739807128906,0.16951170563697815
tariff/tuned_family,test,3,4,tenant,-10.434480667114258,61.75115966796875,0.16897626221179962
tariff/tuned_family,test,3,5,tenant,-10.527917861938477,62.27299880981445,0.1690608114004135
tariff/tuned_family,test,3,6,pv_only,14.938558578491211,85.24974822998047,-0.17523296177387238
tariff/tuned_family,test,3,7,pv_battery,17.696130752563477,81.70304107666016,-0.2165907770395279
tariff/tuned_family,test,3,8,pv_battery,18.664037704467773,72.66333770751953,-0.2568562924861908
tariff/tuned_family,test,3,9,pv_battery,23.33438491821289,93.5228042602539,-0.24950486421585083
tariff/tuned_family,test,3,10,pv_only,8.611505508422852,77.6488037109375,-0.11090327054262161
tariff/tuned_family,test,3,11,pv_battery,12.800653457641602,79.91842651367188,-0.1601715236902237
tariff/tuned_family,test,3,12,large_flex,11.87602710723877,216.7044219970703,-0.054802894592285156
tariff/tuned_family,test,3,13,large_flex,33.301490783691406,213.99559020996094,-0.1556176245212555
tariff/tuned_family,test,3,14,large_flex,30.995872497558594,223.9399871826172,-0.1384114921092987
tariff/tuned_family,test,3,15,pv_battery,33.2648811340332,80.5962142944336,-0.41273513436317444
tariff/tuned_family,test,3,16,pv_battery,32.83015441894531,81.26229858398438,-0.4040023386478424
tariff/tuned_family,test,3,17,large_flex,27.229379653930664,207.4656524658203,-0.1312476545572281
tariff/tuned_family,test,4,0,tenant,-2.172527313232422,62.15242385864258,0.03495480865240097
tariff/tuned_family,test,4,1,tenant,-1.992743730545044,61.42643737792969,0.032441169023513794
tariff/tuned_family,test,4,2,tenant,-4.600488185882568,72.35894012451172,0.06357875466346741
tariff/tuned_family,test,4,3,tenant,-3.205801010131836,65.97551727294922,0.048590801656246185
tariff/tuned_family,test,4,4,tenant,-3.087306499481201,66.20619201660156,0.04663165286183357
tariff/tuned_family,test,4,5,tenant,-1.877890706062317,60.11405563354492,0.031238790601491928
tariff/tuned_family,test,4,6,pv_only,13.385480880737305,89.06841278076172,-0.15028318762779236
tariff/tuned_family,test,4,7,pv_battery,27.042797088623047,82.79981231689453,-0.32660460472106934
tariff/tuned_family,test,4,8,pv_battery,14.018377304077148,72.00828552246094,-0.19467733800411224
tariff/tuned_family,test,4,9,pv_battery,29.907081604003906,86.46599578857422,-0.3458825945854187
tariff/tuned_family,test,4,10,pv_only,14.89349365234375,76.42791748046875,-0.1948697715997696
tariff/tuned_family,test,4,11,pv_battery,29.91486358642578,76.6584701538086,-0.39023557305336
tariff/tuned_family,test,4,12,large_flex,30.075862884521484,205.79310607910156,-0.14614607393741608
tariff/tuned_family,test,4,13,large_flex,23.38204574584961,190.24539184570312,-0.12290464341640472
tariff/tuned_family,test,4,14,large_flex,28.13857650756836,204.8544158935547,-0.1373588889837265
tariff/tuned_family,test,4,15,pv_battery,25.790451049804688,89.19397735595703,-0.28915002942085266
tariff/tuned_family,test,4,16,pv_battery,20.593984603881836,86.89279174804688,-0.23700451850891113
tariff/tuned_family,test,4,17,large_flex,20.147390365600586,197.13223266601562,-0.10220245271921158
tariff/tuned_family,test,5,0,tenant,-12.593155860900879,65.47962951660156,0.19232173264026642
tariff/tuned_family,test,5,1,tenant,-14.3837890625,72.49996948242188,0.1983971893787384
tariff/tuned_family,test,5,2,tenant,-10.703758239746094,56.48336410522461,0.1895027458667755
tariff/tuned_family,test,5,3,tenant,-13.594139099121094,69.02279663085938,0.19695144891738892
tariff/tuned_family,test,5,4,tenant,-10.714771270751953,56.17674255371094,0.19073310494422913
tariff/tuned_family,test,5,5,tenant,-12.95992660522461,66.93524169921875,0.19361886382102966
tariff/tuned_family,test,5,6,pv_only,22.32016944885254,81.12821960449219,-0.27512210607528687
tariff/tuned_family,test,5,7,pv_battery,33.5301513671875,95.5313949584961,-0.35098588466644287
tariff/tuned_family,test,5,8,pv_battery,32.661399841308594,90.40953063964844,-0.36126062273979187
tariff/tuned_family,test,5,9,pv_battery,35.68714141845703,77.04638671875,-0.4631905257701874
tariff/tuned_family,test,5,10,pv_only,9.886322021484375,95.9556884765625,-0.10303010791540146
tariff/tuned_family,test,5,11,pv_battery,6.501802921295166,91.12498474121094,-0.07135037332773209
tariff/tuned_family,test,5,12,large_flex,36.783592224121094,209.5968475341797,-0.1754969209432602
tariff/tuned_family,test,5,13,large_flex,0.16821622848510742,216.7526397705078,-0.0007760633598081768
tariff/tuned_family,test,5,14,large_flex,4.416459560394287,197.72850036621094,-0.022335976362228394
tariff/tuned_family,test,5,15,pv_battery,26.905441284179688,79.16350555419922,-0.3398718535900116
tariff/tuned_family,test,5,16,pv_battery,36.754798889160156,88.03372955322266,-0.4175083041191101
tariff/tuned_family,test,5,17,large_flex,6.576112747192383,204.9633026123047,-0.03208434209227562
tariff/tuned_family,test,6,0,tenant,-9.407234191894531,63.66468048095703,0.14776219427585602
tariff/tuned_family,test,6,1,tenant,-9.588165283203125,64.55371856689453,0.14852997660636902
tariff/tuned_family,test,6,2,tenant,-10.743729591369629,69.72496032714844,0.1540873497724533
tariff/tuned_family,test,6,3,tenant,-9.348323822021484,64.16187286376953,0.14569899439811707
tariff/tuned_family,test,6,4,tenant,-7.289911270141602,54.091068267822266,0.1347711682319641
tariff/tuned_family,test,6,5,tenant,-11.368035316467285,72.30187225341797,0.15723013877868652
tariff/tuned_family,test,6,6,pv_only,3.834291934967041,88.91521453857422,-0.043122995644807816
tariff/tuned_family,test,6,7,pv_battery,34.612125396728516,68.4228515625,-0.5058561563491821
tariff/tuned_family,test,6,8,pv_battery,30.704301834106445,79.10437774658203,-0.3881492018699646
tariff/tuned_family,test,6,9,pv_battery,28.51245880126953,82.94664764404297,-0.3437444567680359
tariff/tuned_family,test,6,10,pv_only,12.814001083374023,83.30595397949219,-0.1538185328245163
tariff/tuned_family,test,6,11,pv_battery,4.8167724609375,77.62564086914062,-0.06205132603645325
tariff/tuned_family,test,6,12,large_flex,34.31693649291992,193.56597900390625,-0.17728804051876068
tariff/tuned_family,test,6,13,large_flex,5.093173027038574,186.55303955078125,-0.027301471680402756
tariff/tuned_family,test,6,14,large_flex,22.241531372070312,198.326904296875,-0.11214573681354523
tariff/tuned_family,test,6,15,pv_battery,32.89659881591797,92.698486328125,-0.3548772931098938
tariff/tuned_family,test,6,16,pv_battery,26.964004516601562,90.08251953125,-0.29932546615600586
tariff/tuned_family,test,6,17,large_flex,33.37523651123047,208.2818603515625,-0.16024066507816315
tariff/tuned_family,test,7,0,tenant,-0.534959077835083,56.37227249145508,0.009489791467785835
tariff/tuned_family,test,7,1,tenant,-2.1731550693511963,64.04303741455078,0.03393271937966347
tariff/tuned_family,test,7,2,tenant,-1.887946605682373,62.43913650512695,0.03023659624159336
tariff/tuned_family,test,7,3,tenant,-0.8542156219482422,57.86317443847656,0.014762654900550842
tariff/tuned_family,test,7,4,tenant,-2.3786916732788086,64.57722473144531,0.036834828555583954
tariff/tuned_family,test,7,5,tenant,-2.07021427154541,63.76203536987305,0.03246782347559929
tariff/tuned_family,test,7,6,pv_only,17.548486709594727,89.17562103271484,-0.19678570330142975
tariff/tuned_family,test,7,7,pv_battery,20.316360473632812,93.81871032714844,-0.2165490984916687
tariff/tuned_family,test,7,8,pv_battery,20.223966598510742,79.26966094970703,-0.2551286518573761
tariff/tuned_family,test,7,9,pv_battery,27.80329132080078,83.69727325439453,-0.3321887254714966
tariff/tuned_family,test,7,10,pv_only,18.15260124206543,89.58158111572266,-0.20263762772083282
tariff/tuned_family,test,7,11,pv_battery,29.916271209716797,88.04947662353516,-0.33976662158966064
tariff/tuned_family,test,7,12,large_flex,27.05709457397461,192.69558715820312,-0.14041365683078766
tariff/tuned_family,test,7,13,large_flex,17.679153442382812,189.23648071289062,-0.09342364966869354
tariff/tuned_family,test,7,14,large_flex,11.919421195983887,205.96295166015625,-0.05787166953086853
tariff/tuned_family,test,7,15,pv_battery,23.398765563964844,87.1794204711914,-0.2683977782726288
tariff/tuned_family,test,7,16,pv_battery,26.074134826660156,85.78961181640625,-0.30393120646476746
tariff/tuned_family,test,7,17,large_flex,28.46567153930664,207.57110595703125,-0.13713692128658295
tariff/tuned_family,test,8,0,tenant,-12.628473281860352,62.965553283691406,0.20056164264678955
tariff/tuned_family,test,8,1,tenant,-12.98151683807373,64.07431030273438,0.20260100066661835
tariff/tuned_family,test,8,2,tenant,-13.468504905700684,66.06665802001953,0.20386235415935516
tariff/tuned_family,test,8,3,tenant,-14.487983703613281,70.55229187011719,0.20535102486610413
tariff/tuned_family,test,8,4,tenant,-12.065034866333008,59.791648864746094,0.20178453624248505
tariff/tuned_family,test,8,5,tenant,-13.780609130859375,67.35026550292969,0.20461097359657288
tariff/tuned_family,test,8,6,pv_only,-5.39937162399292,89.90369415283203,0.06005728989839554
tariff/tuned_family,test,8,7,pv_battery,31.971389770507812,80.24171447753906,-0.39843854308128357
tariff/tuned_family,test,8,8,pv_battery,12.662221908569336,86.0987319946289,-0.14706633985042572
tariff/tuned_family,test,8,9,pv_battery,24.03871726989746,90.46062469482422,-0.26573675870895386
tariff/tuned_family,test,8,10,pv_only,21.03463363647461,76.18090057373047,-0.2761145234107971
tariff/tuned_family,test,8,11,pv_battery,10.447961807250977,89.7593002319336,-0.11639975756406784
tariff/tuned_family,test,8,12,large_flex,29.36873435974121,182.61277770996094,-0.1608252227306366
tariff/tuned_family,test,8,13,large_flex,35.416015625,183.36631774902344,-0.1931435763835907
tariff/tuned_family,test,8,14,large_flex,18.80266571044922,183.66424560546875,-0.10237525403499603
tariff/tuned_family,test,8,15,pv_battery,14.609304428100586,82.60541534423828,-0.17685650289058685
tariff/tuned_family,test,8,16,pv_battery,15.221101760864258,94.55230712890625,-0.1609807163476944
tariff/tuned_family,test,8,17,large_flex,27.397932052612305,202.8647918701172,-0.13505515456199646
tariff/tuned_family,test,9,0,tenant,-15.303058624267578,70.0582046508789,0.21843354403972626
tariff/tuned_family,test,9,1,tenant,-12.047245979309082,55.69179153442383,0.2163199782371521
tariff/tuned_family,test,9,2,tenant,-15.170951843261719,68.88367462158203,0.22024023532867432
tariff/tuned_family,test,9,3,tenant,-13.63548469543457,62.655616760253906,0.2176259160041809
tariff/tuned_family,test,9,4,tenant,-13.231575012207031,61.0221061706543,0.21683257818222046
tariff/tuned_family,test,9,5,tenant,-13.588977813720703,62.020748138427734,0.21910367906093597
tariff/tuned_family,test,9,6,pv_only,18.46159553527832,86.77166748046875,-0.2127608358860016
tariff/tuned_family,test,9,7,pv_battery,26.608356475830078,71.95958709716797,-0.36976805329322815
tariff/tuned_family,test,9,8,pv_battery,12.060356140136719,75.52349090576172,-0.15969020128250122
tariff/tuned_family,test,9,9,pv_battery,34.570228576660156,80.29788970947266,-0.4305247962474823
tariff/tuned_family,test,9,10,pv_only,25.202625274658203,91.98482513427734,-0.27398669719696045
tariff/tuned_family,test,9,11,pv_battery,2.0213170051574707,93.70648956298828,-0.021570738404989243
tariff/tuned_family,test,9,12,large_flex,-12.945758819580078,238.96209716796875,0.05417492985725403
tariff/tuned_family,test,9,13,large_flex,-17.066631317138672,194.73968505859375,0.08763817697763443
tariff/tuned_family,test,9,14,large_flex,17.385454177856445,201.513916015625,-0.08627413213253021
tariff/tuned_family,test,9,15,pv_battery,38.90916061401367,95.91413879394531,-0.4056665897369385
tariff/tuned_family,test,9,16,pv_battery,25.325014114379883,87.90290069580078,-0.2881021797657013
tariff/tuned_family,test,9,17,large_flex,13.820282936096191,177.35379028320312,-0.0779249370098114
tariff/tuned_family,test,10,0,tenant,-13.902164459228516,67.41810607910156,0.20620812475681305
tariff/tuned_family,test,10,1,tenant,-11.685674667358398,57.790008544921875,0.2022092342376709
tariff/tuned_family,test,10,2,tenant,-12.393659591674805,60.276390075683594,0.20561380684375763
tariff/tuned_family,test,10,3,tenant,-13.635618209838867,65.67347717285156,0.20762743055820465
tariff/tuned_family,test,10,4,tenant,-14.037562370300293,67.2275619506836,0.20880663394927979
tariff/tuned_family,test,10,5,tenant,-12.372050285339355,60.786712646484375,0.2035321295261383
tariff/tuned_family,test,10,6,pv_only,24.117481231689453,88.04647827148438,-0.2739177942276001
tariff/tuned_family,test,10,7,pv_battery,20.994495391845703,91.16907501220703,-0.23028089106082916
tariff/tuned_family,test,10,8,pv_battery,23.907390594482422,90.3240966796875,-0.26468461751937866
tariff/tuned_family,test,10,9,pv_battery,-1.711014747619629,86.59068298339844,0.019759809598326683
tariff/tuned_family,test,10,10,pv_only,2.953671932220459,82.48348236083984,-0.035809267312288284
tariff/tuned_family,test,10,11,pv_battery,24.74966812133789,92.20866394042969,-0.2684093117713928
tariff/tuned_family,test,10,12,large_flex,36.81373596191406,228.5016632080078,-0.16110928356647491
tariff/tuned_family,test,10,13,large_flex,26.064443588256836,190.19651794433594,-0.13703952729701996
tariff/tuned_family,test,10,14,large_flex,6.82106351852417,177.0040283203125,-0.038536179810762405
tariff/tuned_family,test,10,15,pv_battery,37.168617248535156,83.85360717773438,-0.4432560205459595
tariff/tuned_family,test,10,16,pv_battery,10.014327049255371,84.9761962890625,-0.11784863471984863
tariff/tuned_family,test,10,17,large_flex,24.12323760986328,209.84616088867188,-0.11495678126811981
tariff/tuned_family,test,11,0,tenant,-9.039182662963867,72.15080261230469,0.12528181076049805
tariff/tuned_family,test,11,1,tenant,-6.724635124206543,62.132808685302734,0.10823000967502594
tariff/tuned_family,test,11,2,tenant,-8.381647109985352,69.55110168457031,0.12051063030958176
tariff/tuned_family,test,11,3,tenant,-7.3845343589782715,64.90348815917969,0.11377717554569244
tariff/tuned_family,test,11,4,tenant,-7.809514999389648,66.502685546875,0.11743161082267761
tariff/tuned_family,test,11,5,tenant,-6.9073381423950195,62.70114517211914,0.1101628765463829
tariff/tuned_family,test,11,6,pv_only,18.515649795532227,85.8766860961914,-0.21560734510421753
tariff/tuned_family,test,11,7,pv_battery,28.213491439819336,84.4786148071289,-0.33397194743156433
tariff/tuned_family,test,11,8,pv_battery,15.706144332885742,94.71376037597656,-0.1658274382352829
tariff/tuned_family,test,11,9,pv_battery,31.980113983154297,86.70022583007812,-0.36885830760002136
tariff/tuned_family,test,11,10,pv_only,8.57179069519043,90.72291564941406,-0.09448318183422089
tariff/tuned_family,test,11,11,pv_battery,31.65343475341797,75.66814422607422,-0.4183189272880554
tariff/tuned_family,test,11,12,large_flex,-10.172746658325195,215.45156860351562,0.04721593111753464
tariff/tuned_family,test,11,13,large_flex,25.315345764160156,230.04476928710938,-0.11004530638456345
tariff/tuned_family,test,11,14,large_flex,32.49580383300781,221.48182678222656,-0.14671990275382996
tariff/tuned_family,test,11,15,pv_battery,30.72417449951172,79.61206817626953,-0.3859235346317291
tariff/tuned_family,test,11,16,pv_battery,24.296478271484375,91.61184692382812,-0.26521095633506775
tariff/tuned_family,test,11,17,large_flex,30.956974029541016,184.9727020263672,-0.1673596054315567
tariff/tuned_family,test,12,0,tenant,-13.061830520629883,61.44271469116211,0.2125854790210724
tariff/tuned_family,test,12,1,tenant,-12.620992660522461,59.79969787597656,0.21105442941188812
tariff/tuned_family,test,12,2,tenant,-13.972356796264648,65.94331359863281,0.21188434958457947
tariff/tuned_family,test,12,3,tenant,-14.862391471862793,69.69342803955078,0.21325388550758362
tariff/tuned_family,test,12,4,tenant,-13.138589859008789,61.78516387939453,0.21264970302581787
tariff/tuned_family,test,12,5,tenant,-14.208621978759766,67.02764892578125,0.21198152005672455
tariff/tuned_family,test,12,6,pv_only,12.069122314453125,82.48181915283203,-0.14632460474967957
tariff/tuned_family,test,12,7,pv_battery,32.14575958251953,86.35420989990234,-0.37225478887557983
tariff/tuned_family,test,12,8,pv_battery,33.3574333190918,73.18672180175781,-0.45578548312187195
tariff/tuned_family,test,12,9,pv_battery,2.302443027496338,83.92576599121094,-0.02743425779044628
tariff/tuned_family,test,12,10,pv_only,26.090843200683594,93.49021911621094,-0.2790756821632385
tariff/tuned_family,test,12,11,pv_battery,37.275848388671875,92.68009948730469,-0.40219905972480774
tariff/tuned_family,test,12,12,large_flex,27.91999053955078,198.4272918701172,-0.14070646464824677
tariff/tuned_family,test,12,13,large_flex,15.896028518676758,195.7098846435547,-0.08122241497039795
tariff/tuned_family,test,12,14,large_flex,-9.400554656982422,230.02713012695312,0.04086717590689659
tariff/tuned_family,test,12,15,pv_battery,3.682701587677002,83.97183227539062,-0.04385639354586601
tariff/tuned_family,test,12,16,pv_battery,3.1956517696380615,93.6460952758789,-0.03412476181983948
tariff/tuned_family,test,12,17,large_flex,29.32138442993164,205.8638153076172,-0.14243099093437195
tariff/tuned_family,test,13,0,tenant,-12.934274673461914,65.24479675292969,0.19824230670928955
tariff/tuned_family,test,13,1,tenant,-14.053018569946289,69.55045318603516,0.20205506682395935
tariff/tuned_family,test,13,2,tenant,-11.133624076843262,56.62065124511719,0.19663536548614502
tariff/tuned_family,test,13,3,tenant,-13.55827522277832,68.10638427734375,0.19907499849796295
tariff/tuned_family,test,13,4,tenant,-12.494881629943848,62.777862548828125,0.19903330504894257
tariff/tuned_family,test,13,5,tenant,-13.383481979370117,67.26835632324219,0.19895648956298828
tariff/tuned_family,test,13,6,pv_only,-8.21406364440918,94.4789810180664,0.08694063872098923
tariff/tuned_family,test,13,7,pv_battery,31.269485473632812,77.69390106201172,-0.40247005224227905
tariff/tuned_family,test,13,8,pv_battery,34.39084243774414,75.55756378173828,-0.455160915851593
tariff/tuned_family,test,13,9,pv_battery,0.8569381237030029,85.78258514404297,-0.009989657439291477
tariff/tuned_family,test,13,10,pv_only,22.575870513916016,79.85309600830078,-0.28271740674972534
tariff/tuned_family,test,13,11,pv_battery,32.754947662353516,81.53446960449219,-0.40173137187957764
tariff/tuned_family,test,13,12,large_flex,21.60979461669922,209.478759765625,-0.1031598150730133
tariff/tuned_family,test,13,13,large_flex,36.558990478515625,191.4552459716797,-0.19095323979854584
tariff/tuned_family,test,13,14,large_flex,29.066686630249023,195.6560821533203,-0.1485600471496582
tariff/tuned_family,test,13,15,pv_battery,5.196056842803955,81.54383850097656,-0.06372102349996567
tariff/tuned_family,test,13,16,pv_battery,29.256275177001953,75.5238037109375,-0.3873782157897949
tariff/tuned_family,test,13,17,large_flex,34.546234130859375,235.9943084716797,-0.14638583362102509
tariff/tuned_family,test,14,0,tenant,-9.475400924682617,64.54833984375,0.14679543673992157
tariff/tuned_family,test,14,1,tenant,-7.09238338470459,54.62171173095703,0.1298454999923706
tariff/tuned_family,test,14,2,tenant,-10.928094863891602,71.51648712158203,0.1528054028749466
tariff/tuned_family,test,14,3,tenant,-8.900866508483887,63.19842529296875,0.14083991944789886
tariff/tuned_family,test,14,4,tenant,-10.217315673828125,67.76394653320312,0.15077805519104004
tariff/tuned_family,test,14,5,tenant,-9.701990127563477,65.76097106933594,0.14753417670726776
tariff/tuned_family,test,14,6,pv_only,0.3688385486602783,81.26487731933594,-0.004538710694760084
tariff/tuned_family,test,14,7,pv_battery,33.83530807495117,89.22527313232422,-0.37921223044395447
tariff/tuned_family,test,14,8,pv_battery,34.365928649902344,70.50829315185547,-0.48740264773368835
tariff/tuned_family,test,14,9,pv_battery,31.60721206665039,76.63369750976562,-0.4124452769756317
tariff/tuned_family,test,14,10,pv_only,22.294328689575195,84.27347564697266,-0.26454752683639526
tariff/tuned_family,test,14,11,pv_battery,32.790283203125,94.81993103027344,-0.34581640362739563
tariff/tuned_family,test,14,12,large_flex,7.0848565101623535,196.64389038085938,-0.03602886572480202
tariff/tuned_family,test,14,13,large_flex,32.138389587402344,204.53672790527344,-0.1571277230978012
tariff/tuned_family,test,14,14,large_flex,8.734417915344238,219.083740234375,-0.03986794501543045
tariff/tuned_family,test,14,15,pv_battery,33.550750732421875,77.27157592773438,-0.43419280648231506
tariff/tuned_family,test,14,16,pv_battery,20.929515838623047,78.55946350097656,-0.26641619205474854
tariff/tuned_family,test,14,17,large_flex,9.163976669311523,223.69619750976562,-0.040966156870126724
tariff/tuned_family,test,15,0,tenant,-13.93325424194336,74.6938247680664,0.1865382194519043
tariff/tuned_family,test,15,1,tenant,-11.86927318572998,65.07762908935547,0.1823863834142685
tariff/tuned_family,test,15,2,tenant,-11.278743743896484,62.6085205078125,0.18014711141586304
tariff/tuned_family,test,15,3,tenant,-11.287405967712402,62.717777252197266,0.17997141182422638
tariff/tuned_family,test,15,4,tenant,-10.280495643615723,58.54052734375,0.17561322450637817
tariff/tuned_family,test,15,5,tenant,-11.254341125488281,62.90364074707031,0.17891386151313782
tariff/tuned_family,test,15,6,pv_only,10.734766006469727,89.89776611328125,-0.11941087245941162
tariff/tuned_family,test,15,7,pv_battery,11.470479965209961,97.54315948486328,-0.11759393662214279
tariff/tuned_family,test,15,8,pv_battery,34.79439163208008,72.86759948730469,-0.47750145196914673
tariff/tuned_family,test,15,9,pv_battery,1.3253505229949951,86.77117156982422,-0.015274032950401306
tariff/tuned_family,test,15,10,pv_only,13.330646514892578,75.73419952392578,-0.17601877450942993
tariff/tuned_family,test,15,11,pv_battery,36.205482482910156,92.3165512084961,-0.3921884596347809
tariff/tuned_family,test,15,12,large_flex,7.686764717102051,210.69766235351562,-0.03648245334625244
tariff/tuned_family,test,15,13,large_flex,25.627620697021484,199.19363403320312,-0.12865687906742096
tariff/tuned_family,test,15,14,large_flex,30.47828483581543,219.95993041992188,-0.1385629028081894
tariff/tuned_family,test,15,15,pv_battery,30.571313858032227,102.40503692626953,-0.29853329062461853
tariff/tuned_family,test,15,16,pv_battery,29.078907012939453,84.61502075195312,-0.34366127848625183
tariff/tuned_family,test,15,17,large_flex,28.439775466918945,209.6678466796875,-0.13564202189445496
tariff/tuned_family,test,16,0,tenant,-9.638860702514648,67.2093505859375,0.1434154212474823
tariff/tuned_family,test,16,1,tenant,-6.891037940979004,54.931549072265625,0.12544773519039154
tariff/tuned_family,test,16,2,tenant,-9.768205642700195,67.35568237304688,0.14502426981925964
tariff/tuned_family,test,16,3,tenant,-8.425626754760742,62.17927551269531,0.1355053335428238
tariff/tuned_family,test,16,4,tenant,-7.630041122436523,58.209693908691406,0.1310785561800003
tariff/tuned_family,test,16,5,tenant,-7.540534496307373,57.75937271118164,0.1305508315563202
tariff/tuned_family,test,16,6,pv_only,22.224220275878906,90.48619842529297,-0.2456091046333313
tariff/tuned_family,test,16,7,pv_battery,21.63433265686035,92.22779846191406,-0.2345750331878662
tariff/tuned_family,test,16,8,pv_battery,15.013580322265625,82.8550033569336,-0.18120305240154266
tariff/tuned_family,test,16,9,pv_battery,27.439165115356445,94.79684448242188,-0.28945231437683105
tariff/tuned_family,test,16,10,pv_only,16.303129196166992,98.70648193359375,-0.16516786813735962
tariff/tuned_family,test,16,11,pv_battery,32.12395095825195,91.78949737548828,-0.3499741554260254
tariff/tuned_family,test,16,12,large_flex,4.396807670593262,220.208740234375,-0.01996653527021408
tariff/tuned_family,test,16,13,large_flex,-4.0975565910339355,186.87705993652344,0.021926477551460266
tariff/tuned_family,test,16,14,large_flex,31.390132904052734,204.80606079101562,-0.15326760709285736
tariff/tuned_family,test,16,15,pv_battery,31.94500732421875,85.46842956542969,-0.373763769865036
tariff/tuned_family,test,16,16,pv_battery,33.852054595947266,73.39588165283203,-0.4612254202365875
tariff/tuned_family,test,16,17,large_flex,19.492666244506836,205.97467041015625,-0.09463623911142349
tariff/tuned_family,test,17,0,tenant,-3.490293025970459,62.53596496582031,0.05581256374716759
tariff/tuned_family,test,17,1,tenant,-2.4235966205596924,58.3036994934082,0.04156847670674324
tariff/tuned_family,test,17,2,tenant,-1.6015557050704956,53.944068908691406,0.029689181596040726
tariff/tuned_family,test,17,3,tenant,-3.9481918811798096,65.78950500488281,0.06001248210668564
tariff/tuned_family,test,17,4,tenant,-2.574021339416504,58.92573165893555,0.043682463467121124
tariff/tuned_family,test,17,5,tenant,-3.623814582824707,63.63812255859375,0.05694407597184181
tariff/tuned_family,test,17,6,pv_only,15.502344131469727,76.66487121582031,-0.2022092044353485
tariff/tuned_family,test,17,7,pv_battery,29.450176239013672,85.16590118408203,-0.3457978069782257
tariff/tuned_family,test,17,8,pv_battery,23.5543212890625,74.32854461669922,-0.3168947100639343
tariff/tuned_family,test,17,9,pv_battery,29.137582778930664,82.66796875,-0.3524652421474457
tariff/tuned_family,test,17,10,pv_only,15.069518089294434,80.77920532226562,-0.18655188381671906
tariff/tuned_family,test,17,11,pv_battery,24.82395362854004,89.17574310302734,-0.2783711552619934
tariff/tuned_family,test,17,12,large_flex,26.663827896118164,216.91053771972656,-0.12292549014091492
tariff/tuned_family,test,17,13,large_flex,14.381836891174316,195.1348419189453,-0.07370205223560333
tariff/tuned_family,test,17,14,large_flex,24.30202865600586,230.56500244140625,-0.10540208965539932
tariff/tuned_family,test,17,15,pv_battery,30.625654220581055,81.8302001953125,-0.37425869703292847
tariff/tuned_family,test,17,16,pv_battery,20.42384910583496,93.58142852783203,-0.21824677288532257
tariff/tuned_family,test,17,17,large_flex,22.69794273376465,221.88687133789062,-0.10229510813951492
tariff/tuned_family,test,18,0,tenant,-9.359455108642578,62.71976852416992,0.14922666549682617
tariff/tuned_family,test,18,1,tenant,-9.412760734558105,63.05696105957031,0.14927391707897186
tariff/tuned_family,test,18,2,tenant,-9.87407112121582,65.02294158935547,0.15185518562793732
tariff/tuned_family,test,18,3,tenant,-9.285453796386719,61.90911865234375,0.1499851942062378
tariff/tuned_family,test,18,4,tenant,-8.39881706237793,58.7082405090332,0.14306020736694336
tariff/tuned_family,test,18,5,tenant,-11.253005027770996,70.38614654541016,0.15987536311149597
tariff/tuned_family,test,18,6,pv_only,-8.56143569946289,88.58834075927734,0.09664303809404373
tariff/tuned_family,test,18,7,pv_battery,26.63544464111328,88.07726287841797,-0.3024100065231323
tariff/tuned_family,test,18,8,pv_battery,17.45404624938965,79.63178253173828,-0.21918442845344543
tariff/tuned_family,test,18,9,pv_battery,32.42457962036133,78.36991119384766,-0.4137376546859741
tariff/tuned_family,test,18,10,pv_only,22.68539810180664,73.76455688476562,-0.30753809213638306
tariff/tuned_family,test,18,11,pv_battery,28.732362747192383,81.8764419555664,-0.3509233593940735
tariff/tuned_family,test,18,12,large_flex,31.373716354370117,193.24049377441406,-0.16235584020614624
tariff/tuned_family,test,18,13,large_flex,31.856796264648438,201.227294921875,-0.15831254422664642
tariff/tuned_family,test,18,14,large_flex,32.1905517578125,223.53968811035156,-0.14400377869606018
tariff/tuned_family,test,18,15,pv_battery,34.2679328918457,85.72362518310547,-0.3997490704059601
tariff/tuned_family,test,18,16,pv_battery,33.18387985229492,85.09390258789062,-0.3899679183959961
tariff/tuned_family,test,18,17,large_flex,-3.7455101013183594,197.70721435546875,0.01894472725689411
tariff/tuned_family,test,19,0,tenant,-12.972403526306152,68.8856201171875,0.18831795454025269
tariff/tuned_family,test,19,1,tenant,-10.851841926574707,59.58950424194336,0.1821097880601883
tariff/tuned_family,test,19,2,tenant,-10.82131576538086,59.54359436035156,0.1817377656698227
tariff/tuned_family,test,19,3,tenant,-10.669281005859375,59.20698928833008,0.18020303547382355
tariff/tuned_family,test,19,4,tenant,-11.10331916809082,60.636199951171875,0.18311373889446259
tariff/tuned_family,test,19,5,tenant,-9.392120361328125,53.75758361816406,0.1747124344110489
tariff/tuned_family,test,19,6,pv_only,19.671842575073242,87.54927062988281,-0.22469450533390045
tariff/tuned_family,test,19,7,pv_battery,36.44954299926758,80.59639739990234,-0.45224812626838684
tariff/tuned_family,test,19,8,pv_battery,9.307437896728516,78.52198028564453,-0.1185329258441925
tariff/tuned_family,test,19,9,pv_battery,14.032024383544922,99.7652359008789,-0.1406504362821579
tariff/tuned_family,test,19,10,pv_only,25.214252471923828,84.8145980834961,-0.2972866892814636
tariff/tuned_family,test,19,11,pv_battery,21.49565887451172,88.55309295654297,-0.2427431344985962
tariff/tuned_family,test,19,12,large_flex,19.5598201751709,218.55616760253906,-0.08949559926986694
tariff/tuned_family,test,19,13,large_flex,25.799667358398438,223.74449157714844,-0.11530861258506775
tariff/tuned_family,test,19,14,large_flex,18.988765716552734,204.47276306152344,-0.09286694973707199
tariff/tuned_family,test,19,15,pv_battery,8.801765441894531,73.83027648925781,-0.1192161962389946
tariff/tuned_family,test,19,16,pv_battery,16.828046798706055,86.82530975341797,-0.19381499290466309
tariff/tuned_family,test,19,17,large_flex,36.13271713256836,187.89639282226562,-0.19230130314826965
tariff/voltage_family,test,0,0,tenant,-15.973095893859863,72.69613647460938,0.21972408890724182
tariff/voltage_family,test,0,1,tenant,-15.141921043395996,69.583251953125,0.21760877966880798
tariff/voltage_family,test,0,2,tenant,-13.717480659484863,62.99239730834961,0.21776403486728668
tariff/voltage_family,test,0,3,tenant,-12.74517822265625,58.74997329711914,0.2169392704963684
tariff/voltage_family,test,0,4,tenant,-15.533422470092773,71.63943481445312,0.2168278992176056
tariff/voltage_family,test,0,5,tenant,-13.85590934753418,64.07042694091797,0.21626067161560059
tariff/voltage_family,test,0,6,pv_only,24.473108291625977,81.16836547851562,-0.3015105426311493
tariff/voltage_family,test,0,7,pv_battery,13.822556495666504,84.80936431884766,-0.16298381984233856
tariff/voltage_family,test,0,8,pv_battery,5.184642791748047,87.64793395996094,-0.05915307253599167
tariff/voltage_family,test,0,9,pv_battery,-3.361457586288452,78.14643096923828,0.04301484674215317
tariff/voltage_family,test,0,10,pv_only,24.576805114746094,82.98086547851562,-0.29617437720298767
tariff/voltage_family,test,0,11,pv_battery,15.925346374511719,87.82832336425781,-0.1813236027956009
tariff/voltage_family,test,0,12,large_flex,32.74348449707031,163.15771484375,-0.20068618655204773
tariff/voltage_family,test,0,13,large_flex,-4.498020172119141,212.27325439453125,0.021189812570810318
tariff/voltage_family,test,0,14,large_flex,21.048721313476562,196.89239501953125,-0.10690473020076752
tariff/voltage_family,test,0,15,pv_battery,37.257293701171875,83.90280151367188,-0.4440530240535736
tariff/voltage_family,test,0,16,pv_battery,11.6123046875,81.3831787109375,-0.1426868438720703
tariff/voltage_family,test,0,17,large_flex,27.25698471069336,200.39971923828125,-0.13601306080818176
tariff/voltage_family,test,1,0,tenant,-1.7181370258331299,54.457115173339844,0.031550291925668716
tariff/voltage_family,test,1,1,tenant,-4.850941181182861,68.22596740722656,0.0711011290550232
tariff/voltage_family,test,1,2,tenant,-1.9011850357055664,55.17155075073242,0.03445949777960777
tariff/voltage_family,test,1,3,tenant,-3.4032530784606934,61.46684646606445,0.05536729469895363
tariff/voltage_family,test,1,4,tenant,-1.9369986057281494,55.16480255126953,0.03511293604969978
tariff/voltage_family,test,1,5,tenant,-3.502689838409424,62.23639678955078,0.05628041923046112
tariff/voltage_family,test,1,6,pv_only,18.02373504638672,74.15965270996094,-0.24303977191448212
tariff/voltage_family,test,1,7,pv_battery,29.95240020751953,72.00646209716797,-0.415968120098114
tariff/voltage_family,test,1,8,pv_battery,29.296886444091797,92.32186889648438,-0.3173341155052185
tariff/voltage_family,test,1,9,pv_battery,25.28482437133789,78.94182586669922,-0.32029691338539124
tariff/voltage_family,test,1,10,pv_only,17.771018981933594,82.67589569091797,-0.21494801342487335
tariff/voltage_family,test,1,11,pv_battery,25.265579223632812,92.00402069091797,-0.2746138870716095
tariff/voltage_family,test,1,12,large_flex,24.846233367919922,178.49832153320312,-0.13919591903686523
tariff/voltage_family,test,1,13,large_flex,-13.987102508544922,245.25674438476562,0.05703049525618553
tariff/voltage_family,test,1,14,large_flex,25.537982940673828,217.50503540039062,-0.11741329729557037
tariff/voltage_family,test,1,15,pv_battery,29.946430206298828,86.00672912597656,-0.34818702936172485
tariff/voltage_family,test,1,16,pv_battery,26.212724685668945,79.69621276855469,-0.32890787720680237
tariff/voltage_family,test,1,17,large_flex,19.988903045654297,225.34510803222656,-0.08870356529951096
tariff/voltage_family,test,2,0,tenant,-12.727550506591797,61.47628402709961,0.20703183114528656
tariff/voltage_family,test,2,1,tenant,-12.030601501464844,58.042232513427734,0.20727317035198212
tariff/voltage_family,test,2,2,tenant,-13.574073791503906,64.21237182617188,0.21139337122440338
tariff/voltage_family,test,2,3,tenant,-14.226598739624023,68.21656799316406,0.20855049788951874
tariff/voltage_family,test,2,4,tenant,-12.102245330810547,58.41762161254883,0.20716772973537445
tariff/voltage_family,test,2,5,tenant,-16.01861572265625,75.52835083007812,0.21208742260932922
tariff/voltage_family,test,2,6,pv_only,11.197843551635742,80.94506072998047,-0.13833880424499512
tariff/voltage_family,test,2,7,pv_battery,8.048470497131348,84.7945785522461,-0.09491725265979767
tariff/voltage_family,test,2,8,pv_battery,8.065738677978516,88.06771087646484,-0.09158565104007721
tariff/voltage_family,test,2,9,pv_battery,34.33196258544922,91.76107788085938,-0.37414515018463135
tariff/voltage_family,test,2,10,pv_only,26.822362899780273,91.85672760009766,-0.29200223088264465
tariff/voltage_family,test,2,11,pv_battery,36.41311264038086,77.25572967529297,-0.4713321328163147
tariff/voltage_family,test,2,12,large_flex,-16.40825080871582,204.84323120117188,0.08010149747133255
tariff/voltage_family,test,2,13,large_flex,16.171741485595703,181.23695373535156,-0.08922983705997467
tariff/voltage_family,test,2,14,large_flex,-19.0982608795166,205.46482849121094,0.09295152127742767
tariff/voltage_family,test,2,15,pv_battery,37.38304901123047,90.36705017089844,-0.4136800765991211
tariff/voltage_family,test,2,16,pv_battery,37.55586242675781,82.0341796875,-0.4578075408935547
tariff/voltage_family,test,2,17,large_flex,32.16338348388672,219.12709045410156,-0.14677958190441132
tariff/voltage_family,test,3,0,tenant,-10.86077880859375,62.633827209472656,0.1734011173248291
tariff/voltage_family,test,3,1,tenant,-9.981243133544922,59.18191146850586,0.1686536967754364
tariff/voltage_family,test,3,2,tenant,-12.582924842834473,70.26583862304688,0.17907598614692688
tariff/voltage_family,test,3,3,tenant,-10.746238708496094,61.681739807128906,0.1742207407951355
tariff/voltage_family,test,3,4,tenant,-10.724743843078613,61.75115966796875,0.1736767292022705
tariff/voltage_family,test,3,5,tenant,-10.817652702331543,62.27299880981445,0.17371343076229095
tariff/voltage_family,test,3,6,pv_only,14.858087539672852,85.24974822998047,-0.1742890477180481
tariff/voltage_family,test,3,7,pv_battery,17.223560333251953,81.70303344726562,-0.21080684661865234
tariff/voltage_family,test,3,8,pv_battery,18.348020553588867,72.66333770751953,-0.2525072395801544
tariff/voltage_family,test,3,9,pv_battery,23.000185012817383,93.52278900146484,-0.24593140184879303
tariff/voltage_family,test,3,10,pv_only,8.403348922729492,77.6488037109375,-0.10822254419326782
tariff/voltage_family,test,3,11,pv_battery,13.191764831542969,79.91842651367188,-0.16506539285182953
tariff/voltage_family,test,3,12,large_flex,12.027091979980469,216.7044219970703,-0.05549997836351395
tariff/voltage_family,test,3,13,large_flex,32.12977600097656,213.99559020996094,-0.15014219284057617
tariff/voltage_family,test,3,14,large_flex,30.53204345703125,223.9399871826172,-0.13634026050567627
tariff/voltage_family,test,3,15,pv_battery,32.68562698364258,80.5962142944336,-0.4055478274822235
tariff/voltage_family,test,3,16,pv_battery,31.862957000732422,81.26229858398438,-0.39210018515586853
tariff/voltage_family,test,3,17,large_flex,26.07472038269043,207.4656524658203,-0.12568216025829315
tariff/voltage_family,test,4,0,tenant,-2.5159990787506104,62.15242385864258,0.0404810905456543
tariff/voltage_family,test,4,1,tenant,-2.3362154960632324,61.42643737792969,0.038032736629247665
tariff/voltage_family,test,4,2,tenant,-4.943960189819336,72.35894012451172,0.06832548975944519
tariff/voltage_family,test,4,3,tenant,-3.5492727756500244,65.97551727294922,0.05379684641957283
tariff/voltage_family,test,4,4,tenant,-3.4307782649993896,66.20619201660156,0.0518195740878582
tariff/voltage_family,test,4,5,tenant,-2.2213621139526367,60.11405563354492,0.036952465772628784
tariff/voltage_family,test,4,6,pv_only,13.297271728515625,89.06841278076172,-0.14929281175136566
tariff/voltage_family,test,4,7,pv_battery,26.806568145751953,82.7998046875,-0.32375168800354004
tariff/voltage_family,test,4,8,pv_battery,13.272730827331543,72.0082778930664,-0.18432241678237915
tariff/voltage_family,test,4,9,pv_battery,29.614240646362305,86.46599578857422,-0.342495858669281
tariff/voltage_family,test,4,10,pv_only,14.767415046691895,76.42791748046875,-0.19322024285793304
tariff/voltage_family,test,4,11,pv_battery,29.715347290039062,76.6584701538086,-0.3876330554485321
tariff/voltage_family,test,4,12,large_flex,29.878904342651367,205.79310607910156,-0.14518903195858002
tariff/voltage_family,test,4,13,large_flex,22.894412994384766,190.24539184570312,-0.12034144252538681
tariff/voltage_family,test,4,14,large_flex,27.741779327392578,204.8544158935547,-0.1354219764471054
tariff/voltage_family,test,4,15,pv_battery,25.571075439453125,89.19397735595703,-0.28669068217277527
tariff/voltage_family,test,4,16,pv_battery,20.659748077392578,86.89279174804688,-0.23776143789291382
tariff/voltage_family,test,4,17,large_flex,20.430767059326172,197.13223266601562,-0.10363997519016266
tariff/voltage_family,test,5,0,tenant,-13.258546829223633,65.47962951660156,0.20248354971408844
tariff/voltage_family,test,5,1,tenant,-15.04882526397705,72.49996948242188,0.20757006108760834
tariff/voltage_family,test,5,2,tenant,-11.369575500488281,56.48336410522461,0.20129068195819855
tariff/voltage_family,test,5,3,tenant,-14.25967788696289,69.02279663085938,0.20659370720386505
tariff/voltage_family,test,5,4,tenant,-11.380687713623047,56.17674255371094,0.20258714258670807
tariff/voltage_family,test,5,5,tenant,-13.625408172607422,66.93524169921875,0.20356105268001556
tariff/voltage_family,test,5,6,pv_only,22.77979278564453,81.12821960449219,-0.28078755736351013
tariff/voltage_family,test,5,7,pv_battery,33.67536926269531,95.5313949584961,-0.35250598192214966
tariff/voltage_family,test,5,8,pv_battery,32.584022521972656,90.40953063964844,-0.36040472984313965
tariff/voltage_family,test,5,9,pv_battery,35.716548919677734,77.04638671875,-0.4635722041130066
tariff/voltage_family,test,5,10,pv_only,9.909064292907715,95.9556884765625,-0.10326720774173737
tariff/voltage_family,test,5,11,pv_battery,6.309606075286865,91.12498474121094,-0.06924119591712952
tariff/voltage_family,test,5,12,large_flex,37.12457275390625,209.5968475341797,-0.17712369561195374
tariff/voltage_family,test,5,13,large_flex,0.6373186111450195,216.7526397705078,-0.002940310863777995
tariff/voltage_family,test,5,14,large_flex,4.579494476318359,197.72850036621094,-0.02316051535308361
tariff/voltage_family,test,5,15,pv_battery,27.190475463867188,79.16350555419922,-0.34347236156463623
tariff/voltage_family,test,5,16,pv_battery,36.99074172973633,88.03372955322266,-0.4201880991458893
tariff/voltage_family,test,5,17,large_flex,6.805475234985352,204.9633026123047,-0.03320338577032089
tariff/voltage_family,test,6,0,tenant,-9.877537727355957,63.66468048095703,0.155149444937706
tariff/voltage_family,test,6,1,tenant,-10.058504104614258,64.55371856689453,0.15581603348255157
tariff/voltage_family,test,6,2,tenant,-11.214118957519531,69.72496032714844,0.1608336716890335
tariff/voltage_family,test,6,3,tenant,-9.818593978881836,64.16187286376953,0.1530284434556961
tariff/voltage_family,test,6,4,tenant,-7.760371685028076,54.091068267822266,0.14346849918365479
tariff/voltage_family,test,6,5,tenant,-11.838480949401855,72.30187225341797,0.16373686492443085
tariff/voltage_family,test,6,6,pv_only,3.705610752105713,88.91521453857422,-0.04167579859495163
tariff/voltage_family,test,6,7,pv_battery,34.62440872192383,68.4228515625,-0.5060356855392456
tariff/voltage_family,test,6,8,pv_battery,30.560251235961914,79.10437774658203,-0.38632825016975403
tariff/voltage_family,test,6,9,pv_battery,28.27442169189453,82.94664764404297,-0.34087464213371277
tariff/voltage_family,test,6,10,pv_only,12.85270881652832,83.30595397949219,-0.15428318083286285
tariff/voltage_family,test,6,11,pv_battery,4.543975830078125,77.62564086914062,-0.05853702127933502
tariff/voltage_family,test,6,12,large_flex,34.435760498046875,193.56597900390625,-0.17790186405181885
tariff/voltage_family,test,6,13,large_flex,5.491316795349121,186.5530548095703,-0.02943568490445614
tariff/voltage_family,test,6,14,large_flex,22.009939193725586,198.326904296875,-0.11097807437181473
tariff/voltage_family,test,6,15,pv_battery,32.86102294921875,92.698486328125,-0.35449355840682983
tariff/voltage_family,test,6,16,pv_battery,26.563823699951172,90.08251953125,-0.294883131980896
tariff/voltage_family,test,6,17,large_flex,33.430938720703125,208.2818603515625,-0.16050806641578674
tariff/voltage_family,test,7,0,tenant,-1.2587990760803223,56.37227249145508,0.022330142557621002
tariff/voltage_family,test,7,1,tenant,-2.897118330001831,64.04303741455078,0.04523703083395958
tariff/voltage_family,test,7,2,tenant,-2.6115634441375732,62.43913650512695,0.04182573780417442
tariff/voltage_family,test,7,3,tenant,-1.5780153274536133,57.86317443847656,0.02727150171995163
tariff/voltage_family,test,7,4,tenant,-3.102743148803711,64.57722473144531,0.048047006130218506
tariff/voltage_family,test,7,5,tenant,-2.794394016265869,63.76203536987305,0.04382537305355072
tariff/voltage_family,test,7,6,pv_only,17.86395263671875,89.17562103271484,-0.20032334327697754
tariff/voltage_family,test,7,7,pv_battery,20.066650390625,93.81871032714844,-0.21388748288154602
tariff/voltage_family,test,7,8,pv_battery,19.76382064819336,79.26966094970703,-0.24932387471199036
tariff/voltage_family,test,7,9,pv_battery,27.367570877075195,83.69727325439453,-0.32698288559913635
tariff/voltage_family,test,7,10,pv_only,18.442745208740234,89.58158111572266,-0.20587655901908875
tariff/voltage_family,test,7,11,pv_battery,29.773441314697266,88.04947662353516,-0.3381444811820984
tariff/voltage_family,test,7,12,large_flex,26.693798065185547,192.69558715820312,-0.13852837681770325
tariff/voltage_family,test,7,13,large_flex,17.549400329589844,189.23648071289062,-0.09273794293403625
tariff/voltage_family,test,7,14,large_flex,11.876319885253906,205.96295166015625,-0.057662397623062134
tariff/voltage_family,test,7,15,pv_battery,23.181657791137695,87.1794204711914,-0.2659076452255249
tariff/voltage_family,test,7,16,pv_battery,25.66725730895996,85.78961181640625,-0.2991883158683777
tariff/voltage_family,test,7,17,large_flex,28.282236099243164,207.57110595703125,-0.13625329732894897
tariff/voltage_family,test,8,0,tenant,-12.83367919921875,62.965553283691406,0.20382067561149597
tariff/voltage_family,test,8,1,tenant,-13.18673038482666,64.07431030273438,0.205803781747818
tariff/voltage_family,test,8,2,tenant,-13.67369270324707,66.06665802001953,0.20696812868118286
tariff/voltage_family,test,8,3,tenant,-14.693171501159668,70.55229187011719,0.20825937390327454
tariff/voltage_family,test,8,4,tenant,-12.270257949829102,59.791648864746094,0.20521686971187592
tariff/voltage_family,test,8,5,tenant,-13.985823631286621,67.35026550292969,0.20765793323516846
tariff/voltage_family,test,8,6,pv_only,-5.491800308227539,89.90369415283203,0.061085380613803864
tariff/voltage_family,test,8,7,pv_battery,31.781734466552734,80.24171447753906,-0.3960750102996826
tariff/voltage_family,test,8,8,pv_battery,12.566057205200195,86.0987319946289,-0.14594940841197968
tariff/voltage_family,test,8,9,pv_battery,23.944963455200195,90.46062469482422,-0.26470041275024414
tariff/voltage_family,test,8,10,pv_only,21.205482482910156,76.18090057373047,-0.27835705876350403
tariff/voltage_family,test,8,11,pv_battery,10.401996612548828,89.7593002319336,-0.11588769406080246
tariff/voltage_family,test,8,12,large_flex,29.046070098876953,182.61277770996094,-0.15905828773975372
tariff/voltage_family,test,8,13,large_flex,35.15614318847656,183.36631774902344,-0.1917262226343155
tariff/voltage_family,test,8,14,large_flex,18.7922420501709,183.66424560546875,-0.10231848806142807
tariff/voltage_family,test,8,15,pv_battery,14.60280990600586,82.60541534423828,-0.1767779290676117
tariff/voltage_family,test,8,16,pv_battery,15.116806030273438,94.55230712890625,-0.1598776876926422
tariff/voltage_family,test,8,17,large_flex,27.135034561157227,202.8647918701172,-0.13375923037528992
tariff/voltage_family,test,9,0,tenant,-15.403100967407227,70.0582046508789,0.21986152231693268
tariff/voltage_family,test,9,1,tenant,-12.14799976348877,55.69179153442383,0.21812912821769714
tariff/voltage_family,test,9,2,tenant,-15.271459579467773,68.88367462158203,0.22169934213161469
tariff/voltage_family,test,9,3,tenant,-13.736284255981445,62.655616760253906,0.21923470497131348
tariff/voltage_family,test,9,4,tenant,-13.332080841064453,61.0221061706543,0.21847961843013763
tariff/voltage_family,test,9,5,tenant,-13.689569473266602,62.020748138427734,0.22072552144527435
tariff/voltage_family,test,9,6,pv_only,18.55023765563965,86.77166748046875,-0.21378232538700104
tariff/voltage_family,test,9,7,pv_battery,26.345006942749023,71.95958709716797,-0.3661085367202759
tariff/voltage_family,test,9,8,pv_battery,11.758902549743652,75.52349090576172,-0.15569858253002167
tariff/voltage_family,test,9,9,pv_battery,34.25928497314453,80.29788970947266,-0.42665231227874756
tariff/voltage_family,test,9,10,pv_only,25.298389434814453,91.98482513427734,-0.27502790093421936
tariff/voltage_family,test,9,11,pv_battery,2.2796735763549805,93.70648956298828,-0.024327818304300308
tariff/voltage_family,test,9,12,large_flex,-12.550727844238281,238.96209716796875,0.05252183601260185
tariff/voltage_family,test,9,13,large_flex,-16.700929641723633,194.73968505859375,0.08576028794050217
tariff/voltage_family,test,9,14,large_flex,17.463232040405273,201.51390075683594,-0.08666015416383743
tariff/voltage_family,test,9,15,pv_battery,38.70600128173828,95.91413879394531,-0.40354835987091064
tariff/voltage_family,test,9,16,pv_battery,24.795101165771484,87.90290069580078,-0.28207385540008545
tariff/voltage_family,test,9,17,large_flex,13.454999923706055,177.35379028320312,-0.07586532086133957
tariff/voltage_family,test,10,0,tenant,-14.20041561126709,67.41810607910156,0.2106320858001709
tariff/voltage_family,test,10,1,tenant,-11.983877182006836,57.790008544921875,0.2073693722486496
tariff/voltage_family,test,10,2,tenant,-12.691875457763672,60.276390075683594,0.21056129038333893
tariff/voltage_family,test,10,3,tenant,-13.933735847473145,65.67347717285156,0.2121667116880417
tariff/voltage_family,test,10,4,tenant,-14.335741996765137,67.2275619506836,0.21324209868907928
tariff/voltage_family,test,10,5,tenant,-12.670280456542969,60.786712646484375,0.20843832194805145
tariff/voltage_family,test,10,6,pv_only,24.381975173950195,88.04647827148438,-0.2769220173358917
tariff/voltage_family,test,10,7,pv_battery,20.99071502685547,91.16907501220703,-0.23023951053619385
tariff/voltage_family,test,10,8,pv_battery,23.984268188476562,90.3240966796875,-0.26553577184677124
tariff/voltage_family,test,10,9,pv_battery,-1.9217147827148438,86.59068298339844,0.022193092852830887
tariff/voltage_family,test,10,10,pv_only,2.8580472469329834,82.48348236083984,-0.03464994952082634
tariff/voltage_family,test,10,11,pv_battery,24.468181610107422,92.20865631103516,-0.2653566598892212
tariff/voltage_family,test,10,12,large_flex,36.78484344482422,228.5016632080078,-0.16098278760910034
tariff/voltage_family,test,10,13,large_flex,25.666383743286133,190.19651794433594,-0.13494671881198883
tariff/voltage_family,test,10,14,large_flex,6.585737228393555,177.0040283203125,-0.037206705659627914
tariff/voltage_family,test,10,15,pv_battery,37.24070739746094,83.85360717773438,-0.44411566853523254
tariff/voltage_family,test,10,16,pv_battery,10.147520065307617,84.9761962890625,-0.11941598355770111
tariff/voltage_family,test,10,17,large_flex,24.046354293823242,209.84616088867188,-0.11459045857191086
tariff/voltage_family,test,11,0,tenant,-9.240777969360352,72.15080261230469,0.12807585299015045
tariff/voltage_family,test,11,1,tenant,-6.9258198738098145,62.132808685302734,0.11146799474954605
tariff/voltage_family,test,11,2,tenant,-8.582989692687988,69.55110168457031,0.1234055608510971
tariff/voltage_family,test,11,3,tenant,-7.586002349853516,64.90348815917969,0.11688129603862762
tariff/voltage_family,test,11,4,tenant,-8.010823249816895,66.502685546875,0.12045865505933762
tariff/voltage_family,test,11,5,tenant,-7.109026908874512,62.70114517211914,0.11337951570749283
tariff/voltage_family,test,11,6,pv_only,18.61417007446289,85.8766860961914,-0.21675461530685425
tariff/voltage_family,test,11,7,pv_battery,27.502710342407227,84.4786148071289,-0.32555824518203735
tariff/voltage_family,test,11,8,pv_battery,15.4190034866333,94.71376037597656,-0.16279573738574982
tariff/voltage_family,test,11,9,pv_battery,31.34547233581543,86.70022583007812,-0.36153846979141235
tariff/voltage_family,test,11,10,pv_only,8.467008590698242,90.72291564941406,-0.09332825243473053
tariff/voltage_family,test,11,11,pv_battery,31.351200103759766,75.66814422607422,-0.4143248200416565
tariff/voltage_family,test,11,12,large_flex,-10.200685501098633,215.45156860351562,0.047345589846372604
tariff/voltage_family,test,11,13,large_flex,24.374971389770508,230.04476928710938,-0.10595755279064178
tariff/voltage_family,test,11,14,large_flex,31.876659393310547,221.48182678222656,-0.1439245045185089
tariff/voltage_family,test,11,15,pv_battery,30.3793888092041,79.61206817626953,-0.3815927803516388
tariff/voltage_family,test,11,16,pv_battery,23.425914764404297,91.61184692382812,-0.2557083070278168
tariff/voltage_family,test,11,17,large_flex,30.355308532714844,184.9727020263672,-0.16410697996616364
tariff/voltage_family,test,12,0,tenant,-13.470071792602539,61.44271469116211,0.21922969818115234
tariff/voltage_family,test,12,1,tenant,-13.029458999633789,59.79969787597656,0.21788497269153595
tariff/voltage_family,test,12,2,tenant,-14.38106918334961,65.94331359863281,0.21808229386806488
tariff/voltage_family,test,12,3,tenant,-15.270848274230957,69.69342803955078,0.21911467611789703
tariff/voltage_family,test,12,4,tenant,-13.547040939331055,61.78516387939453,0.2192605435848236
tariff/voltage_family,test,12,5,tenant,-14.61717414855957,67.02764892578125,0.21807679533958435
tariff/voltage_family,test,12,6,pv_only,12.186893463134766,82.48181915283203,-0.14775244891643524
tariff/voltage_family,test,12,7,pv_battery,32.23456954956055,86.35420989990234,-0.37328317761421204
tariff/voltage_family,test,12,8,pv_battery,33.164703369140625,73.18672180175781,-0.45315203070640564
tariff/voltage_family,test,12,9,pv_battery,2.7307584285736084,83.92576599121094,-0.03253776207566261
tariff/voltage_family,test,12,10,pv_only,26.450824737548828,93.49021911621094,-0.2829262316226959
tariff/voltage_family,test,12,11,pv_battery,37.489749908447266,92.68009948730469,-0.4045071005821228
tariff/voltage_family,test,12,12,large_flex,27.84658432006836,198.4272918701172,-0.14033649861812592
tariff/voltage_family,test,12,13,large_flex,15.949892044067383,195.7098846435547,-0.08149763941764832
tariff/voltage_family,test,12,14,large_flex,-9.02454948425293,230.02713012695312,0.0392325296998024
tariff/voltage_family,test,12,15,pv_battery,3.4288835525512695,83.97183227539062,-0.0408337377011776
tariff/voltage_family,test,12,16,pv_battery,3.2778806686401367,93.6460952758789,-0.03500286117196083
tariff/voltage_family,test,12,17,large_flex,29.109331130981445,205.8638153076172,-0.14140090346336365
tariff/voltage_family,test,13,0,tenant,-13.302911758422852,65.24479675292969,0.203892320394516
tariff/voltage_family,test,13,1,tenant,-14.42145824432373,69.55045318603516,0.20735250413417816
tariff/voltage_family,test,13,2,tenant,-11.502229690551758,56.62065124511719,0.20314541459083557
tariff/voltage_family,test,13,3,tenant,-13.926736831665039,68.10638427734375,0.20448513329029083
tariff/voltage_family,test,13,4,tenant,-12.863212585449219,62.777862548828125,0.20490048825740814
tariff/voltage_family,test,13,5,tenant,-13.752052307128906,67.26835632324219,0.20443564653396606
tariff/voltage_family,test,13,6,pv_only,-8.575705528259277,94.4789810180664,0.09076835215091705
tariff/voltage_family,test,13,7,pv_battery,31.053863525390625,77.69390106201172,-0.3996949791908264
tariff/voltage_family,test,13,8,pv_battery,33.99723815917969,75.55756378173828,-0.44995152950286865
tariff/voltage_family,test,13,9,pv_battery,1.0924060344696045,85.7825927734375,-0.012734576128423214
tariff/voltage_family,test,13,10,pv_only,22.845361709594727,79.85309600830078,-0.2860924303531647
tariff/voltage_family,test,13,11,pv_battery,32.71961975097656,81.53446960449219,-0.4012981951236725
tariff/voltage_family,test,13,12,large_flex,21.734230041503906,209.47874450683594,-0.10375384986400604
tariff/voltage_family,test,13,13,large_flex,36.517311096191406,191.4552459716797,-0.19073548913002014
tariff/voltage_family,test,13,14,large_flex,29.061023712158203,195.6560821533203,-0.14853112399578094
tariff/voltage_family,test,13,15,pv_battery,5.516329765319824,81.54383850097656,-0.06764863431453705
tariff/voltage_family,test,13,16,pv_battery,29.059494018554688,75.5238037109375,-0.38477274775505066
tariff/voltage_family,test,13,17,large_flex,34.219722747802734,235.9943084716797,-0.1450023055076599
tariff/voltage_family,test,14,0,tenant,-10.171829223632812,64.54833984375,0.15758472681045532
tariff/voltage_family,test,14,1,tenant,-7.7887725830078125,54.62171173095703,0.14259479939937592
tariff/voltage_family,test,14,2,tenant,-11.624470710754395,71.51648712158203,0.1625426560640335
tariff/voltage_family,test,14,3,tenant,-9.597240447998047,63.19842529296875,0.15185889601707458
tariff/voltage_family,test,14,4,tenant,-10.913835525512695,67.76394653320312,0.1610567718744278
tariff/voltage_family,test,14,5,tenant,-10.398409843444824,65.76097106933594,0.15812435746192932
tariff/voltage_family,test,14,6,pv_only,-0.14182639122009277,81.26487731933594,0.0017452415777370334
tariff/voltage_family,test,14,7,pv_battery,33.99121856689453,89.22527313232422,-0.38095957040786743
tariff/voltage_family,test,14,8,pv_battery,34.459007263183594,70.50829315185547,-0.48872271180152893
tariff/voltage_family,test,14,9,pv_battery,31.645700454711914,76.63369750976562,-0.4129476249217987
tariff/voltage_family,test,14,10,pv_only,22.731082916259766,84.27347564697266,-0.2697301506996155
tariff/voltage_family,test,14,11,pv_battery,32.885398864746094,94.81993103027344,-0.34681954979896545
tariff/voltage_family,test,14,12,large_flex,7.23073148727417,196.64389038085938,-0.03677067160606384
tariff/voltage_family,test,14,13,large_flex,32.058204650878906,204.53672790527344,-0.15673568844795227
tariff/voltage_family,test,14,14,large_flex,9.204779624938965,219.083740234375,-0.042014896869659424
tariff/voltage_family,test,14,15,pv_battery,33.68268585205078,77.27157592773438,-0.43590018153190613
tariff/voltage_family,test,14,16,pv_battery,21.04142189025879,78.55946350097656,-0.2678406536579132
tariff/voltage_family,test,14,17,large_flex,9.490508079528809,223.69619750976562,-0.04242588207125664
tariff/voltage_family,test,15,0,tenant,-14.416454315185547,74.6938247680664,0.19300732016563416
tariff/voltage_family,test,15,1,tenant,-12.352458000183105,65.07762908935547,0.189811110496521
tariff/voltage_family,test,15,2,tenant,-11.761970520019531,62.6085205078125,0.18786539137363434
tariff/voltage_family,test,15,3,tenant,-11.770662307739258,62.717777252197266,0.18767666816711426
tariff/voltage_family,test,15,4,tenant,-10.763762474060059,58.54052734375,0.18386854231357574
tariff/voltage_family,test,15,5,tenant,-11.737546920776367,62.90364074707031,0.18659548461437225
tariff/voltage_family,test,15,6,pv_only,10.841647148132324,89.89776611328125,-0.12059973925352097
tariff/voltage_family,test,15,7,pv_battery,11.42641830444336,97.54315948486328,-0.1171422079205513
tariff/voltage_family,test,15,8,pv_battery,34.82866287231445,72.86759948730469,-0.47797176241874695
tariff/voltage_family,test,15,9,pv_battery,1.1483759880065918,86.77117156982422,-0.013234526850283146
tariff/voltage_family,test,15,10,pv_only,13.552606582641602,75.73419952392578,-0.17894954979419708
tariff/voltage_family,test,15,11,pv_battery,36.452476501464844,92.3165512084961,-0.39486390352249146
tariff/voltage_family,test,15,12,large_flex,7.946633338928223,210.69766235351562,-0.03771582990884781
tariff/voltage_family,test,15,13,large_flex,25.346694946289062,199.19363403320312,-0.12724654376506805
tariff/voltage_family,test,15,14,large_flex,30.509475708007812,219.95993041992188,-0.13870471715927124
tariff/voltage_family,test,15,15,pv_battery,30.653564453125,102.40503692626953,-0.29933667182922363
tariff/voltage_family,test,15,16,pv_battery,28.948776245117188,84.61502075195312,-0.34212344884872437
tariff/voltage_family,test,15,17,large_flex,28.54920196533203,209.6678466796875,-0.13616390526294708
tariff/voltage_family,test,16,0,tenant,-10.48134994506836,67.2093505859375,0.155950665473938
tariff/voltage_family,test,16,1,tenant,-7.733608245849609,54.931549072265625,0.140786275267601
tariff/voltage_family,test,16,2,tenant,-10.610748291015625,67.35568237304688,0.15753303468227386
tariff/voltage_family,test,16,3,tenant,-9.26816463470459,62.17927551269531,0.14905551075935364
tariff/voltage_family,test,16,4,tenant,-8.47259521484375,58.209693908691406,0.14555303752422333
tariff/voltage_family,test,16,5,tenant,-8.383060455322266,57.75937271118164,0.1451377123594284
tariff/voltage_family,test,16,6,pv_only,22.59827995300293,90.48619842529297,-0.24974298477172852
tariff/voltage_family,test,16,7,pv_battery,21.649044036865234,92.22779846191406,-0.23473449051380157
tariff/voltage_family,test,16,8,pv_battery,14.936325073242188,82.8550033569336,-0.18027064204216003
tariff/voltage_family,test,16,9,pv_battery,27.40172576904297,94.79684448242188,-0.2890574336051941
tariff/voltage_family,test,16,10,pv_only,16.509719848632812,98.70648193359375,-0.16726070642471313
tariff/voltage_family,test,16,11,pv_battery,32.1364631652832,91.78949737548828,-0.3501105308532715
tariff/voltage_family,test,16,12,large_flex,5.731982231140137,220.208740234375,-0.02602977305650711
tariff/voltage_family,test,16,13,large_flex,-3.5262937545776367,186.87705993652344,0.018869606778025627
tariff/voltage_family,test,16,14,large_flex,31.37201690673828,204.80606079101562,-0.15317918360233307
tariff/voltage_family,test,16,15,pv_battery,31.95043182373047,85.46842956542969,-0.37382733821868896
tariff/voltage_family,test,16,16,pv_battery,33.951812744140625,73.39588165283203,-0.46258485317230225
tariff/voltage_family,test,16,17,large_flex,19.961332321166992,205.97467041015625,-0.09691159427165985
tariff/voltage_family,test,17,0,tenant,-4.2319159507751465,62.53596496582031,0.06767171621322632
tariff/voltage_family,test,17,1,tenant,-3.165147304534912,58.3036994934082,0.054287221282720566
tariff/voltage_family,test,17,2,tenant,-2.343249797821045,53.944068908691406,0.04343852028250694
tariff/voltage_family,test,17,3,tenant,-4.689716815948486,65.78950500488281,0.07128366827964783
tariff/voltage_family,test,17,4,tenant,-3.315394639968872,58.92573165893555,0.056263942271471024
tariff/voltage_family,test,17,5,tenant,-4.365353107452393,63.63812255859375,0.06859645247459412
tariff/voltage_family,test,17,6,pv_only,15.381711959838867,76.66487121582031,-0.20063573122024536
tariff/voltage_family,test,17,7,pv_battery,29.37509536743164,85.16590118408203,-0.34491610527038574
tariff/voltage_family,test,17,8,pv_battery,23.408079147338867,74.32854461669922,-0.31492722034454346
tariff/voltage_family,test,17,9,pv_battery,28.926231384277344,82.66796875,-0.3499085009098053
tariff/voltage_family,test,17,10,pv_only,14.885333061218262,80.77920532226562,-0.18427181243896484
tariff/voltage_family,test,17,11,pv_battery,24.771875381469727,89.17574310302734,-0.27778714895248413
tariff/voltage_family,test,17,12,large_flex,26.59375762939453,216.91053771972656,-0.12260239571332932
tariff/voltage_family,test,17,13,large_flex,15.776031494140625,195.1348419189453,-0.08084682375192642
tariff/voltage_family,test,17,14,large_flex,24.064315795898438,230.56500244140625,-0.10437106341123581
tariff/voltage_family,test,17,15,pv_battery,30.734359741210938,81.8302001953125,-0.3755870759487152
tariff/voltage_family,test,17,16,pv_battery,20.59972381591797,93.58142852783203,-0.22012630105018616
tariff/voltage_family,test,17,17,large_flex,22.830368041992188,221.88687133789062,-0.10289188474416733
tariff/voltage_family,test,18,0,tenant,-9.703512191772461,62.71976852416992,0.15471228957176208
tariff/voltage_family,test,18,1,tenant,-9.755688667297363,63.05696105957031,0.15471231937408447
tariff/voltage_family,test,18,2,tenant,-10.217142105102539,65.02294158935547,0.15713123977184296
tariff/voltage_family,test,18,3,tenant,-9.630075454711914,61.90911865234375,0.15555177628993988
tariff/voltage_family,test,18,4,tenant,-8.742874145507812,58.7082405090332,0.14892065525054932
tariff/voltage_family,test,18,5,tenant,-11.597150802612305,70.38614654541016,0.1647646725177765
tariff/voltage_family,test,18,6,pv_only,-8.950080871582031,88.58834075927734,0.10103004425764084
tariff/voltage_family,test,18,7,pv_battery,26.151578903198242,88.07726287841797,-0.2969163954257965
tariff/voltage_family,test,18,8,pv_battery,17.356761932373047,79.63179016113281,-0.21796274185180664
tariff/voltage_family,test,18,9,pv_battery,32.26783752441406,78.36991119384766,-0.4117376208305359
tariff/voltage_family,test,18,10,pv_only,22.912418365478516,73.76455688476562,-0.31061577796936035
tariff/voltage_family,test,18,11,pv_battery,28.355724334716797,81.8764419555664,-0.3463233709335327
tariff/voltage_family,test,18,12,large_flex,31.21352767944336,193.24049377441406,-0.1615268737077713
tariff/voltage_family,test,18,13,large_flex,31.559368133544922,201.227294921875,-0.1568344533443451
tariff/voltage_family,test,18,14,large_flex,31.979520797729492,223.53968811035156,-0.14305970072746277
tariff/voltage_family,test,18,15,pv_battery,34.23533630371094,85.72362518310547,-0.3993687927722931
tariff/voltage_family,test,18,16,pv_battery,32.94119644165039,85.09390258789062,-0.3871159255504608
tariff/voltage_family,test,18,17,large_flex,-3.40224027633667,197.70721435546875,0.017208481207489967
tariff/voltage_family,test,19,0,tenant,-13.7376127243042,68.8856201171875,0.19942645728588104
tariff/voltage_family,test,19,1,tenant,-11.617074012756348,59.58950424194336,0.19495151937007904
tariff/voltage_family,test,19,2,tenant,-11.586623191833496,59.54359436035156,0.19459055364131927
tariff/voltage_family,test,19,3,tenant,-11.434500694274902,59.20698928833008,0.19312763214111328
tariff/voltage_family,test,19,4,tenant,-11.868583679199219,60.636199951171875,0.19573429226875305
tariff/voltage_family,test,19,5,tenant,-10.1572904586792,53.75758361816406,0.18894615769386292
tariff/voltage_family,test,19,6,pv_only,20.107078552246094,87.54927062988281,-0.2296658754348755
tariff/voltage_family,test,19,7,pv_battery,36.69118118286133,80.59639739990234,-0.4552462100982666
tariff/voltage_family,test,19,8,pv_battery,9.154693603515625,78.52198028564453,-0.11658766865730286
tariff/voltage_family,test,19,9,pv_battery,14.07601261138916,99.7652359008789,-0.14109137654304504
tariff/voltage_family,test,19,10,pv_only,25.715288162231445,84.8145980834961,-0.3031942546367645
tariff/voltage_family,test,19,11,pv_battery,21.590030670166016,88.55309295654297,-0.24380891025066376
tariff/voltage_family,test,19,12,large_flex,19.952116012573242,218.55616760253906,-0.09129054844379425
tariff/voltage_family,test,19,13,large_flex,25.659589767456055,223.74449157714844,-0.11468251049518585
tariff/voltage_family,test,19,14,large_flex,19.021547317504883,204.47276306152344,-0.09302733093500137
tariff/voltage_family,test,19,15,pv_battery,8.762774467468262,73.83027648925781,-0.11868807673454285
tariff/voltage_family,test,19,16,pv_battery,16.666324615478516,86.82530975341797,-0.1919524222612381
tariff/voltage_family,test,19,17,large_flex,36.38140106201172,187.89639282226562,-0.19362477958202362
tariff/voltage_off_matched,test,0,0,tenant,-15.432257652282715,72.69613647460938,0.2122844010591507
tariff/voltage_off_matched,test,0,1,tenant,-14.601061820983887,69.583251953125,0.20983590185642242
tariff/voltage_off_matched,test,0,2,tenant,-13.176774978637695,62.99239730834961,0.2091803401708603
tariff/voltage_off_matched,test,0,3,tenant,-12.204237937927246,58.74997329711914,0.20773185789585114
tariff/voltage_off_matched,test,0,4,tenant,-14.99258041381836,71.63943481445312,0.20927831530570984
tariff/voltage_off_matched,test,0,5,tenant,-13.314992904663086,64.07042694091797,0.2078181356191635
tariff/voltage_off_matched,test,0,6,pv_only,24.01590919494629,81.16836547851562,-0.2958776652812958
tariff/voltage_off_matched,test,0,7,pv_battery,13.452922821044922,84.80936431884766,-0.15862539410591125
tariff/voltage_off_matched,test,0,8,pv_battery,5.574526786804199,87.64793395996094,-0.06360133737325668
tariff/voltage_off_matched,test,0,9,pv_battery,-3.415874481201172,78.14643096923828,0.04371120035648346
tariff/voltage_off_matched,test,0,10,pv_only,24.156410217285156,82.98086547851562,-0.2911081910133362
tariff/voltage_off_matched,test,0,11,pv_battery,15.693296432495117,87.82832336425781,-0.17868146300315857
tariff/voltage_off_matched,test,0,12,large_flex,32.637245178222656,163.15771484375,-0.2000349909067154
tariff/voltage_off_matched,test,0,13,large_flex,-5.05886697769165,212.27325439453125,0.023831890895962715
tariff/voltage_off_matched,test,0,14,large_flex,21.324783325195312,196.89239501953125,-0.10830681025981903
tariff/voltage_off_matched,test,0,15,pv_battery,37.04204177856445,83.90280151367188,-0.4414876401424408
tariff/voltage_off_matched,test,0,16,pv_battery,11.521400451660156,81.3831787109375,-0.1415698081254959
tariff/voltage_off_matched,test,0,17,large_flex,27.066356658935547,200.39971923828125,-0.13506180047988892
tariff/voltage_off_matched,test,1,0,tenant,-1.1108076572418213,54.457115173339844,0.020397840067744255
tariff/voltage_off_matched,test,1,1,tenant,-4.243612289428711,68.22596740722656,0.06219940632581711
tariff/voltage_off_matched,test,1,2,tenant,-1.2938556671142578,55.17155075073242,0.02345150336623192
tariff/voltage_off_matched,test,1,3,tenant,-2.7959251403808594,61.46684646606445,0.04548671841621399
tariff/voltage_off_matched,test,1,4,tenant,-1.3296705484390259,55.16480255126953,0.024103611707687378
tariff/voltage_off_matched,test,1,5,tenant,-2.895359992980957,62.23639678955078,0.046521998941898346
tariff/voltage_off_matched,test,1,6,pv_only,18.118227005004883,74.15965270996094,-0.2443138062953949
tariff/voltage_off_matched,test,1,7,pv_battery,29.963191986083984,72.00646209716797,-0.4161180853843689
tariff/voltage_off_matched,test,1,8,pv_battery,29.60573387145996,92.32186889648438,-0.32067960500717163
tariff/voltage_off_matched,test,1,9,pv_battery,25.355112075805664,78.94182586669922,-0.321187287569046
tariff/voltage_off_matched,test,1,10,pv_only,17.644454956054688,82.67589569091797,-0.21341711282730103
tariff/voltage_off_matched,test,1,11,pv_battery,25.468284606933594,92.00402069091797,-0.2768171727657318
tariff/voltage_off_matched,test,1,12,large_flex,24.868486404418945,178.49832153320312,-0.13932059705257416
tariff/voltage_off_matched,test,1,13,large_flex,-15.419696807861328,245.25674438476562,0.06287173181772232
tariff/voltage_off_matched,test,1,14,large_flex,25.416656494140625,217.50503540039062,-0.11685551702976227
tariff/voltage_off_matched,test,1,15,pv_battery,30.077762603759766,86.00672912597656,-0.3497140407562256
tariff/voltage_off_matched,test,1,16,pv_battery,26.586973190307617,79.69621276855469,-0.33360397815704346
tariff/voltage_off_matched,test,1,17,large_flex,20.116775512695312,225.34510803222656,-0.08927099406719208
tariff/voltage_off_matched,test,2,0,tenant,-12.605818748474121,61.47628402709961,0.20505169034004211
tariff/voltage_off_matched,test,2,1,tenant,-11.90896224975586,58.042232513427734,0.205177441239357
tariff/voltage_off_matched,test,2,2,tenant,-13.45248031616211,64.21237182617188,0.209499791264534
tariff/voltage_off_matched,test,2,3,tenant,-14.105402946472168,68.21656799316406,0.20677383244037628
tariff/voltage_off_matched,test,2,4,tenant,-11.980389595031738,58.41762161254883,0.2050817757844925
tariff/voltage_off_matched,test,2,5,tenant,-15.897745132446289,75.52835083007812,0.21048705279827118
tariff/voltage_off_matched,test,2,6,pv_only,11.087308883666992,80.94506072998047,-0.13697321712970734
tariff/voltage_off_matched,test,2,7,pv_battery,8.829788208007812,84.7945785522461,-0.10413149744272232
tariff/voltage_off_matched,test,2,8,pv_battery,7.785879135131836,88.06771087646484,-0.08840788155794144
tariff/voltage_off_matched,test,2,9,pv_battery,34.62418746948242,91.76107788085938,-0.3773297667503357
tariff/voltage_off_matched,test,2,10,pv_only,26.70362091064453,91.85672760009766,-0.29070937633514404
tariff/voltage_off_matched,test,2,11,pv_battery,36.605743408203125,77.25572967529297,-0.4738256633281708
tariff/voltage_off_matched,test,2,12,large_flex,-16.430980682373047,204.84323120117188,0.08021243661642075
tariff/voltage_off_matched,test,2,13,large_flex,16.272411346435547,181.23695373535156,-0.08978533744812012
tariff/voltage_off_matched,test,2,14,large_flex,-19.295230865478516,205.46482849121094,0.09391014277935028
tariff/voltage_off_matched,test,2,15,pv_battery,37.536529541015625,90.36705017089844,-0.4153785705566406
tariff/voltage_off_matched,test,2,16,pv_battery,37.788352966308594,82.0341796875,-0.46064165234565735
tariff/voltage_off_matched,test,2,17,large_flex,32.574249267578125,219.12709045410156,-0.14865460991859436
tariff/voltage_off_matched,test,3,0,tenant,-10.569950103759766,62.633827209472656,0.16875788569450378
tariff/voltage_off_matched,test,3,1,tenant,-9.690679550170898,59.18191146850586,0.1637440174818039
tariff/voltage_off_matched,test,3,2,tenant,-12.292398452758789,70.26583862304688,0.1749412715435028
tariff/voltage_off_matched,test,3,3,tenant,-10.455774307250977,61.681739807128906,0.16951170563697815
tariff/voltage_off_matched,test,3,4,tenant,-10.434480667114258,61.75115966796875,0.16897626221179962
tariff/voltage_off_matched,test,3,5,tenant,-10.527917861938477,62.27299880981445,0.1690608114004135
tariff/voltage_off_matched,test,3,6,pv_only,14.938558578491211,85.24974822998047,-0.17523296177387238
tariff/voltage_off_matched,test,3,7,pv_battery,17.696130752563477,81.70304107666016,-0.2165907770395279
tariff/voltage_off_matched,test,3,8,pv_battery,18.664037704467773,72.66333770751953,-0.2568562924861908
tariff/voltage_off_matched,test,3,9,pv_battery,23.33438491821289,93.5228042602539,-0.24950486421585083
tariff/voltage_off_matched,test,3,10,pv_only,8.611505508422852,77.6488037109375,-0.11090327054262161
tariff/voltage_off_matched,test,3,11,pv_battery,12.800653457641602,79.91842651367188,-0.1601715236902237
tariff/voltage_off_matched,test,3,12,large_flex,11.87602710723877,216.7044219970703,-0.054802894592285156
tariff/voltage_off_matched,test,3,13,large_flex,33.301490783691406,213.99559020996094,-0.1556176245212555
tariff/voltage_off_matched,test,3,14,large_flex,30.995872497558594,223.9399871826172,-0.1384114921092987
tariff/voltage_off_matched,test,3,15,pv_battery,33.2648811340332,80.5962142944336,-0.41273513436317444
tariff/voltage_off_matched,test,3,16,pv_battery,32.83015441894531,81.26229858398438,-0.4040023386478424
tariff/voltage_off_matched,test,3,17,large_flex,27.229379653930664,207.4656524658203,-0.1312476545572281
tariff/voltage_off_matched,test,4,0,tenant,-2.172527313232422,62.15242385864258,0.03495480865240097
tariff/voltage_off_matched,test,4,1,tenant,-1.992743730545044,61.42643737792969,0.032441169023513794
tariff/voltage_off_matched,test,4,2,tenant,-4.600488185882568,72.35894012451172,0.06357875466346741
tariff/voltage_off_matched,test,4,3,tenant,-3.205801010131836,65.97551727294922,0.048590801656246185
tariff/voltage_off_matched,test,4,4,tenant,-3.087306499481201,66.20619201660156,0.04663165286183357
tariff/voltage_off_matched,test,4,5,tenant,-1.877890706062317,60.11405563354492,0.031238790601491928
tariff/voltage_off_matched,test,4,6,pv_only,13.385480880737305,89.06841278076172,-0.15028318762779236
tariff/voltage_off_matched,test,4,7,pv_battery,27.042797088623047,82.79981231689453,-0.32660460472106934
tariff/voltage_off_matched,test,4,8,pv_battery,14.018377304077148,72.00828552246094,-0.19467733800411224
tariff/voltage_off_matched,test,4,9,pv_battery,29.907081604003906,86.46599578857422,-0.3458825945854187
tariff/voltage_off_matched,test,4,10,pv_only,14.89349365234375,76.42791748046875,-0.1948697715997696
tariff/voltage_off_matched,test,4,11,pv_battery,29.91486358642578,76.6584701538086,-0.39023557305336
tariff/voltage_off_matched,test,4,12,large_flex,30.075862884521484,205.79310607910156,-0.14614607393741608
tariff/voltage_off_matched,test,4,13,large_flex,23.38204574584961,190.24539184570312,-0.12290464341640472
tariff/voltage_off_matched,test,4,14,large_flex,28.13857650756836,204.8544158935547,-0.1373588889837265
tariff/voltage_off_matched,test,4,15,pv_battery,25.790451049804688,89.19397735595703,-0.28915002942085266
tariff/voltage_off_matched,test,4,16,pv_battery,20.593984603881836,86.89279174804688,-0.23700451850891113
tariff/voltage_off_matched,test,4,17,large_flex,20.147390365600586,197.13223266601562,-0.10220245271921158
tariff/voltage_off_matched,test,5,0,tenant,-12.593155860900879,65.47962951660156,0.19232173264026642
tariff/voltage_off_matched,test,5,1,tenant,-14.3837890625,72.49996948242188,0.1983971893787384
tariff/voltage_off_matched,test,5,2,tenant,-10.703758239746094,56.48336410522461,0.1895027458667755
tariff/voltage_off_matched,test,5,3,tenant,-13.594139099121094,69.02279663085938,0.19695144891738892
tariff/voltage_off_matched,test,5,4,tenant,-10.714771270751953,56.17674255371094,0.19073310494422913
tariff/voltage_off_matched,test,5,5,tenant,-12.95992660522461,66.93524169921875,0.19361886382102966
tariff/voltage_off_matched,test,5,6,pv_only,22.32016944885254,81.12821960449219,-0.27512210607528687
tariff/voltage_off_matched,test,5,7,pv_battery,33.5301513671875,95.5313949584961,-0.35098588466644287
tariff/voltage_off_matched,test,5,8,pv_battery,32.661399841308594,90.40953063964844,-0.36126062273979187
tariff/voltage_off_matched,test,5,9,pv_battery,35.68714141845703,77.04638671875,-0.4631905257701874
tariff/voltage_off_matched,test,5,10,pv_only,9.886322021484375,95.9556884765625,-0.10303010791540146
tariff/voltage_off_matched,test,5,11,pv_battery,6.501802921295166,91.12498474121094,-0.07135037332773209
tariff/voltage_off_matched,test,5,12,large_flex,36.783592224121094,209.5968475341797,-0.1754969209432602
tariff/voltage_off_matched,test,5,13,large_flex,0.16821622848510742,216.7526397705078,-0.0007760633598081768
tariff/voltage_off_matched,test,5,14,large_flex,4.416459560394287,197.72850036621094,-0.022335976362228394
tariff/voltage_off_matched,test,5,15,pv_battery,26.905441284179688,79.16350555419922,-0.3398718535900116
tariff/voltage_off_matched,test,5,16,pv_battery,36.754798889160156,88.03372955322266,-0.4175083041191101
tariff/voltage_off_matched,test,5,17,large_flex,6.576112747192383,204.9633026123047,-0.03208434209227562
tariff/voltage_off_matched,test,6,0,tenant,-9.407234191894531,63.66468048095703,0.14776219427585602
tariff/voltage_off_matched,test,6,1,tenant,-9.588165283203125,64.55371856689453,0.14852997660636902
tariff/voltage_off_matched,test,6,2,tenant,-10.743729591369629,69.72496032714844,0.1540873497724533
tariff/voltage_off_matched,test,6,3,tenant,-9.348323822021484,64.16187286376953,0.14569899439811707
tariff/voltage_off_matched,test,6,4,tenant,-7.289911270141602,54.091068267822266,0.1347711682319641
tariff/voltage_off_matched,test,6,5,tenant,-11.368035316467285,72.30187225341797,0.15723013877868652
tariff/voltage_off_matched,test,6,6,pv_only,3.834291934967041,88.91521453857422,-0.043122995644807816
tariff/voltage_off_matched,test,6,7,pv_battery,34.612125396728516,68.4228515625,-0.5058561563491821
tariff/voltage_off_matched,test,6,8,pv_battery,30.704301834106445,79.10437774658203,-0.3881492018699646
tariff/voltage_off_matched,test,6,9,pv_battery,28.51245880126953,82.94664764404297,-0.3437444567680359
tariff/voltage_off_matched,test,6,10,pv_only,12.814001083374023,83.30595397949219,-0.1538185328245163
tariff/voltage_off_matched,test,6,11,pv_battery,4.8167724609375,77.62564086914062,-0.06205132603645325
tariff/voltage_off_matched,test,6,12,large_flex,34.31693649291992,193.56597900390625,-0.17728804051876068
tariff/voltage_off_matched,test,6,13,large_flex,5.093173027038574,186.55303955078125,-0.027301471680402756
tariff/voltage_off_matched,test,6,14,large_flex,22.241531372070312,198.326904296875,-0.11214573681354523
tariff/voltage_off_matched,test,6,15,pv_battery,32.89659881591797,92.698486328125,-0.3548772931098938
tariff/voltage_off_matched,test,6,16,pv_battery,26.964004516601562,90.08251953125,-0.29932546615600586
tariff/voltage_off_matched,test,6,17,large_flex,33.37523651123047,208.2818603515625,-0.16024066507816315
tariff/voltage_off_matched,test,7,0,tenant,-0.534959077835083,56.37227249145508,0.009489791467785835
tariff/voltage_off_matched,test,7,1,tenant,-2.1731550693511963,64.04303741455078,0.03393271937966347
tariff/voltage_off_matched,test,7,2,tenant,-1.887946605682373,62.43913650512695,0.03023659624159336
tariff/voltage_off_matched,test,7,3,tenant,-0.8542156219482422,57.86317443847656,0.014762654900550842
tariff/voltage_off_matched,test,7,4,tenant,-2.3786916732788086,64.57722473144531,0.036834828555583954
tariff/voltage_off_matched,test,7,5,tenant,-2.07021427154541,63.76203536987305,0.03246782347559929
tariff/voltage_off_matched,test,7,6,pv_only,17.548486709594727,89.17562103271484,-0.19678570330142975
tariff/voltage_off_matched,test,7,7,pv_battery,20.316360473632812,93.81871032714844,-0.2165490984916687
tariff/voltage_off_matched,test,7,8,pv_battery,20.223966598510742,79.26966094970703,-0.2551286518573761
tariff/voltage_off_matched,test,7,9,pv_battery,27.80329132080078,83.69727325439453,-0.3321887254714966
tariff/voltage_off_matched,test,7,10,pv_only,18.15260124206543,89.58158111572266,-0.20263762772083282
tariff/voltage_off_matched,test,7,11,pv_battery,29.916271209716797,88.04947662353516,-0.33976662158966064
tariff/voltage_off_matched,test,7,12,large_flex,27.05709457397461,192.69558715820312,-0.14041365683078766
tariff/voltage_off_matched,test,7,13,large_flex,17.679153442382812,189.23648071289062,-0.09342364966869354
tariff/voltage_off_matched,test,7,14,large_flex,11.919421195983887,205.96295166015625,-0.05787166953086853
tariff/voltage_off_matched,test,7,15,pv_battery,23.398765563964844,87.1794204711914,-0.2683977782726288
tariff/voltage_off_matched,test,7,16,pv_battery,26.074134826660156,85.78961181640625,-0.30393120646476746
tariff/voltage_off_matched,test,7,17,large_flex,28.46567153930664,207.57110595703125,-0.13713692128658295
tariff/voltage_off_matched,test,8,0,tenant,-12.628473281860352,62.965553283691406,0.20056164264678955
tariff/voltage_off_matched,test,8,1,tenant,-12.98151683807373,64.07431030273438,0.20260100066661835
tariff/voltage_off_matched,test,8,2,tenant,-13.468504905700684,66.06665802001953,0.20386235415935516
tariff/voltage_off_matched,test,8,3,tenant,-14.487983703613281,70.55229187011719,0.20535102486610413
tariff/voltage_off_matched,test,8,4,tenant,-12.065034866333008,59.791648864746094,0.20178453624248505
tariff/voltage_off_matched,test,8,5,tenant,-13.780609130859375,67.35026550292969,0.20461097359657288
tariff/voltage_off_matched,test,8,6,pv_only,-5.39937162399292,89.90369415283203,0.06005728989839554
tariff/voltage_off_matched,test,8,7,pv_battery,31.971389770507812,80.24171447753906,-0.39843854308128357
tariff/voltage_off_matched,test,8,8,pv_battery,12.662221908569336,86.0987319946289,-0.14706633985042572
tariff/voltage_off_matched,test,8,9,pv_battery,24.03871726989746,90.46062469482422,-0.26573675870895386
tariff/voltage_off_matched,test,8,10,pv_only,21.03463363647461,76.18090057373047,-0.2761145234107971
tariff/voltage_off_matched,test,8,11,pv_battery,10.447961807250977,89.7593002319336,-0.11639975756406784
tariff/voltage_off_matched,test,8,12,large_flex,29.36873435974121,182.61277770996094,-0.1608252227306366
tariff/voltage_off_matched,test,8,13,large_flex,35.416015625,183.36631774902344,-0.1931435763835907
tariff/voltage_off_matched,test,8,14,large_flex,18.80266571044922,183.66424560546875,-0.10237525403499603
tariff/voltage_off_matched,test,8,15,pv_battery,14.609304428100586,82.60541534423828,-0.17685650289058685
tariff/voltage_off_matched,test,8,16,pv_battery,15.221101760864258,94.55230712890625,-0.1609807163476944
tariff/voltage_off_matched,test,8,17,large_flex,27.397932052612305,202.8647918701172,-0.13505515456199646
tariff/voltage_off_matched,test,9,0,tenant,-15.303058624267578,70.0582046508789,0.21843354403972626
tariff/voltage_off_matched,test,9,1,tenant,-12.047245979309082,55.69179153442383,0.2163199782371521
tariff/voltage_off_matched,test,9,2,tenant,-15.170951843261719,68.88367462158203,0.22024023532867432
tariff/voltage_off_matched,test,9,3,tenant,-13.63548469543457,62.655616760253906,0.2176259160041809
tariff/voltage_off_matched,test,9,4,tenant,-13.231575012207031,61.0221061706543,0.21683257818222046
tariff/voltage_off_matched,test,9,5,tenant,-13.588977813720703,62.020748138427734,0.21910367906093597
tariff/voltage_off_matched,test,9,6,pv_only,18.46159553527832,86.77166748046875,-0.2127608358860016
tariff/voltage_off_matched,test,9,7,pv_battery,26.608356475830078,71.95958709716797,-0.36976805329322815
tariff/voltage_off_matched,test,9,8,pv_battery,12.060356140136719,75.52349090576172,-0.15969020128250122
tariff/voltage_off_matched,test,9,9,pv_battery,34.570228576660156,80.29788970947266,-0.4305247962474823
tariff/voltage_off_matched,test,9,10,pv_only,25.202625274658203,91.98482513427734,-0.27398669719696045
tariff/voltage_off_matched,test,9,11,pv_battery,2.0213170051574707,93.70648956298828,-0.021570738404989243
tariff/voltage_off_matched,test,9,12,large_flex,-12.945758819580078,238.96209716796875,0.05417492985725403
tariff/voltage_off_matched,test,9,13,large_flex,-17.066631317138672,194.73968505859375,0.08763817697763443
tariff/voltage_off_matched,test,9,14,large_flex,17.385454177856445,201.513916015625,-0.08627413213253021
tariff/voltage_off_matched,test,9,15,pv_battery,38.90916061401367,95.91413879394531,-0.4056665897369385
tariff/voltage_off_matched,test,9,16,pv_battery,25.325014114379883,87.90290069580078,-0.2881021797657013
tariff/voltage_off_matched,test,9,17,large_flex,13.820282936096191,177.35379028320312,-0.0779249370098114
tariff/voltage_off_matched,test,10,0,tenant,-13.902164459228516,67.41810607910156,0.20620812475681305
tariff/voltage_off_matched,test,10,1,tenant,-11.685674667358398,57.790008544921875,0.2022092342376709
tariff/voltage_off_matched,test,10,2,tenant,-12.393659591674805,60.276390075683594,0.20561380684375763
tariff/voltage_off_matched,test,10,3,tenant,-13.635618209838867,65.67347717285156,0.20762743055820465
tariff/voltage_off_matched,test,10,4,tenant,-14.037562370300293,67.2275619506836,0.20880663394927979
tariff/voltage_off_matched,test,10,5,tenant,-12.372050285339355,60.786712646484375,0.2035321295261383
tariff/voltage_off_matched,test,10,6,pv_only,24.117481231689453,88.04647827148438,-0.2739177942276001
tariff/voltage_off_matched,test,10,7,pv_battery,20.994495391845703,91.16907501220703,-0.23028089106082916
tariff/voltage_off_matched,test,10,8,pv_battery,23.907390594482422,90.3240966796875,-0.26468461751937866
tariff/voltage_off_matched,test,10,9,pv_battery,-1.711014747619629,86.59068298339844,0.019759809598326683
tariff/voltage_off_matched,test,10,10,pv_only,2.953671932220459,82.48348236083984,-0.035809267312288284
tariff/voltage_off_matched,test,10,11,pv_battery,24.74966812133789,92.20866394042969,-0.2684093117713928
tariff/voltage_off_matched,test,10,12,large_flex,36.81373596191406,228.5016632080078,-0.16110928356647491
tariff/voltage_off_matched,test,10,13,large_flex,26.064443588256836,190.19651794433594,-0.13703952729701996
tariff/voltage_off_matched,test,10,14,large_flex,6.82106351852417,177.0040283203125,-0.038536179810762405
tariff/voltage_off_matched,test,10,15,pv_battery,37.168617248535156,83.85360717773438,-0.4432560205459595
tariff/voltage_off_matched,test,10,16,pv_battery,10.014327049255371,84.9761962890625,-0.11784863471984863
tariff/voltage_off_matched,test,10,17,large_flex,24.12323760986328,209.84616088867188,-0.11495678126811981
tariff/voltage_off_matched,test,11,0,tenant,-9.039182662963867,72.15080261230469,0.12528181076049805
tariff/voltage_off_matched,test,11,1,tenant,-6.724635124206543,62.132808685302734,0.10823000967502594
tariff/voltage_off_matched,test,11,2,tenant,-8.381647109985352,69.55110168457031,0.12051063030958176
tariff/voltage_off_matched,test,11,3,tenant,-7.3845343589782715,64.90348815917969,0.11377717554569244
tariff/voltage_off_matched,test,11,4,tenant,-7.809514999389648,66.502685546875,0.11743161082267761
tariff/voltage_off_matched,test,11,5,tenant,-6.9073381423950195,62.70114517211914,0.1101628765463829
tariff/voltage_off_matched,test,11,6,pv_only,18.515649795532227,85.8766860961914,-0.21560734510421753
tariff/voltage_off_matched,test,11,7,pv_battery,28.213491439819336,84.4786148071289,-0.33397194743156433
tariff/voltage_off_matched,test,11,8,pv_battery,15.706144332885742,94.71376037597656,-0.1658274382352829
tariff/voltage_off_matched,test,11,9,pv_battery,31.980113983154297,86.70022583007812,-0.36885830760002136
tariff/voltage_off_matched,test,11,10,pv_only,8.57179069519043,90.72291564941406,-0.09448318183422089
tariff/voltage_off_matched,test,11,11,pv_battery,31.65343475341797,75.66814422607422,-0.4183189272880554
tariff/voltage_off_matched,test,11,12,large_flex,-10.172746658325195,215.45156860351562,0.04721593111753464
tariff/voltage_off_matched,test,11,13,large_flex,25.315345764160156,230.04476928710938,-0.11004530638456345
tariff/voltage_off_matched,test,11,14,large_flex,32.49580383300781,221.48182678222656,-0.14671990275382996
tariff/voltage_off_matched,test,11,15,pv_battery,30.72417449951172,79.61206817626953,-0.3859235346317291
tariff/voltage_off_matched,test,11,16,pv_battery,24.296478271484375,91.61184692382812,-0.26521095633506775
tariff/voltage_off_matched,test,11,17,large_flex,30.956974029541016,184.9727020263672,-0.1673596054315567
tariff/voltage_off_matched,test,12,0,tenant,-13.061830520629883,61.44271469116211,0.2125854790210724
tariff/voltage_off_matched,test,12,1,tenant,-12.620992660522461,59.79969787597656,0.21105442941188812
tariff/voltage_off_matched,test,12,2,tenant,-13.972356796264648,65.94331359863281,0.21188434958457947
tariff/voltage_off_matched,test,12,3,tenant,-14.862391471862793,69.69342803955078,0.21325388550758362
tariff/voltage_off_matched,test,12,4,tenant,-13.138589859008789,61.78516387939453,0.21264970302581787
tariff/voltage_off_matched,test,12,5,tenant,-14.208621978759766,67.02764892578125,0.21198152005672455
tariff/voltage_off_matched,test,12,6,pv_only,12.069122314453125,82.48181915283203,-0.14632460474967957
tariff/voltage_off_matched,test,12,7,pv_battery,32.14575958251953,86.35420989990234,-0.37225478887557983
tariff/voltage_off_matched,test,12,8,pv_battery,33.3574333190918,73.18672180175781,-0.45578548312187195
tariff/voltage_off_matched,test,12,9,pv_battery,2.302443027496338,83.92576599121094,-0.02743425779044628
tariff/voltage_off_matched,test,12,10,pv_only,26.090843200683594,93.49021911621094,-0.2790756821632385
tariff/voltage_off_matched,test,12,11,pv_battery,37.275848388671875,92.68009948730469,-0.40219905972480774
tariff/voltage_off_matched,test,12,12,large_flex,27.91999053955078,198.4272918701172,-0.14070646464824677
tariff/voltage_off_matched,test,12,13,large_flex,15.896028518676758,195.7098846435547,-0.08122241497039795
tariff/voltage_off_matched,test,12,14,large_flex,-9.400554656982422,230.02713012695312,0.04086717590689659
tariff/voltage_off_matched,test,12,15,pv_battery,3.682701587677002,83.97183227539062,-0.04385639354586601
tariff/voltage_off_matched,test,12,16,pv_battery,3.1956517696380615,93.6460952758789,-0.03412476181983948
tariff/voltage_off_matched,test,12,17,large_flex,29.32138442993164,205.8638153076172,-0.14243099093437195
tariff/voltage_off_matched,test,13,0,tenant,-12.934274673461914,65.24479675292969,0.19824230670928955
tariff/voltage_off_matched,test,13,1,tenant,-14.053018569946289,69.55045318603516,0.20205506682395935
tariff/voltage_off_matched,test,13,2,tenant,-11.133624076843262,56.62065124511719,0.19663536548614502
tariff/voltage_off_matched,test,13,3,tenant,-13.55827522277832,68.10638427734375,0.19907499849796295
tariff/voltage_off_matched,test,13,4,tenant,-12.494881629943848,62.777862548828125,0.19903330504894257
tariff/voltage_off_matched,test,13,5,tenant,-13.383481979370117,67.26835632324219,0.19895648956298828
tariff/voltage_off_matched,test,13,6,pv_only,-8.21406364440918,94.4789810180664,0.08694063872098923
tariff/voltage_off_matched,test,13,7,pv_battery,31.269485473632812,77.69390106201172,-0.40247005224227905
tariff/voltage_off_matched,test,13,8,pv_battery,34.39084243774414,75.55756378173828,-0.455160915851593
tariff/voltage_off_matched,test,13,9,pv_battery,0.8569381237030029,85.78258514404297,-0.009989657439291477
tariff/voltage_off_matched,test,13,10,pv_only,22.575870513916016,79.85309600830078,-0.28271740674972534
tariff/voltage_off_matched,test,13,11,pv_battery,32.754947662353516,81.53446960449219,-0.40173137187957764
tariff/voltage_off_matched,test,13,12,large_flex,21.60979461669922,209.478759765625,-0.1031598150730133
tariff/voltage_off_matched,test,13,13,large_flex,36.558990478515625,191.4552459716797,-0.19095323979854584
tariff/voltage_off_matched,test,13,14,large_flex,29.066686630249023,195.6560821533203,-0.1485600471496582
tariff/voltage_off_matched,test,13,15,pv_battery,5.196056842803955,81.54383850097656,-0.06372102349996567
tariff/voltage_off_matched,test,13,16,pv_battery,29.256275177001953,75.5238037109375,-0.3873782157897949
tariff/voltage_off_matched,test,13,17,large_flex,34.546234130859375,235.9943084716797,-0.14638583362102509
tariff/voltage_off_matched,test,14,0,tenant,-9.475400924682617,64.54833984375,0.14679543673992157
tariff/voltage_off_matched,test,14,1,tenant,-7.09238338470459,54.62171173095703,0.1298454999923706
tariff/voltage_off_matched,test,14,2,tenant,-10.928094863891602,71.51648712158203,0.1528054028749466
tariff/voltage_off_matched,test,14,3,tenant,-8.900866508483887,63.19842529296875,0.14083991944789886
tariff/voltage_off_matched,test,14,4,tenant,-10.217315673828125,67.76394653320312,0.15077805519104004
tariff/voltage_off_matched,test,14,5,tenant,-9.701990127563477,65.76097106933594,0.14753417670726776
tariff/voltage_off_matched,test,14,6,pv_only,0.3688385486602783,81.26487731933594,-0.004538710694760084
tariff/voltage_off_matched,test,14,7,pv_battery,33.83530807495117,89.22527313232422,-0.37921223044395447
tariff/voltage_off_matched,test,14,8,pv_battery,34.365928649902344,70.50829315185547,-0.48740264773368835
tariff/voltage_off_matched,test,14,9,pv_battery,31.60721206665039,76.63369750976562,-0.4124452769756317
tariff/voltage_off_matched,test,14,10,pv_only,22.294328689575195,84.27347564697266,-0.26454752683639526
tariff/voltage_off_matched,test,14,11,pv_battery,32.790283203125,94.81993103027344,-0.34581640362739563
tariff/voltage_off_matched,test,14,12,large_flex,7.0848565101623535,196.64389038085938,-0.03602886572480202
tariff/voltage_off_matched,test,14,13,large_flex,32.138389587402344,204.53672790527344,-0.1571277230978012
tariff/voltage_off_matched,test,14,14,large_flex,8.734417915344238,219.083740234375,-0.03986794501543045
tariff/voltage_off_matched,test,14,15,pv_battery,33.550750732421875,77.27157592773438,-0.43419280648231506
tariff/voltage_off_matched,test,14,16,pv_battery,20.929515838623047,78.55946350097656,-0.26641619205474854
tariff/voltage_off_matched,test,14,17,large_flex,9.163976669311523,223.69619750976562,-0.040966156870126724
tariff/voltage_off_matched,test,15,0,tenant,-13.93325424194336,74.6938247680664,0.1865382194519043
tariff/voltage_off_matched,test,15,1,tenant,-11.86927318572998,65.07762908935547,0.1823863834142685
tariff/voltage_off_matched,test,15,2,tenant,-11.278743743896484,62.6085205078125,0.18014711141586304
tariff/voltage_off_matched,test,15,3,tenant,-11.287405967712402,62.717777252197266,0.17997141182422638
tariff/voltage_off_matched,test,15,4,tenant,-10.280495643615723,58.54052734375,0.17561322450637817
tariff/voltage_off_matched,test,15,5,tenant,-11.254341125488281,62.90364074707031,0.17891386151313782
tariff/voltage_off_matched,test,15,6,pv_only,10.734766006469727,89.89776611328125,-0.11941087245941162
tariff/voltage_off_matched,test,15,7,pv_battery,11.470479965209961,97.54315948486328,-0.11759393662214279
tariff/voltage_off_matched,test,15,8,pv_battery,34.79439163208008,72.86759948730469,-0.47750145196914673
tariff/voltage_off_matched,test,15,9,pv_battery,1.3253505229949951,86.77117156982422,-0.015274032950401306
tariff/voltage_off_matched,test,15,10,pv_only,13.330646514892578,75.73419952392578,-0.17601877450942993
tariff/voltage_off_matched,test,15,11,pv_battery,36.205482482910156,92.3165512084961,-0.3921884596347809
tariff/voltage_off_matched,test,15,12,large_flex,7.686764717102051,210.69766235351562,-0.03648245334625244
tariff/voltage_off_matched,test,15,13,large_flex,25.627620697021484,199.19363403320312,-0.12865687906742096
tariff/voltage_off_matched,test,15,14,large_flex,30.47828483581543,219.95993041992188,-0.1385629028081894
tariff/voltage_off_matched,test,15,15,pv_battery,30.571313858032227,102.40503692626953,-0.29853329062461853
tariff/voltage_off_matched,test,15,16,pv_battery,29.078907012939453,84.61502075195312,-0.34366127848625183
tariff/voltage_off_matched,test,15,17,large_flex,28.439775466918945,209.6678466796875,-0.13564202189445496
tariff/voltage_off_matched,test,16,0,tenant,-9.638860702514648,67.2093505859375,0.1434154212474823
tariff/voltage_off_matched,test,16,1,tenant,-6.891037940979004,54.931549072265625,0.12544773519039154
tariff/voltage_off_matched,test,16,2,tenant,-9.768205642700195,67.35568237304688,0.14502426981925964
tariff/voltage_off_matched,test,16,3,tenant,-8.425626754760742,62.17927551269531,0.1355053335428238
tariff/voltage_off_matched,test,16,4,tenant,-7.630041122436523,58.209693908691406,0.1310785561800003
tariff/voltage_off_matched,test,16,5,tenant,-7.540534496307373,57.75937271118164,0.1305508315563202
tariff/voltage_off_matched,test,16,6,pv_only,22.224220275878906,90.48619842529297,-0.2456091046333313
tariff/voltage_off_matched,test,16,7,pv_battery,21.63433265686035,92.22779846191406,-0.2345750331878662
tariff/voltage_off_matched,test,16,8,pv_battery,15.013580322265625,82.8550033569336,-0.18120305240154266
tariff/voltage_off_matched,test,16,9,pv_battery,27.439165115356445,94.79684448242188,-0.28945231437683105
tariff/voltage_off_matched,test,16,10,pv_only,16.303129196166992,98.70648193359375,-0.16516786813735962
tariff/voltage_off_matched,test,16,11,pv_battery,32.12395095825195,91.78949737548828,-0.3499741554260254
tariff/voltage_off_matched,test,16,12,large_flex,4.396807670593262,220.208740234375,-0.01996653527021408
tariff/voltage_off_matched,test,16,13,large_flex,-4.0975565910339355,186.87705993652344,0.021926477551460266
tariff/voltage_off_matched,test,16,14,large_flex,31.390132904052734,204.80606079101562,-0.15326760709285736
tariff/voltage_off_matched,test,16,15,pv_battery,31.94500732421875,85.46842956542969,-0.373763769865036
tariff/voltage_off_matched,test,16,16,pv_battery,33.852054595947266,73.39588165283203,-0.4612254202365875
tariff/voltage_off_matched,test,16,17,large_flex,19.492666244506836,205.97467041015625,-0.09463623911142349
tariff/voltage_off_matched,test,17,0,tenant,-3.490293025970459,62.53596496582031,0.05581256374716759
tariff/voltage_off_matched,test,17,1,tenant,-2.4235966205596924,58.3036994934082,0.04156847670674324
tariff/voltage_off_matched,test,17,2,tenant,-1.6015557050704956,53.944068908691406,0.029689181596040726
tariff/voltage_off_matched,test,17,3,tenant,-3.9481918811798096,65.78950500488281,0.06001248210668564
tariff/voltage_off_matched,test,17,4,tenant,-2.574021339416504,58.92573165893555,0.043682463467121124
tariff/voltage_off_matched,test,17,5,tenant,-3.623814582824707,63.63812255859375,0.05694407597184181
tariff/voltage_off_matched,test,17,6,pv_only,15.502344131469727,76.66487121582031,-0.2022092044353485
tariff/voltage_off_matched,test,17,7,pv_battery,29.450176239013672,85.16590118408203,-0.3457978069782257
tariff/voltage_off_matched,test,17,8,pv_battery,23.5543212890625,74.32854461669922,-0.3168947100639343
tariff/voltage_off_matched,test,17,9,pv_battery,29.137582778930664,82.66796875,-0.3524652421474457
tariff/voltage_off_matched,test,17,10,pv_only,15.069518089294434,80.77920532226562,-0.18655188381671906
tariff/voltage_off_matched,test,17,11,pv_battery,24.82395362854004,89.17574310302734,-0.2783711552619934
tariff/voltage_off_matched,test,17,12,large_flex,26.663827896118164,216.91053771972656,-0.12292549014091492
tariff/voltage_off_matched,test,17,13,large_flex,14.381836891174316,195.1348419189453,-0.07370205223560333
tariff/voltage_off_matched,test,17,14,large_flex,24.30202865600586,230.56500244140625,-0.10540208965539932
tariff/voltage_off_matched,test,17,15,pv_battery,30.625654220581055,81.8302001953125,-0.37425869703292847
tariff/voltage_off_matched,test,17,16,pv_battery,20.42384910583496,93.58142852783203,-0.21824677288532257
tariff/voltage_off_matched,test,17,17,large_flex,22.69794273376465,221.88687133789062,-0.10229510813951492
tariff/voltage_off_matched,test,18,0,tenant,-9.359455108642578,62.71976852416992,0.14922666549682617
tariff/voltage_off_matched,test,18,1,tenant,-9.412760734558105,63.05696105957031,0.14927391707897186
tariff/voltage_off_matched,test,18,2,tenant,-9.87407112121582,65.02294158935547,0.15185518562793732
tariff/voltage_off_matched,test,18,3,tenant,-9.285453796386719,61.90911865234375,0.1499851942062378
tariff/voltage_off_matched,test,18,4,tenant,-8.39881706237793,58.7082405090332,0.14306020736694336
tariff/voltage_off_matched,test,18,5,tenant,-11.253005027770996,70.38614654541016,0.15987536311149597
tariff/voltage_off_matched,test,18,6,pv_only,-8.56143569946289,88.58834075927734,0.09664303809404373
tariff/voltage_off_matched,test,18,7,pv_battery,26.63544464111328,88.07726287841797,-0.3024100065231323
tariff/voltage_off_matched,test,18,8,pv_battery,17.45404624938965,79.63178253173828,-0.21918442845344543
tariff/voltage_off_matched,test,18,9,pv_battery,32.42457962036133,78.36991119384766,-0.4137376546859741
tariff/voltage_off_matched,test,18,10,pv_only,22.68539810180664,73.76455688476562,-0.30753809213638306
tariff/voltage_off_matched,test,18,11,pv_battery,28.732362747192383,81.8764419555664,-0.3509233593940735
tariff/voltage_off_matched,test,18,12,large_flex,31.373716354370117,193.24049377441406,-0.16235584020614624
tariff/voltage_off_matched,test,18,13,large_flex,31.856796264648438,201.227294921875,-0.15831254422664642
tariff/voltage_off_matched,test,18,14,large_flex,32.1905517578125,223.53968811035156,-0.14400377869606018
tariff/voltage_off_matched,test,18,15,pv_battery,34.2679328918457,85.72362518310547,-0.3997490704059601
tariff/voltage_off_matched,test,18,16,pv_battery,33.18387985229492,85.09390258789062,-0.3899679183959961
tariff/voltage_off_matched,test,18,17,large_flex,-3.7455101013183594,197.70721435546875,0.01894472725689411
tariff/voltage_off_matched,test,19,0,tenant,-12.972403526306152,68.8856201171875,0.18831795454025269
tariff/voltage_off_matched,test,19,1,tenant,-10.851841926574707,59.58950424194336,0.1821097880601883
tariff/voltage_off_matched,test,19,2,tenant,-10.82131576538086,59.54359436035156,0.1817377656698227
tariff/voltage_off_matched,test,19,3,tenant,-10.669281005859375,59.20698928833008,0.18020303547382355
tariff/voltage_off_matched,test,19,4,tenant,-11.10331916809082,60.636199951171875,0.18311373889446259
tariff/voltage_off_matched,test,19,5,tenant,-9.392120361328125,53.75758361816406,0.1747124344110489
tariff/voltage_off_matched,test,19,6,pv_only,19.671842575073242,87.54927062988281,-0.22469450533390045
tariff/voltage_off_matched,test,19,7,pv_battery,36.44954299926758,80.59639739990234,-0.45224812626838684
tariff/voltage_off_matched,test,19,8,pv_battery,9.307437896728516,78.52198028564453,-0.1185329258441925
tariff/voltage_off_matched,test,19,9,pv_battery,14.032024383544922,99.7652359008789,-0.1406504362821579
tariff/voltage_off_matched,test,19,10,pv_only,25.214252471923828,84.8145980834961,-0.2972866892814636
tariff/voltage_off_matched,test,19,11,pv_battery,21.49565887451172,88.55309295654297,-0.2427431344985962
tariff/voltage_off_matched,test,19,12,large_flex,19.5598201751709,218.55616760253906,-0.08949559926986694
tariff/voltage_off_matched,test,19,13,large_flex,25.799667358398438,223.74449157714844,-0.11530861258506775
tariff/voltage_off_matched,test,19,14,large_flex,18.988765716552734,204.47276306152344,-0.09286694973707199
tariff/voltage_off_matched,test,19,15,pv_battery,8.801765441894531,73.83027648925781,-0.1192161962389946
tariff/voltage_off_matched,test,19,16,pv_battery,16.828046798706055,86.82530975341797,-0.19381499290466309
tariff/voltage_off_matched,test,19,17,large_flex,36.13271713256836,187.89639282226562,-0.19230130314826965
